entity_id,canonical_name,aliases,source_records,suggested_canonical,reason
Drug::13二甲基黄嘌呤,"1,3二甲基黄嘌呤","1,3二甲基黄嘌呤",1,,manual_review
Drug::1甲基4苄基吡啶,1-甲基-4-苄基吡啶,1-甲基-4-苄基吡啶,2,,manual_review
Drug::131i,131I,131I|碘-131,3,,manual_review
Drug::16o去甲基乌头次碱,16-O-去甲基乌头次碱,16-O-去甲基乌头次碱,1,,manual_review
Drug::16o去甲基乌头碱,16-O-去甲基乌头碱,16-O-去甲基乌头碱,1,,manual_review
Drug::17β雌二醇,17β雌二醇,17β雌二醇,1,,manual_review
Drug::18αgl,18α-GL,18α-GL,1,,manual_review
Drug::18α甘草次酸,18α-甘草次酸,18α-甘草次酸,1,,manual_review
Drug::18βgl,18β-GL,18β-GL,1,,manual_review
Drug::18β甘草次酸,18β-甘草次酸,18β-甘草次酸,2,,manual_review
Drug::18β甘草酸,18β-甘草酸,18β-甘草酸,1,,manual_review
Drug::2378四氯二苯并二噁英,"2,3,7,8-四氯二苯并二噁英","2,3,7,8-四氯二苯并二噁英",1,,manual_review
Drug::24二氨基嘧啶类药物,"2,4-二氨基嘧啶类药物","2,4-二氨基嘧啶类药物",1,,manual_review
Drug::24二羟基苯丙酸,"2,4-二羟基苯丙酸","2,4-二羟基苯丙酸",1,,manual_review
Drug::2乙酰苯甲酸,2-乙酰苯甲酸,2-乙酰苯甲酸,1,,manual_review
Drug::24乙酰泽泻醇,24-乙酰泽泻醇,24-乙酰泽泻醇,1,,manual_review
Drug::2fperacfuc,2FPerAcFuc,2FPerAcFuc,1,,manual_review
Drug::3硫酸雌酮,3-硫酸雌酮,3-硫酸雌酮,1,,manual_review
Drug::3tc,3TC,3TC,1,,manual_review
Drug::4'4''二羟基肠内酯,"4',4''-二羟基肠内酯","4',4''-二羟基肠内酯",1,,manual_review
Drug::4ipo,4-IPO,4-IPO,1,,manual_review
Drug::4羟托莫西汀,4-羟托莫西汀,4-羟托莫西汀,1,,manual_review
Drug::57二氢黄酮,"5,7-二氢黄酮","5,7-二氢黄酮",1,,manual_review
Drug::5fulv,5-FU/LV,5-FU/LV,1,,manual_review
Drug::5氟胞嘧啶,5-氟胞嘧啶,5-氟胞嘧啶,2,,manual_review
Drug::5氟脲嘧啶,5-氟脲嘧啶,5-氟脲嘧啶,1,,manual_review
Drug::5氨基水杨酸,5-氨基水杨酸,5-ASA|5-氨基水杨酸,9,,manual_review
Drug::5羟色胺再摄取抑制药,5-羟色胺再摄取抑制药,5-羟色胺再摄取抑制药,1,,manual_review
Drug::6丁香酚,6-丁香酚,6-丁香酚,1,,manual_review
Drug::6巯嘌呤,6-巯嘌呤,6-巯嘌呤,3,,manual_review
Drug::6巯基嘌呤,6-巯基嘌呤,6-巯基嘌呤,6,,manual_review
Drug::6硫嘌呤,6-硫嘌呤,6-硫嘌呤,1,,manual_review
Drug::6β羟基托品,6β-羟基托品,6β-羟基托品,1,,manual_review
Drug::7乙氧基试卤,7-乙氧基试卤,7-乙氧基试卤,1,,manual_review
Drug::7乙氧基香豆素,7-乙氧基香豆素,7-乙氧基香豆素,1,,manual_review
Drug::8羟基肉桂酸8o葡萄糖苷,8-羟基肉桂酸-8-O-葡萄糖苷,8-羟基肉桂酸-8-O-葡萄糖苷,1,,manual_review
Drug::84消毒液,84消毒液,84消毒液,1,,manual_review
Drug::9oh利培酮,9-OH利培酮,9-OH利培酮,1,,manual_review
Drug::9羟利培酮,9-羟利培酮,9-羟利培酮,1,,manual_review
Drug::99mtcida,99mTc-IDA,99mTc-IDA,1,,manual_review
Drug::abc,ABC,ABC,1,,manual_review
Drug::abcg2,ABCG2,ABCG2,1,,manual_review
Drug::acei,ACEI,ACEI,7,,manual_review
Drug::aceiarb类降压药,ACEI/ARB类降压药,ACEI/ARB类降压药,1,,manual_review
Drug::aceis,ACEIs,ACEIs,1,,manual_review
Drug::adhd药物,ADHD药物,ADHD药物,1,,manual_review
Drug::amx0035,AMX0035,AMX0035,2,,manual_review
Drug::apc,APC,APC,1,,manual_review
Drug::arb,ARB,ARB,5,,manual_review
Drug::arbs,ARBs,ARBs,1,,manual_review
Drug::arni,ARNI,ARNI,1,,manual_review
Drug::arnis,ARNIs,ARNIs,1,,manual_review
Drug::as101,AS-101,AS-101,1,,manual_review
Drug::asc22,ASC22,ASC22,1,,manual_review
Drug::asc41,ASC41,ASC41,2,,manual_review
Drug::asc41a,ASC41-A,ASC41-A,1,,manual_review
Drug::asc42,ASC42,ASC42,2,,manual_review
Drug::ast5902,AST5902,AST5902,1,,manual_review
Drug::az,AZ,AZ,2,,manual_review
Drug::azt,AZT,AZT,1,,manual_review
Drug::aclasta,Aclasta,Aclasta,1,,manual_review
Drug::acrosoxacin,Acrosoxacin,Acrosoxacin,1,,manual_review
Drug::aleviatin,Aleviatin,Aleviatin|Aleviatin注射液,1,,manual_review
Drug::asundexian,Asundexian,Asundexian,1,,manual_review
Drug::basi,BASI,BASI,1,,manual_review
Drug::bay1082439,BAY-1082439,BAY-1082439,1,,manual_review
Drug::bcg疫苗,BCG疫苗,BCG疫苗,1,,manual_review
Drug::bcrp,BCRP,BCRP,4,,manual_review
Drug::bdq,BDQ,BDQ,3,,manual_review
Drug::ber,BER,BER,1,,manual_review
Drug::bic,BIC,BIC,3,,manual_review
Drug::biktarvy,BIKTARVY,BIKTARVY,3,,manual_review
Drug::brukinsa,BRUKINSA,BRUKINSA,4,,manual_review
Drug::bictegravir,Bictegravir,Bictegravir,2,,manual_review
Drug::bitashimin,Bitashimin,Bitashimin|Bitashimin(Vc)注射液,1,,manual_review
Drug::buprenorphine,Buprenorphine,Buprenorphine|buprenorphine,2,,manual_review
Drug::buroakuto,Buroakuto,Buroakuto,1,,manual_review
Drug::butoxamine,Butoxamine,Butoxamine,1,,manual_review
Drug::cb1954,CB1954,CB1954,2,,manual_review
Drug::cci,CC-I,CC-I,1,,manual_review
Drug::ccb,CCB,CCB,1,,manual_review
Drug::cd3*cd19双抗,CD3*CD19双抗,CD3*CD19双抗,1,,manual_review
Drug::cf,CF,CF,1,,manual_review
Drug::ci1040,CI1040,CI1040,2,,manual_review
Drug::cobi,COBI,COBI,1,,manual_review
Drug::covid19免疫球蛋白,COVID-19免疫球蛋白,COVID-19免疫球蛋白,1,,manual_review
Drug::carisbamate,Carisbamate,Carisbamate,1,,manual_review
Drug::cilastatin,Cilastatin,Cilastatin,1,,manual_review
Drug::cilofexor,Cilofexor,Cilofexor,1,,manual_review
Drug::clothiapine,Clothiapine,Clothiapine,1,,manual_review
Drug::clozapine,Clozapine,Clozapine,1,,manual_review
Drug::d617,D-617,D-617,1,,manual_review
Drug::d800,D800,D800,1,,manual_review
Drug::daa,DAA,DAA,1,,manual_review
Drug::daas,DAAs,DAAs,2,,manual_review
Drug::dcv,DCV,DCV,1,,manual_review
Drug::dlm,DLM,DLM,2,,manual_review
Drug::dm6705,DM-6705,DM-6705,1,,manual_review
Drug::doac,DOAC,DOAC,2,,manual_review
Drug::dsp,DSP,DSP,1,,manual_review
Drug::dtg,DTG,DTG,2,,manual_review
Drug::delavirdine,Delavirdine,Delavirdine,1,,manual_review
Drug::e10oh去甲替林,E-10-OH-去甲替林,E-10-OH-去甲替林,1,,manual_review
Drug::e17βg,E17βG,E17βG,1,,manual_review
Drug::e3s,E3S,E3S,1,,manual_review
Drug::efv,EFV,EFV,2,,manual_review
Drug::egcg,EGCG,EGCG|表没食子儿茶素没食子酸酯,4,,manual_review
Drug::elexacaftor替扎卡托依伐卡托,Elexacaftor/替扎卡托/依伐卡托,Elexacaftor/替扎卡托/依伐卡托,2,,manual_review
Drug::enalapril,Enalapril,Enalapril,1,,manual_review
Drug::eryfer,Eryfer,Eryfer,1,,manual_review
Drug::esaxerenone,Esaxerenone,Esaxerenone,9,,manual_review
Drug::everolimus,Everolimus,Everolimus,1,,manual_review
Drug::f1,F1,F1,1,,manual_review
Drug::f8,F8,F8,1,,manual_review
Drug::fac,FAC,FAC,1,,manual_review
Drug::fk,FK,FK,2,,manual_review
Drug::fk506,FK506,FK506,5,,manual_review
Drug::fk778,FK778,FK778,3,,manual_review
Drug::flz,FLZ,FLZ,2,,manual_review
Drug::fty720,FTY720,FTY720,1,,manual_review
Drug::fasturtec,Fasturtec,Fasturtec,1,,manual_review
Drug::fulumarin,Fulumarin,Fulumarin,1,,manual_review
Drug::gaba,GABA,GABA,2,,manual_review
Drug::gf120918,GF120918,GF-120918|GF120918,2,,manual_review
Drug::glp1ra,GLP-1RA,GLP-1RA,1,,manual_review
Drug::gly,GLY,GLY,1,,manual_review
Drug::gmds,GMDS,GMDS,1,,manual_review
Drug::gqd,GQD,GQD,1,,manual_review
Drug::glysar,Gly-Sar,Gly-Sar,1,,manual_review
Drug::h1抗组胺药,H1抗组胺药,H1抗组胺药,1,,manual_review
Drug::h2抗组胺药,H2抗组胺药,H2抗组胺药,1,,manual_review
Drug::h37rv,H37Rv,H37Rv,1,,manual_review
Drug::hct,HCT,HCT,1,,manual_review
Drug::hiv治疗药物,HIV治疗药物,HIV治疗药物,1,,manual_review
Drug::harvoni,Harvoni,Harvoni,1,,manual_review
Drug::huanglian,Huang-Lian,Huang-Lian,1,,manual_review
Drug::ia类抗心律失常药,IA类抗心律失常药,IA类抗心律失常药,2,,manual_review
Drug::icslaba固定剂量组合,ICS/LABA固定剂量组合,ICS/LABA固定剂量组合,1,,manual_review
Drug::ifl,IFL,IFL,1,,manual_review
Drug::ifnα,IFN-α,IFN-α,2,,manual_review
Drug::ifnγ,IFN-γ,IFN-γ,1,,manual_review
Drug::ig105,IG-105,IG-105,8,,manual_review
Drug::iii类抗心律失常药,III类抗心律失常药,III类抗心律失常药,1,,manual_review
Drug::il2,IL-2,IL-2,1,,manual_review
Drug::invokamet,INVOKAMET,INVOKAMET,1,,manual_review
Drug::invokana,INVOKANA,INVOKANA,1,,manual_review
Drug::ibrexafungerp,Ibrexafungerp,Ibrexafungerp,2,,manual_review
Drug::ibrutinibnh2,Ibrutinib-NH2,Ibrutinib-NH2,1,,manual_review
Drug::imipenem,Imipenem,Imipenem,1,,manual_review
Drug::jbp485,JBP485,JBP485,1,,manual_review
Drug::jaydess,Jaydess,Jaydess,1,,manual_review
Drug::ket,KET,KET,1,,manual_review
Drug::kaletra,Kaletra,Kaletra,1,,manual_review
Drug::ketoconazole,Ketoconazole,Ketoconazole,1,,manual_review
Drug::ko134,Ko134,Ko134,1,,manual_review
Drug::ko143,Ko143,Ko143,2,,manual_review
Drug::kyleena,Kyleena,Kyleena,1,,manual_review
Drug::lamb,L-AmB,L-AmB,1,,manual_review
Drug::l多巴,L-多巴,L-多巴,1,,manual_review
Drug::l色氨酸,L-色氨酸,L-色氨酸,2,,manual_review
Drug::l1160,L1160,L1160,1,,manual_review
Drug::lbq657,LBQ657,LBQ657,1,,manual_review
Drug::ldv,LDV,LDV,3,,manual_review
Drug::ldvsof,LDV/SOF,LDV/SOF,1,,manual_review
Drug::lmwh,LMWH,LMWH,1,,manual_review
Drug::lngius,LNG-IUS,LNG-IUS,1,,manual_review
Drug::lpvr,LPV/r,LPV/r,3,,manual_review
Drug::lr,LR,LR,3,,manual_review
Drug::ltv,LTV,LTV,1,,manual_review
Drug::ly2409881,LY2409881,LY2409881,1,,manual_review
Drug::ly335979,LY335979,LY335979,1,,manual_review
Drug::labetolol,Labetolol,Labetolol,1,,manual_review
Drug::loxapin,Loxapin,Loxapin,1,,manual_review
Drug::m2,M2,M2,1,,manual_review
Drug::m8,M8,M8,2,,manual_review
Drug::maoi,MAOI,MAOI,1,,manual_review
Drug::mate1,MATE1,MATE1,1,,manual_review
Drug::mate2k,MATE2-K,MATE2-K,1,,manual_review
Drug::mk571,MK-571,MK-571,1,,manual_review
Drug::mmf,MMF,MMF|霉酚酸酯,1,,manual_review
Drug::mrp1,MRP1,MRP1,1,,manual_review
Drug::mrp2,MRP2,MRP2,2,,manual_review
Drug::metoproprolo,Metoproprolo,Metoproprolo,1,,manual_review
Drug::micafungin,Micafungin,Micafungin,1,,manual_review
Drug::mylantaⅱ,MylantaⅡ,MylantaⅡ,1,,manual_review
Drug::m胆碱酯酶药,M胆碱酯酶药,M胆碱酯酶药,1,,manual_review
Drug::n丁荃澳化东蓑若碱,N-丁荃澳化东蓑若碱,N-丁荃澳化东蓑若碱,1,,manual_review
Drug::n乙酰l谷氨酰胺,N-乙酰-L-谷氨酰胺,N-乙酰-L-谷氨酰胺,2,,manual_review
Drug::n乙酰半胱氨酸,N-乙酰半胱氨酸,N-乙酰半胱氨酸,4,,manual_review
Drug::n乙酰普鲁卡因胺,N-乙酰普鲁卡因胺,N-乙酰普鲁卡因胺,1,,manual_review
Drug::n去甲基丙吡胺,N-去甲基丙吡胺,N-去甲基丙吡胺,1,,manual_review
Drug::n去甲基托莫西汀,N-去甲基托莫西汀,N-去甲基托莫西汀,1,,manual_review
Drug::n甲基野靛碱,N-甲基野靛碱,N-甲基野靛碱,1,,manual_review
Drug::n脱丁基决奈达隆,N-脱丁基决奈达隆,N-脱丁基决奈达隆,1,,manual_review
Drug::nhc,NHC,NHC,1,,manual_review
Drug::nnrti,NNRTI,NNRTI,2,,manual_review
Drug::noacs,NOACs,NOACs,1,,manual_review
Drug::nph,NPH,NPH,1,,manual_review
Drug::nrti,NRTI,NRTI,1,,manual_review
Drug::nsaid,NSAID,NSAID,1,,manual_review
Drug::nsaids,NSAIDs,NSAIDs,3,,manual_review
Drug::ntcp,NTCP,NTCP,1,,manual_review
Drug::nvp,NVP,NVP,1,,manual_review
Drug::nw1689,NW-1689,NW-1689,1,,manual_review
Drug::nafazatram,Nafazatram,Nafazatram,1,,manual_review
Drug::n乙酰普鲁卡因酰胺,N乙酰普鲁卡因酰胺,N乙酰普鲁卡因酰胺,1,,manual_review
Drug::o去甲基文拉法辛,O-去甲基文拉法辛,O-去甲基文拉法辛,1,,manual_review
Drug::o去甲文拉法辛,O-去甲文拉法辛,O-去甲文拉法辛,1,,manual_review
Drug::oat1,OAT1,OAT1,1,,manual_review
Drug::oat3,OAT3,OAT3,1,,manual_review
Drug::oatp1b1,OATP1B1,OATP1B1,4,,manual_review
Drug::oatp1b3,OATP1B3,OATP1B3,3,,manual_review
Drug::oatps,OATPs,OATPs,1,,manual_review
Drug::obv,OBV,OBV,1,,manual_review
Drug::oct2,OCT2,OCT2,1,,manual_review
Drug::osi420,OSI-420,OSI-420,1,,manual_review
Drug::olestra,Olestra,Olestra,2,,manual_review
Drug::olorofim,Olorofim,Olorofim,1,,manual_review
Drug::pgpcyp3a4诱导剂,P-gp/CYP3A4诱导剂,P-gp/CYP3A4诱导剂,1,,manual_review
Drug::p糖蛋白,P-糖蛋白,P-gp|P-糖蛋白|P糖蛋白,8,,manual_review
Drug::p糖蛋白底物药物,P-糖蛋白底物药物,P-糖蛋白底物药物,1,,manual_review
Drug::pas,PAS,PAS,1,,manual_review
Drug::pasna,PAS-Na,PAS-Na,1,,manual_review
Drug::pax,PAX,PAX,1,,manual_review
Drug::peg化干扰素,PEG化干扰素,PEG化干扰素,1,,manual_review
Drug::pg,PG,PG,2,,manual_review
Drug::pgb,PGB,PGB,1,,manual_review
Drug::pi,PI,PI,1,,manual_review
Drug::pmd,PMD,PMD,2,,manual_review
Drug::pp121,PP-121,PP-121,1,,manual_review
Drug::ppd,PPD,PPD,1,,manual_review
Drug::ppi类,PPI类,PPI类,1,,manual_review
Drug::ppt,PPT,PPT,1,,manual_review
Drug::protac,PROTAC,PROTAC,1,,manual_review
Drug::psc833,PSC833,PSC833,1,,manual_review
Drug::ptv,PTV,PTV,1,,manual_review
Drug::pxr,PXR,PXR,2,,manual_review
Drug::paxlovid,Paxlovid,PAXLOVID|Paxlovid|paxlovid,41,,manual_review
Drug::pirenzepine,Pirenzepine,Pirenzepine,1,,manual_review
Drug::puremarin,Puremarin,Puremarin|静注用Puremarin,1,,manual_review
Drug::r华法林,R-华法林,R-华法林,2,,manual_review
Drug::r布洛芬,R-布洛芬,R-布洛芬,1,,manual_review
Drug::r普罗帕酮,R-普罗帕酮,R-普罗帕酮,1,,manual_review
Drug::r普萘洛尔,R-普萘洛尔,R-普萘洛尔,2,,manual_review
Drug::r123,R123,R123,1,,manual_review
Drug::ral,RAL,RAL,2,,manual_review
Drug::rb1,Rb1,Rb1,1,,manual_review
Drug::rb2,Rb2,Rb2,1,,manual_review
Drug::rc,Rc,Rc,1,,manual_review
Drug::rd,Rd,Rd,1,,manual_review
Drug::re,Re,Re,1,,manual_review
Drug::rf,Rf,Rf,1,,manual_review
Drug::rg1,Rg1,Rg1,1,,manual_review
Drug::rg2,Rg2,Rg2,1,,manual_review
Drug::rg3,Rg3,Rg3,1,,manual_review
Drug::rh1,Rh1,Rh1,1,,manual_review
Drug::rh2,Rh2,Rh2,2,,manual_review
Drug::rifabutin,Rifabutin,Rifabutin,1,,manual_review
Drug::r型华法令,R型华法令,R型华法令,1,,manual_review
Drug::s华法令,S-华法令,S-华法令,1,,manual_review
Drug::s华法林,S-华法林,S-华法林,9,,manual_review
Drug::s普罗帕酮,S-普罗帕酮,S-普罗帕酮,1,,manual_review
Drug::s普萘洛尔,S-普萘洛尔,S-普萘洛尔,2,,manual_review
Drug::s美芬妥英,S-美芬妥英,S-美芬妥英,2,,manual_review
Drug::sd,SD,SD,1,,manual_review
Drug::sglt2i,SGLT2i,SGLT2i,1,,manual_review
Drug::sht,SHT,SHT,1,,manual_review
Drug::sim,SIM,SIM,1,,manual_review
Drug::smki,SMKI,SMKI,1,,manual_review
Drug::smv,SMV,SMV,1,,manual_review
Drug::smz,SMZ,SMZ,22,,manual_review
Drug::smztmp,SMZ/TMP,SMZ-TMP|SMZ/TMP|SMZTMP,12,,manual_review
Drug::sm₁,SM₁,SM₁,1,,manual_review
Drug::sm₂,SM₂,SM₂,1,,manual_review
Drug::sn38,SN-38,SN-38,2,,manual_review
Drug::sof,SOF,SOF,3,,manual_review
Drug::sofldv,SOF/LDV,SOF/LDV,1,,manual_review
Drug::sofled,SOF/LED,SOF/LED,1,,manual_review
Drug::sofvel,SOF/VEL,SOF/VEL,1,,manual_review
Drug::ssris,SSRIs,SSRIs,1,,manual_review
Drug::st,ST,ST,1,,manual_review
Drug::siponimod,Siponimod,Siponimod,7,,manual_review
Drug::sovaldi,Sovaldi,Sovaldi,1,,manual_review
Drug::sparfloxacin,Sparfloxacin,Sparfloxacin,1,,manual_review
Drug::stribild,Stribild,Stribild,2,,manual_review
Drug::sulfafurazole,Sulfafurazole,Sulfafurazole,1,,manual_review
Drug::sulthiame,Sulthiame,Sulthiame,1,,manual_review
Drug::s型华法令,S型华法令,S型华法令,1,,manual_review
Drug::taf,TAF,TAF,2,,manual_review
Drug::tcdd,TCDD,TCDD,1,,manual_review
Drug::tdf,TDF,TDF,3,,manual_review
Drug::tfv,TFV,TFV,2,,manual_review
Drug::tmp,TMP,TMP,24,,manual_review
Drug::tmpsmx,TMP-SMX,TMP-SMX,2,,manual_review
Drug::tmz,TMZ,TMZ,3,,manual_review
Drug::tnf抑制药物,TNF抑制药物,TNF抑制药物,1,,manual_review
Drug::tqd,TQD,TQD,1,,manual_review
Drug::temafloxacin,Temafloxacin,Temafloxacin,2,,manual_review
Drug::tranylcypromine,Tranylcypromine,Tranylcypromine,1,,manual_review
Drug::tucidinostat,Tucidinostat,Tucidinostat,1,,manual_review
Drug::ugt2b7,UGT2B7,UGT2B7,4,,manual_review
Drug::vhl,VHL,VHL,1,,manual_review
Drug::voz,VOZ,VOZ,4,,manual_review
Drug::vp16,VP-16,VP-16|Vp-16,2,,manual_review
Drug::vrp,VRP,VRP,1,,manual_review
Drug::vitc,VitC,VitC,8,,manual_review
Drug::y101,Y101,Y101,3,,manual_review
Drug::zstk474,ZSTK474,ZSTK474,1,,manual_review
Drug::zalcitabine,Zalcitabine,Zalcitabine,1,,manual_review
Drug::zopiclone,Zopiclone,Zopiclone,1,,manual_review
Drug::amifostine,amifostine,amifostine,1,,manual_review
Drug::anidulafungin,anidulafungin,anidulafungin,1,,manual_review
Drug::atazanavir,atazanavir,atazanavir,4,,manual_review
Drug::bebtelovimab,bebtelovimab,bebtelovimab,1,,manual_review
Drug::berberine,berberine,berberine,2,,manual_review
Drug::betanaphthoflavone,beta-naphthoflavone,beta-naphthoflavone,1,,manual_review
Drug::blinatumomab,blinatumomab,blinatumomab,1,,manual_review
Drug::boceprevir,boceprevir,boceprevir,1,,manual_review
Drug::brotizolam,brotizolam,brotizolam,1,,manual_review
Drug::butazone,butazone,butazone,1,,manual_review
Drug::caspofungin,caspofungin,caspofungin,1,,manual_review
Drug::cefuroxime,cefuroxime,cefuroxime,1,,manual_review
Drug::clofibrate,clofibrate,clofibrate,1,,manual_review
Drug::cobicistat,cobicistat,cobicistat,3,,manual_review
Drug::coumestrol,coumestrol,coumestrol|考迈斯托醇,1,,manual_review
Drug::d筒箭毒碱,d-筒箭毒碱,d-筒箭毒碱,1,,manual_review
Drug::daidzein,daidzein,daidzein|大豆甙元,1,,manual_review
Drug::danicopan,danicopan,danicopan,2,,manual_review
Drug::darunavir,darunavir,darunavir,2,,manual_review
Drug::dasabuvir,dasabuvir,dasabuvir,1,,manual_review
Drug::didanosine,didanosine,didanosine,1,,manual_review
Drug::dipyrone,dipyrone,dipyrone,1,,manual_review
Drug::docetaxel,docetaxel,docetaxel,1,,manual_review
Drug::edrophonium,edrophonium,edrophonium,1,,manual_review
Drug::elacridar,elacridar,elacridar,6,,manual_review
Drug::elbasvir,elbasvir,elbasvir,2,,manual_review
Drug::erlotinib,erlotinib,erlotinib,1,,manual_review
Drug::estradiol17βglucuronide,estradiol-17β-glucuronide,estradiol-17β-glucuronide|雌二醇17b-葡萄糖醛酸苷,2,,manual_review
Drug::estrone3sulfate,estrone-3-sulfate,estrone-3-sulfate|雌酮-3-硫酸酯,2,,manual_review
Drug::ganetespib,ganetespib,ganetespib,1,,manual_review
Drug::genistein,genistein,genistein|染料木素,1,,manual_review
Drug::glasdegib,glasdegib,glasdegib,2,,manual_review
Drug::grazoprevir,grazoprevir,grazoprevir,2,,manual_review
Drug::halopefidol,halopefidol,halopefidol,1,,manual_review
Drug::halothane,halothane,halothane,1,,manual_review
Drug::ibuprofen,ibuprofen,ibuprofen,1,,manual_review
Drug::indinavir,indinavir,Indinavir|indinavir,2,,manual_review
Drug::indisulam,indisulam,indisulam,2,,manual_review
Drug::indomethacin,indomethacin,indomethacin,1,,manual_review
Drug::kaopectate,kaopectate,kaopectate,1,,manual_review
Drug::lisuride,lisuride,lisuride,2,,manual_review
Drug::lopinavir,lopinavir,lopinavir,2,,manual_review
Drug::m氯苯基哌嗪,m-氯苯基哌嗪,m-氯苯基哌嗪,1,,manual_review
Drug::maraviroc,maraviroc,Maraviroc|maraviroc,4,,manual_review
Drug::meropenem,meropenem,meropenem,1,,manual_review
Drug::mesulergine,mesulergine,mesulergine,1,,manual_review
Drug::methadone,methadone,methadone,1,,manual_review
Drug::metoprolol,metoprolol,metoprolol,1,,manual_review
Drug::mibefradil,mibefradil,mibefradil,3,,manual_review
Drug::miglustat,miglustat,miglustat,1,,manual_review
Drug::misonidazole,misonidazole,misonidazole,1,,manual_review
Drug::motixafortide,motixafortide,motixafortide,1,,manual_review
Drug::namefene,namefene,namefene,1,,manual_review
Drug::nelfinvir,nelfinvir,nelfinvir,1,,manual_review
Drug::nirmatrelvir,nirmatrelvir,nirmatrelvir,1,,manual_review
Drug::odevixibat,odevixibat,odevixibat,1,,manual_review
Drug::ombitasvir,ombitasvir,ombitasvir,1,,manual_review
Drug::omeprazole,omeprazole,omeprazole,1,,manual_review
Drug::paritaprevir,paritaprevir,paritaprevir,2,,manual_review
Drug::paroxetine,paroxetine,paroxetine,1,,manual_review
Drug::pergolide,pergolide,pergolide,1,,manual_review
Drug::phenobarbital,phenobarbital,phenobarbital,1,,manual_review
Drug::phenylbutazone,phenylbutazone,phenylbutazone,1,,manual_review
Drug::phenyramidol,phenyramidol,phenyramidol,1,,manual_review
Drug::piribedil,piribedil,piribedil,1,,manual_review
Drug::pluripotin,pluripotin,pluripotin,1,,manual_review
Drug::propranolol,propranolol,propranolol,1,,manual_review
Drug::ravuconazole,ravuconazole,ravuconazole,1,,manual_review
Drug::rezafungin,rezafungin,Rezafungin|rezafungin,2,,manual_review
Drug::ritonavir,ritonavir,Ritonavir|ritonavir,7,,manual_review
Drug::sorivudine,sorivudine,sorivudine,1,,manual_review
Drug::sulfasalazine,sulfasalazine,sulfasalazine|柳氮磺胺吡啶,2,,manual_review
Drug::tegafur,tegafur,tegafur,1,,manual_review
Drug::telaprevir,telaprevir,telaprevir,1,,manual_review
Drug::thiopental,thiopental,thiopental,1,,manual_review
Drug::tiapamil,tiapamil,tiapamil,1,,manual_review
Drug::tirzepatide,tirzepatide,tirzepatide,1,,manual_review
Drug::trofinetide,trofinetide,trofinetide,1,,manual_review
Drug::valspodar,valspodar,valspodar,1,,manual_review
Drug::venetoclax,venetoclax,venetoclax,2,,manual_review
Drug::vosoritide,vosoritide,vosoritide,1,,manual_review
Drug::warfarin,warfarin,warfarin,1,,manual_review
Drug::zilucoplan,zilucoplan,zilucoplan,1,,manual_review
Drug::α2a干扰素,α-2a干扰素,α-2a干扰素,1,,manual_review
Drug::α干扰素,α-干扰素,α-干扰素,7,,manual_review
Drug::α甲基多巴,α-甲基多巴,α-甲基多巴|α甲基多巴,3,,manual_review
Drug::α硫辛酸,α-硫辛酸,α-硫辛酸注射液,3,,manual_review
Drug::α糜蛋白酶,α-糜蛋白酶,α-糜蛋白酶,2,,manual_review
Drug::α萘基硫脲,α-萘基硫脲,α-萘基硫脲,1,,manual_review
Drug::α1受体阻滞药,α1受体阻滞药,α1受体阻滞药,2,,manual_review
Drug::α受体拮抗药,α受体拮抗药,α受体拮抗药,1,,manual_review
Drug::β乙酰地高辛,β-乙酰地高辛,β-乙酰地高辛,2,,manual_review
Drug::β内酰胺类,β-内酰胺类,β-内酰胺类,3,,manual_review
Drug::β环糊精,β-环糊精,β-环糊精,1,,manual_review
Drug::β肾上腺素阻断剂,β-肾上腺素阻断剂,β-肾上腺素阻断剂,1,,manual_review
Drug::β内酰胺类抗生素,β内酰胺类抗生素,β内酰胺类抗生素,1,,manual_review
Drug::β受体阻断剂,β受体阻断剂,β受体阻断剂,2,,manual_review
Drug::β胡萝卜素,β胡萝卜素,β胡萝卜素|β胡萝卜素胶囊,5,,manual_review
Drug::β雌二醇,β雌二醇,β雌二醇,1,,manual_review
Drug::γ羟基丁酸钠,γ-羟基丁酸钠,γ-羟基丁酸钠,1,,manual_review
Drug::ⅰa类抗心律失常药,ⅠA类抗心律失常药,ⅠA类抗心律失常药,1,,manual_review
Drug::ⅰ类抗心律失常药,Ⅰ类抗心律失常药,Ⅰ类抗心律失常药,1,,manual_review
Drug::ⅰ类抗心律失常药物,Ⅰ类抗心律失常药物,Ⅰ类抗心律失常药物,1,,manual_review
Drug::ⅲ类抗心律失常药,Ⅲ类抗心律失常药,Ⅲ类抗心律失常药,2,,manual_review
Drug::一捻金,一捻金,一捻金,1,,manual_review
Drug::一氧甲基红霉素,一氧甲基红霉素,一氧甲基红霉素,1,,manual_review
Drug::一甲基异丙肾上腺素,一甲基异丙肾上腺素,一甲基异丙肾上腺素,1,,manual_review
Drug::丁丙诺啡,丁丙诺啡,丁丙诺啡,7,,manual_review
Drug::丁二酸洛沙平,丁二酸洛沙平,丁二酸洛沙平胶囊,3,,manual_review
Drug::丁卡因,丁卡因,丁卡因,1,,manual_review
Drug::丁呋洛尔,丁呋洛尔,丁呋洛尔,2,,manual_review
Drug::丁哌卡因,丁哌卡因,丁哌卡因,1,,manual_review
Drug::丁尿胺,丁尿胺,丁尿胺,1,,manual_review
Drug::丁氧普鲁卡因,丁氧普鲁卡因,丁氧普鲁卡因滴眼液,1,,manual_review
Drug::丁氨苯丙胺,丁氨苯丙胺,丁氨苯丙胺,1,,manual_review
Drug::丁溴东莨菪碱,丁溴东莨菪碱,丁溴东莨菪碱|丁溴东莨菪碱注射液|丁溴东莨菪碱胶囊,13,,manual_review
Drug::丁溴酸东莨菪碱,丁溴酸东莨菪碱,丁溴酸东莨菪碱,1,,manual_review
Drug::丁澳东蓑若碱,丁澳东蓑若碱,丁澳东蓑若碱,1,,manual_review
Drug::丁环螺酮,丁环螺酮,丁环螺酮,1,,manual_review
Drug::丁胺卡拉霉素,丁胺卡拉霉素,丁胺卡拉霉素,4,,manual_review
Drug::丁胺卡那霉素,丁胺卡那霉素,丁胺卡那霉素,9,,manual_review
Drug::丁苯氧酸,丁苯氧酸,丁苯氧酸,5,,manual_review
Drug::丁苯氨酸,丁苯氨酸,丁苯氨酸,1,,manual_review
Drug::丁螺环酮,丁螺环酮,丁螺环酮,27,,manual_review
Drug::丁香,丁香,丁香,3,,manual_review
Drug::七氟烷,七氟烷,七氟烷,3,,manual_review
Drug::七氟醚,七氟醚,七氟醚,1,,manual_review
Drug::万古霉素,万古霉素,万古霉素|盐酸万古霉素,96,,manual_review
Drug::万拉法新,万拉法新,万拉法新,1,,manual_review
Drug::万拉法星,万拉法星,万拉法星,2,,manual_review
Drug::万拉法辛,万拉法辛,万拉法辛,1,,manual_review
Drug::三七,三七,三七,1,,manual_review
Drug::三七皂苷,三七皂苷,三七皂苷,2,,manual_review
Drug::三七粉,三七粉,三七粉,1,,manual_review
Drug::三乙酞竹桃霉素,三乙酞竹桃霉素,三乙酞竹桃霉素,1,,manual_review
Drug::三乙酰夹竹桃霉素,三乙酰夹竹桃霉素,三乙酰夹竹桃霉素,1,,manual_review
Drug::三乙酰竹桃霉素,三乙酰竹桃霉素,三乙酰竹桃霉素,2,,manual_review
Drug::三乙醇胺,三乙醇胺,三乙醇胺乳膏,3,,manual_review
Drug::三价灭活流感疫苗,三价灭活流感疫苗,三价灭活流感疫苗,4,,manual_review
Drug::三唑仑,三唑仑,三唑仑|三唑安定,87,,manual_review
Drug::三唑安定,三唑安定,三唑安定,1,,manual_review
Drug::三唑巴坦,三唑巴坦,三唑巴坦,21,,manual_review
Drug::三唑类抗真菌药物,三唑类抗真菌药物,三唑类抗真菌药物,2,,manual_review
Drug::三唑类药物,三唑类药物,三唑类药物,1,,manual_review
Drug::三棱,三棱,三棱,3,,manual_review
Drug::三氟乙基乙烯醚,三氟乙基乙烯醚,三氟乙基乙烯醚,1,,manual_review
Drug::三氟啦嗪,三氟啦嗪,三氟啦嗪,3,,manual_review
Drug::三氟噻吨,三氟噻吨,三氟噻吨,1,,manual_review
Drug::三氟拉嗪,三氟拉嗪,三氟拉嗪,2,,manual_review
Drug::三氟拉林,三氟拉林,三氟拉林,1,,manual_review
Drug::三氧化二砷,三氧化二砷,三氧化二砷,1,,manual_review
Drug::三氨喋呤,三氨喋呤,三氨喋呤,1,,manual_review
Drug::三氨碟呤,三氨碟呤,三氨碟呤,1,,manual_review
Drug::三氨苯喋啶,三氨苯喋啶,三氨苯喋啶,1,,manual_review
Drug::三氨苯蝶啶,三氨苯蝶啶,三氨苯蝶啶,1,,manual_review
Drug::三氯乙烯,三氯乙烯,三氯乙烯,1,,manual_review
Drug::三氯噻嗪,三氯噻嗪,三氯加塞腠|三氯噻嗪,1,,manual_review
Drug::三氯甲噻嗪,三氯甲噻嗪,三氯甲噻嗪,1,,manual_review
Drug::三环抗抑郁剂,三环抗抑郁剂,三环抗抑郁剂,1,,manual_review
Drug::三环抗抑郁药,三环抗抑郁药,三环抗抑郁药,5,,manual_review
Drug::三环类抗抑郁剂,三环类抗抑郁剂,三环类抗抑郁剂,1,,manual_review
Drug::三环类抗抑郁药,三环类抗抑郁药,TCAs|三环类抗抑郁药,19,,manual_review
Drug::三甲丙咪嗪,三甲丙咪嗪,三甲丙咪嗪,1,,manual_review
Drug::三甲双酮,三甲双酮,三甲双酮,1,,manual_review
Drug::三甲基胺,三甲基胺,三甲基胺,1,,manual_review
Drug::三甲氧苄氨嘧啶,三甲氧苄氨嘧啶,三甲氧苄氨嘧啶,2,,manual_review
Drug::三甲氧苄氨嘧啶磺胺甲异恶唑,三甲氧苄氨嘧啶-磺胺甲异恶唑,三甲氧苄氨嘧啶-磺胺甲异恶唑,1,,manual_review
Drug::三矽酸镁,三矽酸镁,三矽酸镁,2,,manual_review
Drug::三硅酸镁,三硅酸镁,三矽酸镁|三硅酸镁,9,,manual_review
Drug::三碘季胺酚,三碘季胺酚,三碘季胺酚,1,,manual_review
Drug::三碘季铵酚,三碘季铵酚,三碘季铵酚,3,,manual_review
Drug::三碘甲状腺原氨酸,三碘甲状腺原氨酸,三碘甲状腺原氨酸,1,,manual_review
Drug::三碘甲状腺氨酸,三碘甲状腺氨酸,三碘甲状腺氨酸,1,,manual_review
Drug::三维亚铁,三维亚铁,三维亚铁咀嚼片,3,,manual_review
Drug::三维葡磷钙,三维葡磷钙,三维葡磷钙咀嚼片,3,,manual_review
Drug::三维鱼肝油乳儿,三维鱼肝油乳儿,三维鱼肝油乳(儿),3,,manual_review
Drug::三苯氧胺,三苯氧胺,三苯氧胺,2,,manual_review
Drug::三黄泻心汤,三黄泻心汤,三黄泻心汤,1,,manual_review
Drug::丙卡巴肼,丙卡巴肼,丙卡巴肼,4,,manual_review
Drug::丙卡特罗,丙卡特罗,丙卡特罗,1,,manual_review
Drug::丙咪嗪,丙咪嗪,丙咪嗪,50,,manual_review
Drug::丙基硫氧嘧啶,丙基硫氧嘧啶,丙基硫氧嘧啶,3,,manual_review
Drug::丙基肾上腺素,丙基肾上腺素,丙基肾上腺素,1,,manual_review
Drug::丙异肾上腺素,丙异肾上腺素,丙异肾上腺素,1,,manual_review
Drug::丙戊酯,丙戊酯,丙戊酯,1,,manual_review
Drug::丙戊酰胺,丙戊酰胺,丙戊酰胺|丙戊酰胺片|丙戊酰胺胶囊,10,,manual_review
Drug::丙戊酰胺栓,丙戊酰胺栓,丙戊酰胺栓,3,,manual_review
Drug::丙戊酸,丙戊酸,VPA|丙戊酸,69,,manual_review
Drug::丙戊酸半钠,丙戊酸半钠,丙戊酸半钠,1,,manual_review
Drug::丙戊酸盐,丙戊酸盐,丙戊酸盐,19,,manual_review
Drug::丙戊酸钠口服溶液,丙戊酸钠口服溶液,丙戊酸钠口服溶液,3,,manual_review
Drug::丙戊酸钠缓释片ii,丙戊酸钠缓释片II,丙戊酸钠缓释片(II),2,,manual_review
Drug::丙戊酸镁,丙戊酸镁,丙戊酸镁|丙戊酸镁片,6,,manual_review
Drug::丙氟哌酸,丙氟哌酸,丙氟哌酸,2,,manual_review
Drug::丙氧吩,丙氧吩,丙氧吩,3,,manual_review
Drug::丙氧拉嗪,丙氧拉嗪,丙氧拉嗪,1,,manual_review
Drug::丙氧氨酚,丙氧氨酚,丙氧氨酚片,3,,manual_review
Drug::丙氧酚,丙氧酚,丙氧酚,1,,manual_review
Drug::丙泊酚,丙泊酚,丙泊酚|丙泊酚注射液,16,,manual_review
Drug::丙泊酚中长链脂肪乳,丙泊酚中/长链脂肪乳,丙泊酚中/长链脂肪乳注射液,3,,manual_review
Drug::丙烯吗啡,丙烯吗啡,丙烯吗啡,1,,manual_review
Drug::丙璜舒,丙璜舒,丙璜舒,1,,manual_review
Drug::丙硫异烟胺,丙硫异烟胺,丙硫异烟胺|丙硫异烟胺片|丙硫异烟胺肠溶片,10,,manual_review
Drug::丙硫氧嘧啶,丙硫氧嘧啶,丙硫氧嘧啶|丙硫氧嘧啶片|丙硫氧嘧啶肠溶片,11,,manual_review
Drug::丙硫氧嘧啶肠溶,丙硫氧嘧啶肠溶,丙硫氧嘧啶肠溶胶囊,3,,manual_review
Drug::丙磺舒,丙磺舒,probencid|丙磺舒|丙磺舒片|羧苯磺胺,316,,manual_review
Drug::丙磺酸,丙磺酸,丙磺酸,4,,manual_review
Drug::丙米嗪,丙米嗪,丙米嗪,12,,manual_review
Drug::丙胺太林,丙胺太林,丙胺太林,2,,manual_review
Drug::丙胺苯丙酮,丙胺苯丙酮,丙胺苯丙酮,1,,manual_review
Drug::丙谷胺,丙谷胺,丙谷胺|丙谷胺片|丙谷胺胶囊,9,,manual_review
Drug::丙酚替诺福韦,丙酚替诺福韦,丙酚替诺福韦,4,,manual_review
Drug::丙酸交沙霉素,丙酸交沙霉素,丙酸交沙霉素颗粒,3,,manual_review
Drug::丙酸倍氯米松气雾剂,丙酸倍氯米松气雾剂,丙酸倍氯米松气雾剂,3,,manual_review
Drug::丙酸氟替卡松,丙酸氟替卡松,丙酸氟替卡松,1,,manual_review
Drug::丙酸氟替卡松吸入气雾剂,丙酸氟替卡松吸入气雾剂,丙酸氟替卡松|丙酸氟替卡松吸入气雾剂,4,,manual_review
Drug::丙酸氟替卡松鼻,丙酸氟替卡松鼻,丙酸氟替卡松鼻喷雾剂,3,,manual_review
Drug::丙酸睾酮,丙酸睾酮,丙酸睾酮注射液,3,,manual_review
Drug::东山感冒,东山感冒,东山感冒片,3,,manual_review
Drug::东莨菪硷,东莨菪硷,东莨菪硷,1,,manual_review
Drug::东莨菪碱膜,东莨菪碱膜,东莨菪碱|东莨菪碱膜片,3,,manual_review
Drug::丝裂霉素,丝裂霉素,丝裂霉素|自力霉素,4,,manual_review
Drug::丝裂霉素c,丝裂霉素C,丝裂霉素C|自力霉素,3,,manual_review
Drug::两性霉素,两性霉素,两性霉素,6,,manual_review
Drug::两性霉素b,两性霉素B,AMB|两性霉素 B|两性霉素B,115,,manual_review
Drug::两性霉素b脂质体,两性霉素B脂质体,两性霉素B脂质体,1,,manual_review
Drug::中乌头碱,中乌头碱,中乌头碱,4,,manual_review
Drug::中枢性麻醉剂,中枢性麻醉剂,中枢性麻醉剂,2,,manual_review
Drug::中枢抑制药,中枢抑制药,中枢抑制药,1,,manual_review
Drug::中枢抗胆碱药,中枢抗胆碱药,中枢抗胆碱药,1,,manual_review
Drug::中枢神经抑制药,中枢神经抑制药,中枢神经抑制药,3,,manual_review
Drug::中研ⅰ号,中研Ⅰ号,中研Ⅰ号,1,,manual_review
Drug::中研ⅱ号,中研Ⅱ号,中研Ⅱ号,1,,manual_review
Drug::中草药,中草药,中草药,2,,manual_review
Drug::中药合剂,中药合剂,中药合剂,1,,manual_review
Drug::丹参,丹参,丹参,44,,manual_review
Drug::丹参乙醇提取物,丹参乙醇提取物,丹参乙醇提取物,2,,manual_review
Drug::丹参川芎嗪,丹参川芎嗪,丹参川芎嗪注射液,3,,manual_review
Drug::丹参提取物,丹参提取物,丹参提取物,3,,manual_review
Drug::丹参新酮,丹参新酮,丹参新酮,1,,manual_review
Drug::丹参水提取物,丹参水提取物,丹参水提取物,1,,manual_review
Drug::丹参素,丹参素,丹参素,8,,manual_review
Drug::丹参素钠,丹参素钠,丹参素钠,2,,manual_review
Drug::丹参酚酸a,丹参酚酸A,丹参酚酸A,1,,manual_review
Drug::丹参酮,丹参酮,丹参酮,1,,manual_review
Drug::丹参酮i,丹参酮I,丹参酮 I|丹参酮I,2,,manual_review
Drug::丹参酮iia,丹参酮IIA,丹参酮IIA,7,,manual_review
Drug::丹参酮iib,丹参酮IIB,丹参酮IIB,1,,manual_review
Drug::丹参酮ⅰ,丹参酮Ⅰ,丹参酮Ⅰ,6,,manual_review
Drug::丹参酮ⅱa,丹参酮ⅡA,丹参酮ⅡA,6,,manual_review
Drug::丹参酮ⅱa磺酸钠,丹参酮ⅡA磺酸钠,丹参酮ⅡA磺酸钠,2,,manual_review
Drug::丹参酮类,丹参酮类,丹参酮类,1,,manual_review
Drug::丹参酸,丹参酸,丹参酸,1,,manual_review
Drug::丹参酸b,丹参酸B,丹参酸B,3,,manual_review
Drug::丹曲林,丹曲林,dantrolene|丹曲林,2,,manual_review
Drug::丹曲林钠,丹曲林钠,丹曲林钠,2,,manual_review
Drug::丹曲洛林,丹曲洛林,丹曲洛林,1,,manual_review
Drug::丹红,丹红,丹红,1,,manual_review
Drug::丹诺普韦,丹诺普韦,丹诺普韦,2,,manual_review
Drug::丹诺瑞韦,丹诺瑞韦,丹诺瑞韦,1,,manual_review
Drug::丹酚酸b,丹酚酸B,丹酚酸B,4,,manual_review
Drug::丽珠肠乐,丽珠肠乐,丽珠肠乐,1,,manual_review
Drug::乌头,乌头,乌头,6,,manual_review
Drug::乌头原碱,乌头原碱,乌头原碱,1,,manual_review
Drug::乌头次碱,乌头次碱,乌头次碱,1,,manual_review
Drug::乌头生物碱,乌头生物碱,乌头生物碱,1,,manual_review
Drug::乌头碱,乌头碱,乌头碱,10,,manual_review
Drug::乌头类生物碱,乌头类生物碱,乌头类生物碱,1,,manual_review
Drug::乌布吉泮,乌布吉泮,乌布吉泮,1,,manual_review
Drug::乌帕替尼,乌帕替尼,乌帕替尼,2,,manual_review
Drug::乌拉地尔,乌拉地尔,乌拉地尔,4,,manual_review
Drug::乌拉坦,乌拉坦,乌拉坦,1,,manual_review
Drug::乌本苷,乌本苷,乌本苷,1,,manual_review
Drug::乌梅,乌梅,乌梅,6,,manual_review
Drug::乌洛托品,乌洛托品,乌洛托品|乌洛托品片,5,,manual_review
Drug::乌苯美司,乌苯美司,乌苯美司,2,,manual_review
Drug::乐卡地平,乐卡地平,乐卡地平,12,,manual_review
Drug::乐卡尼地平,乐卡尼地平,乐卡尼地平,1,,manual_review
Drug::乔松素,乔松素,乔松素,1,,manual_review
Drug::乘晕宁,乘晕宁,乘晕宁,31,,manual_review
Drug::乙内酰脲,乙内酰脲,乙内酰脲,2,,manual_review
Drug::乙吗噻嗪,乙吗噻嗪,乙吗噻嗪,1,,manual_review
Drug::乙基环丙沙星,乙基环丙沙星,乙基环丙沙星,1,,manual_review
Drug::乙基西梭霉素,乙基西梭霉素,乙基西梭霉素,1,,manual_review
Drug::乙基雌烯醇,乙基雌烯醇,乙基雌烯醇,1,,manual_review
Drug::乙氧基香豆素,乙氧基香豆素,乙氧基香豆素,1,,manual_review
Drug::乙炔雌二醇,乙炔雌二醇,乙炔雌二醇,6,,manual_review
Drug::乙炔雌二醇炔诺酮,乙炔雌二醇/炔诺酮,乙炔雌二醇/炔诺酮|含乙炔雌二醇及炔诺酮,1,,manual_review
Drug::乙烯雌二醇,乙烯雌二醇,乙烯雌二醇,1,,manual_review
Drug::乙环氧睫,乙环氧睫,乙环氧睫,1,,manual_review
Drug::乙琥胺,乙琥胺,乙琥胺,6,,manual_review
Drug::乙硫异烟胺,乙硫异烟胺,乙硫异烟胺,47,,manual_review
Drug::乙硫异菸胺,乙硫异菸胺,乙硫异菸胺,1,,manual_review
Drug::乙维氯诺,乙维氯诺,乙维氯诺,1,,manual_review
Drug::乙肝免疫球蛋白,乙肝免疫球蛋白,乙肝免疫球蛋白,1,,manual_review
Drug::乙胺丁醇,乙胺丁醇,EMB|乙胺丁醇,60,,manual_review
Drug::乙胺嘧啶,乙胺嘧啶,乙胺嘧啶,15,,manual_review
Drug::乙胺碘呋酮,乙胺碘呋酮,乙胺碘呋酮,31,,manual_review
Drug::乙苯醋胺,乙苯醋胺,乙苯醋胺,1,,manual_review
Drug::乙酰丙酸,乙酰丙酸,乙酰丙酸,1,,manual_review
Drug::乙酰半胱氨酸,乙酰半胱氨酸,乙酰半胱氨酸|乙酰半胱氨酸泡腾片|乙酰半胱氨酸注射液|乙酰半胱氨酸片|乙酰半胱氨酸胶囊|乙酰半胱氨酸颗粒,25,,manual_review
Drug::乙酰唑胺,乙酰唑胺,乙酰唑胺|乙酰唑胺片,29,,manual_review
Drug::乙酰异烟肼,乙酰异烟肼,乙酰异烟肼,1,,manual_review
Drug::乙酰毒毛旋花子甙,乙酰毒毛旋花子甙,乙酰毒毛旋花子甙,1,,manual_review
Drug::乙酰水杨酸,乙酰水杨酸,乙酰水杨酸,22,,manual_review
Drug::乙酰竹桃霉素,乙酰竹桃霉素,乙酰竹桃霉素,1,,manual_review
Drug::乙酰胆碱,乙酰胆碱,乙酰胆碱,4,,manual_review
Drug::乙酰苯磺脲,乙酰苯磺脲,乙酰苯磺脲,1,,manual_review
Drug::乙酰螺旋霉素,乙酰螺旋霉素,乙酰螺旋霉素|乙酰螺旋霉素片,18,,manual_review
Drug::乙酰麦迪霉素,乙酰麦迪霉素,乙酰麦迪霉素,1,,manual_review
Drug::乙醚,乙醚,乙醚,9,,manual_review
Drug::九价hpv疫苗,九价HPV疫苗,九价HPV疫苗,3,,manual_review
Drug::九味羌活颗粒无糖型,九味羌活颗粒无糖型,九味羌活颗粒(无糖型),3,,manual_review
Drug::乳果糖,乳果糖,乳果糖|乳果糖口服液,8,,manual_review
Drug::乳果糖口服溶液,乳果糖口服溶液,乳果糖口服溶液,3,,manual_review
Drug::乳清酸,乳清酸,乳清酸,4,,manual_review
Drug::乳糖酸红霉素,乳糖酸红霉素,乳糖酸红霉素,5,,manual_review
Drug::乳糖酸阿奇霉素,乳糖酸阿奇霉素,乳糖酸阿奇霉素,1,,manual_review
Drug::乳腺癌耐药蛋白,乳腺癌耐药蛋白,BCRP|乳腺癌耐药蛋白,3,,manual_review
Drug::乳酶生,乳酶生,乳酶生|乳酶生片,10,,manual_review
Drug::乳酸亚铁,乳酸亚铁,乳酸亚铁口服液|乳酸亚铁片,6,,manual_review
Drug::乳酸依沙吖啶溶液,乳酸依沙吖啶溶液,乳酸依沙吖啶溶液,3,,manual_review
Drug::乳酸司帕沙星,乳酸司帕沙星,乳酸司帕沙星片,3,,manual_review
Drug::乳酸左氧氟沙星,乳酸左氧氟沙星,乳酸左氧氟沙星片|乳酸左氧氟沙星胶囊,5,,manual_review
Drug::乳酸左氧氟沙星葡萄糖,乳酸左氧氟沙星葡萄糖,乳酸左氧氟沙星葡萄糖注射液,3,,manual_review
Drug::乳酸杆菌,乳酸杆菌,乳酸杆菌,1,,manual_review
Drug::乳酸林格氏液,乳酸林格氏液,乳酸林格氏液,1,,manual_review
Drug::乳酸环丙沙星,乳酸环丙沙星,乳酸环丙沙星,2,,manual_review
Drug::乳酸菌素,乳酸菌素,乳酸菌素片|乳酸菌素颗粒,6,,manual_review
Drug::乳酸钙,乳酸钙,乳酸钙|乳酸钙颗粒,4,,manual_review
Drug::乳酸钠,乳酸钠,乳酸钠,6,,manual_review
Drug::乳酸钠林格,乳酸钠林格,乳酸钠林格注射液,1,,manual_review
Drug::乳酸钠环丙沙星,乳酸钠环丙沙星,乳酸钠环丙沙星,1,,manual_review
Drug::乳香,乳香,乳香,1,,manual_review
Drug::二丙酸倍他米松,二丙酸倍他米松,二丙酸倍他米松乳膏,3,,manual_review
Drug::二代利福霉素,二代利福霉素,二代利福霉素,1,,manual_review
Drug::二十碳五烯酸乙酯,二十碳五烯酸乙酯,IPE|二十碳五烯酸乙酯,1,,manual_review
Drug::二天油,二天油,二天油,1,,manual_review
Drug::二巯丙醇,二巯丙醇,二巯丙醇,3,,manual_review
Drug::二性霉素,二性霉素,二性霉素,1,,manual_review
Drug::二性霉素b,二性霉素B,二性霉素B,9,,manual_review
Drug::二性霉素乙,二性霉素乙,二性霉素乙,1,,manual_review
Drug::二楚丙茶碱,二楚丙茶碱,二楚丙茶碱,1,,manual_review
Drug::二氟尼柳,二氟尼柳,二氟尼柳|二氟尼柳片,4,,manual_review
Drug::二氢丹参酮,二氢丹参酮,二氢丹参酮,2,,manual_review
Drug::二氢丹参酮ⅰ,二氢丹参酮Ⅰ,二氢丹参酮Ⅰ,3,,manual_review
Drug::二氢可待因酮,二氢可待因酮,二氢可待因酮,1,,manual_review
Drug::二氢杨梅素,二氢杨梅素,二氢杨梅素,8,,manual_review
Drug::二氢麦角碱,二氢麦角碱,二氢麦角碱,4,,manual_review
Drug::二氢麦角胺,二氢麦角胺,二氢麦角胺|口服二氢麦角胺,18,,manual_review
Drug::二氨嗪,二氨嗪,二氨嗪,1,,manual_review
Drug::二氮嗪,二氮嗪,二氮嗪,5,,manual_review
Drug::二氯乙酸二异丙胺,二氯乙酸二异丙胺,二氯乙酸二异丙胺胶囊,3,,manual_review
Drug::二甲双胍格列本脲,二甲双胍格列本脲,二甲双胍格列本脲片,3,,manual_review
Drug::二甲双胍格列本脲片i,二甲双胍格列本脲片I,二甲双胍格列本脲片(I),3,,manual_review
Drug::二甲双胍格列本脲片ⅰ,二甲双胍格列本脲片Ⅰ,二甲双胍格列本脲片(Ⅰ),3,,manual_review
Drug::二甲双胍格列本脲片ⅱ,二甲双胍格列本脲片Ⅱ,二甲双胍格列本脲片(Ⅱ),3,,manual_review
Drug::二甲双胍格列本脲胶囊i,二甲双胍格列本脲胶囊I,二甲双胍格列本脲胶囊(I),3,,manual_review
Drug::二甲双胍格列本脲胶囊ⅰ,二甲双胍格列本脲胶囊Ⅰ,二甲双胍格列本脲胶囊(Ⅰ),3,,manual_review
Drug::二甲双胍格列齐特,二甲双胍格列齐特,二甲双胍格列齐特片,3,,manual_review
Drug::二甲基硅油,二甲基硅油,二甲基硅油,3,,manual_review
Drug::二甲矽油,二甲矽油,二甲矽油,1,,manual_review
Drug::二甲胺四环素,二甲胺四环素,二甲胺四环素,1,,manual_review
Drug::二维三七桂利嗪,二维三七桂利嗪,二维三七桂利嗪胶囊,3,,manual_review
Drug::二羟丙茶碱,二羟丙茶碱,二羟丙茶碱|二羟丙茶碱注射液,7,,manual_review
Drug::二肽,二肽,二肽,1,,manual_review
Drug::二脱氧肌普,二脱氧肌普,二脱氧肌普,1,,manual_review
Drug::二苯乙内酰胺,二苯乙内酰胺,二苯乙内酰胺,3,,manual_review
Drug::二苯胺,二苯胺,二苯胺,2,,manual_review
Drug::五倍子,五倍子,五倍子,5,,manual_review
Drug::五味子丙素,五味子丙素,五味子丙素,2,,manual_review
Drug::五味子乙素,五味子乙素,五味子乙素,7,,manual_review
Drug::五味子乙醇提取物,五味子乙醇提取物,五味子乙醇提取物,1,,manual_review
Drug::五味子总木脂素,五味子总木脂素,五味子总木脂素,1,,manual_review
Drug::五味子提取物,五味子提取物,五味子提取物,5,,manual_review
Drug::五味子木脂素,五味子木脂素,五味子木脂素,7,,manual_review
Drug::五味子甲素,五味子甲素,五味子甲素,15,,manual_review
Drug::五味子粗多糖,五味子粗多糖,五味子粗多糖,1,,manual_review
Drug::五味子酯甲,五味子酯甲,五味子酯甲,16,,manual_review
Drug::五味子醇乙,五味子醇乙,五味子醇乙,9,,manual_review
Drug::五味子醇甲,五味子醇甲,五味子醇甲,7,,manual_review
Drug::五味子醋炙提取物,五味子醋炙提取物,五味子醋炙提取物,1,,manual_review
Drug::五味消毒饮,五味消毒饮,五味消毒饮,1,,manual_review
Drug::五氟利多,五氟利多,五氟利多|五氟利多片,4,,manual_review
Drug::五灵脂,五灵脂,五灵脂,48,,manual_review
Drug::五维牛磺酸口服溶液,五维牛磺酸口服溶液,五维牛磺酸口服溶液,3,,manual_review
Drug::五龙荣肌汤,五龙荣肌汤,五龙荣肌汤,1,,manual_review
Drug::五龙荣肌汤剂,五龙荣肌汤剂,五龙荣肌汤剂,1,,manual_review
Drug::亚叶酸,亚叶酸,亚叶酸,1,,manual_review
Drug::亚叶酸钙,亚叶酸钙,leucovorin|亚叶酸钙|亚叶酸钙片,6,,manual_review
Drug::亚叶酸钙氯化钠,亚叶酸钙氯化钠,亚叶酸钙氯化钠注射液,3,,manual_review
Drug::亚甲蓝,亚甲蓝,亚甲蓝,7,,manual_review
Drug::亚砷酸,亚砷酸,亚砷酸,2,,manual_review
Drug::亚硝酸盐类药物,亚硝酸盐类药物,亚硝酸盐类药物,1,,manual_review
Drug::亚硝酸酯,亚硝酸酯,亚硝酸酯,2,,manual_review
Drug::亚硝酸钠,亚硝酸钠,亚硝酸钠,1,,manual_review
Drug::亚胺培南,亚胺培南,亚胺培南,35,,manual_review
Drug::亚胺培南西司他丁,亚胺培南-西司他丁,亚胺培南-西司他丁|亚胺培南/西司他丁|亚胺培南西司他丁,11,,manual_review
Drug::亚胺培南西司他丁钠,亚胺培南/西司他丁钠,亚胺培南/西司他丁钠|亚胺培南西司他丁钠,3,,manual_review
Drug::亚胺培南西司他汀钠,亚胺培南/西司他汀钠,亚胺培南/西司他汀钠,1,,manual_review
Drug::交感神经节阻断剂,交感神经节阻断剂,交感神经节阻断剂,1,,manual_review
Drug::交感神经阻滞药,交感神经阻滞药,交感神经阻滞药,1,,manual_review
Drug::交沙霉素,交沙霉素,交沙霉素|交沙霉素片,39,,manual_review
Drug::产妇安,产妇安,产妇安颗粒,3,,manual_review
Drug::京大戟,京大戟,京大戟,4,,manual_review
Drug::京尼平,京尼平,京尼平,1,,manual_review
Drug::京尼平苷,京尼平苷,京尼平苷,1,,manual_review
Drug::亮丙瑞林,亮丙瑞林,亮丙瑞林,2,,manual_review
Drug::人二倍体细胞狂犬疫苗,人二倍体细胞狂犬疫苗,人二倍体细胞狂犬疫苗,1,,manual_review
Drug::人参,人参,人参,42,,manual_review
Drug::人参天麻药酒,人参天麻药酒,人参天麻药酒,3,,manual_review
Drug::人参提取物,人参提取物,人参提取物,4,,manual_review
Drug::人参汤,人参汤,人参汤,2,,manual_review
Drug::人参皂甙rc,人参皂甙Rc,人参皂甙Rc,1,,manual_review
Drug::人参皂甙rd,人参皂甙Rd,人参皂甙Rd,1,,manual_review
Drug::人参皂甙rf,人参皂甙Rf,人参皂甙Rf,1,,manual_review
Drug::人参皂苷,人参皂苷,人参皂苷,4,,manual_review
Drug::人参皂苷rb1,人参皂苷Rb1,人参皂苷Rb1,2,,manual_review
Drug::人参皂苷rc,人参皂苷Rc,人参皂苷Rc,2,,manual_review
Drug::人参皂苷rd,人参皂苷Rd,人参皂苷Rd,2,,manual_review
Drug::人参皂苷rh2,人参皂苷Rh2,人参皂苷 Rh2|人参皂苷Rh2,3,,manual_review
Drug::人孕烷x受体,人孕烷X受体,人孕烷X受体,1,,manual_review
Drug::人工牛黄,人工牛黄,人工牛黄,1,,manual_review
Drug::人工牛黄甲硝唑,人工牛黄甲硝唑,人工牛黄甲硝唑|人工牛黄甲硝唑胶囊,6,,manual_review
Drug::人血清白蛋白,人血清白蛋白,人血清白蛋白,1,,manual_review
Drug::人血白蛋白,人血白蛋白,人血白蛋白,3,,manual_review
Drug::人表皮生长因子凝胶,人表皮生长因子凝胶,人表皮生长因子凝胶,2,,manual_review
Drug::人造补血药,人造补血药,人造补血药,1,,manual_review
Drug::他克利,他克利,他克利,5,,manual_review
Drug::他克林,他克林,他克林,16,,manual_review
Drug::他克莫司,他克莫司,FK506|TAC|他克莫司|他克莫司胶囊|他克莫司软膏,338,,manual_review
Drug::他克莫斯,他克莫斯,他克莫斯,1,,manual_review
Drug::他卡西醇,他卡西醇,他卡西醇软膏,3,,manual_review
Drug::他可利,他可利,他可利,1,,manual_review
Drug::他唑巴坦,他唑巴坦,他唑巴坦,4,,manual_review
Drug::他喷他多,他喷他多,他喷他多,1,,manual_review
Drug::他巴唑,他巴唑,他巴唑,1,,manual_review
Drug::他扎罗汀,他扎罗汀,他扎罗汀乳膏,3,,manual_review
Drug::他拉唑帕利,他拉唑帕利,他拉唑帕利,1,,manual_review
Drug::他林洛尔,他林洛尔,他林洛尔,15,,manual_review
Drug::他汀类,他汀类,他汀类,1,,manual_review
Drug::他汀类药物,他汀类药物,他汀|他汀类药物,6,,manual_review
Drug::他索巴克坦,他索巴克坦,他索巴克坦,1,,manual_review
Drug::他索沙坦,他索沙坦,他索沙坦,1,,manual_review
Drug::他莫昔芬,他莫昔芬,他莫昔芬,41,,manual_review
Drug::他达拉非,他达拉非,他达拉非|他达拉非片,16,,manual_review
Drug::他达拉非片薄膜衣,他达拉非片薄膜衣,他达拉非片(薄膜衣片),2,,manual_review
Drug::他达那非,他达那非,他达那非,1,,manual_review
Drug::仙茅苷,仙茅苷,仙茅苷,5,,manual_review
Drug::代血浆类药,代血浆类药,代血浆类药,1,,manual_review
Drug::代谢产物,代谢产物,代谢产物,1,,manual_review
Drug::代赫石,代赫石,代赫石,1,,manual_review
Drug::件受体阻断剂,件受体阻断剂,件受体阻断剂,1,,manual_review
Drug::伊伐他汀,伊伐他汀,伊伐他汀,1,,manual_review
Drug::伊伐布雷定,伊伐布雷定,伊伐布雷定,10,,manual_review
Drug::伊布利特,伊布利特,伊布利特,1,,manual_review
Drug::伊布替尼,伊布替尼,Ibrutinib|伊布替尼,9,,manual_review
Drug::伊托必利,伊托必利,伊托必利,3,,manual_review
Drug::伊曲康唑,伊曲康唑,伊曲康唑|伊曲康唑分散片|伊曲康唑胶囊,371,,manual_review
Drug::伊格列净,伊格列净,伊格列净,1,,manual_review
Drug::伊沙佐米,伊沙佐米,伊沙佐米,1,,manual_review
Drug::伊洛前列素,伊洛前列素,伊洛前列素,1,,manual_review
Drug::伊潘立酮,伊潘立酮,伊潘立酮,2,,manual_review
Drug::伊班膦酸,伊班膦酸,伊班膦酸,2,,manual_review
Drug::伊班膦酸盐,伊班膦酸盐,伊班膦酸盐,1,,manual_review
Drug::伊班膦酸钠,伊班膦酸钠,伊班膦酸钠|伊班膦酸钠注射液,6,,manual_review
Drug::伊立替康,伊立替康,伊立替康,35,,manual_review
Drug::伊维菌素,伊维菌素,伊维菌素,3,,manual_review
Drug::伊诺沙星,伊诺沙星,伊诺沙星,2,,manual_review
Drug::伊马替尔,伊马替尔,伊马替尔,1,,manual_review
Drug::伊马替尼,伊马替尼,伊马替尼,28,,manual_review
Drug::伏格列波糖,伏格列波糖,伏格列波糖|伏格列波糖分散片|伏格列波糖咀嚼片|伏格列波糖片|伏格列波糖胶囊,34,,manual_review
Drug::伏氟沙明,伏氟沙明,伏氟沙明,2,,manual_review
Drug::伏立康唑,伏立康唑,伏立康唑|伏立康唑片|伏立康唑胶囊|注射用伏立康唑,313,,manual_review
Drug::伏美替尼,伏美替尼,伏美替尼,4,,manual_review
Drug::伏诺拉生,伏诺拉生,伏诺拉生,4,,manual_review
Drug::伏降宁,伏降宁,伏降宁,1,,manual_review
Drug::伐他汀,伐他汀,伐他汀,1,,manual_review
Drug::伐司扑达,伐司扑达,伐司扑达,2,,manual_review
Drug::伐司朴达,伐司朴达,伐司朴达,2,,manual_review
Drug::伐地那非,伐地那非,伐地那非,12,,manual_review
Drug::伐尼克兰,伐尼克兰,伐尼克兰,5,,manual_review
Drug::伐昔洛韦,伐昔洛韦,伐昔洛韦,2,,manual_review
Drug::优克龙,优克龙,优克龙,1,,manual_review
Drug::优立新,优立新,优立新,1,,manual_review
Drug::优降宁,优降宁,优降宁,32,,manual_review
Drug::优降灵,优降灵,优降灵,2,,manual_review
Drug::优降糖,优降糖,优降糖,14,,manual_review
Drug::优麦克司,优麦克司,优麦克司,2,,manual_review
Drug::伞形花内酯,伞形花内酯,伞形花内酯,1,,manual_review
Drug::传统中药,传统中药,传统中药,2,,manual_review
Drug::伤寒活菌疫苗,伤寒活菌疫苗,伤寒活菌疫苗,1,,manual_review
Drug::伤寒疫苗,伤寒疫苗,伤寒疫苗,1,,manual_review
Drug::伪麻黄碱,伪麻黄碱,伪麻黄碱,9,,manual_review
Drug::伯氨喹,伯氨喹,伯氨喹,2,,manual_review
Drug::伯氨喹啉,伯氨喹啉,伯氨喹啉,5,,manual_review
Drug::低分子肝素,低分子肝素,LMWH|低分子肝素,14,,manual_review
Drug::低分子肝素钙,低分子肝素钙,低分子肝素钙,2,,manual_review
Drug::低分子量肝素,低分子量肝素,低分子量肝素,1,,manual_review
Drug::低分子量肝素钙,低分子量肝素钙,低分子量肝素钙注射液,3,,manual_review
Drug::佐匹克隆,佐匹克隆,佐匹克隆,11,,manual_review
Drug::佐米曲坦,佐米曲坦,佐米曲坦,4,,manual_review
Drug::佐米曲普坦,佐米曲普坦,佐米曲普坦分散片|佐米曲普坦片,6,,manual_review
Drug::佐米曲普坦鼻,佐米曲普坦鼻,佐米曲普坦鼻喷雾剂,3,,manual_review
Drug::佐美酸,佐美酸,佐美酸,1,,manual_review
Drug::何首乌,何首乌,何首乌,5,,manual_review
Drug::佛手,佛手,佛手,2,,manual_review
Drug::佩尔地平,佩尔地平,佩尔地平,1,,manual_review
Drug::佩玛贝特,佩玛贝特,佩玛贝特,3,,manual_review
Drug::依他康唑,依他康唑,依他康唑,5,,manual_review
Drug::依他韦林,依他韦林,依他韦林,2,,manual_review
Drug::依伐卡托,依伐卡托,依伐卡托,3,,manual_review
Drug::依佛霉素,依佛霉素,依佛霉素,1,,manual_review
Drug::依克立达,依克立达,依克立达,4,,manual_review
Drug::依前列醇,依前列醇,依前列醇,1,,manual_review
Drug::依匹哌唑,依匹哌唑,依匹哌唑,1,,manual_review
Drug::依发韦仑,依发韦仑,依发韦仑,1,,manual_review
Drug::依地酸二钠,依地酸二钠,依地酸二钠,1,,manual_review
Drug::依多沙班,依多沙班,依多沙班,3,,manual_review
Drug::依巴司韦格佐普韦,依巴司韦/格佐普韦,依巴司韦/格佐普韦,1,,manual_review
Drug::依巴斯汀,依巴斯汀,依巴斯汀|依巴斯汀片,7,,manual_review
Drug::依度沙班,依度沙班,依度沙班,10,,manual_review
Drug::依托咪酯,依托咪酯,依托咪酯,4,,manual_review
Drug::依托度酸,依托度酸,依托度酸|依托度酸片,4,,manual_review
Drug::依托泊苷软,依托泊苷软,依托泊苷软胶囊,3,,manual_review
Drug::依托红霉素,依托红霉素,依托红霉素|依托红霉素片|依托红霉素颗粒,8,,manual_review
Drug::依托考昔,依托考昔,依托考昔|依托考昔片,9,,manual_review
Drug::依托芬那酯凝胶,依托芬那酯凝胶,依托芬那酯凝胶,3,,manual_review
Drug::依折麦布,依折麦布,依折麦布|依折麦布片,18,,manual_review
Drug::依拉地平,依拉地平,依拉地平,1,,manual_review
Drug::依普利农,依普利农,依普利农,1,,manual_review
Drug::依普利酮,依普利酮,依普利酮,7,,manual_review
Drug::依普沙坦,依普沙坦,依普沙坦,1,,manual_review
Drug::依普黄酮,依普黄酮,依普黄酮|依普黄酮胶囊,5,,manual_review
Drug::依曲康唑,依曲康唑,依曲康唑,9,,manual_review
Drug::依曲替脂,依曲替脂,依曲替脂,1,,manual_review
Drug::依曲替酯,依曲替酯,依曲替酯,2,,manual_review
Drug::依曲韦林,依曲韦林,依曲韦林,15,,manual_review
Drug::依替米星,依替米星,依替米星,8,,manual_review
Drug::依替膦酸,依替膦酸,依替膦酸,1,,manual_review
Drug::依替膦酸二钠,依替膦酸二钠,依替膦酸二钠,4,,manual_review
Drug::依来曲普坦,依来曲普坦,依来曲普坦,1,,manual_review
Drug::依法维伦,依法维伦,依法维伦,2,,manual_review
Drug::依法韦仑,依法韦仑,依法韦仑,22,,manual_review
Drug::依法韦伦,依法韦伦,依法韦伦,5,,manual_review
Drug::依泽替米贝,依泽替米贝,依泽替米贝,1,,manual_review
Drug::依洛尤单抗,依洛尤单抗,依洛尤单抗,3,,manual_review
Drug::依洛昔单抗,依洛昔单抗,依洛昔单抗,2,,manual_review
Drug::依立替康,依立替康,依立替康,3,,manual_review
Drug::依米他韦,依米他韦,依米他韦,6,,manual_review
Drug::依维他韦,依维他韦,依维他韦,1,,manual_review
Drug::依维莫司,依维莫司,依维莫司|依维莫司片,17,,manual_review
Drug::依西美坦,依西美坦,依西美坦片|依西美坦胶囊,6,,manual_review
Drug::依诺沙星,依诺沙星,ENX|依诺沙星|依诺沙星注射液|氟啶酸,97,,manual_review
Drug::依诺肝素,依诺肝素,依诺肝素,11,,manual_review
Drug::依诺肝素钠,依诺肝素钠,依诺肝素钠,1,,manual_review
Drug::依达拉奉,依达拉奉,依达拉奉|依达拉奉注射液,6,,manual_review
Drug::依达赛珠单抗,依达赛珠单抗,依达赛珠单抗,1,,manual_review
Drug::依非伟伦,依非伟伦,依非伟伦,1,,manual_review
Drug::依非韦仑,依非韦仑,EFV|依非韦仑,11,,manual_review
Drug::依非韦伦,依非韦伦,EFV|依非韦伦,46,,manual_review
Drug::依马替尼,依马替尼,依马替尼,1,,manual_review
Drug::依鲁替尼,依鲁替尼,依鲁替尼,1,,manual_review
Drug::侧柏,侧柏,侧柏,1,,manual_review
Drug::侧柏炭,侧柏炭,侧柏炭,2,,manual_review
Drug::促性腺激素,促性腺激素,促性腺激素,1,,manual_review
Drug::促甲状腺素,促甲状腺素,促甲状腺素,1,,manual_review
Drug::促皮质激素,促皮质激素,促皮质激素,1,,manual_review
Drug::促皮质激素释放激素,促皮质激素释放激素,促皮质激素释放激素,1,,manual_review
Drug::促皮质素,促皮质素,促皮质素,4,,manual_review
Drug::促红细胞生成素,促红细胞生成素,促红细胞生成素,2,,manual_review
Drug::促肾上腺皮质激素,促肾上腺皮质激素,促肾上腺皮质激素,21,,manual_review
Drug::保和,保和,保和丸,7,,manual_review
Drug::保和丸水,保和丸水,保和丸（水丸）,3,,manual_review
Drug::保喉,保喉,保喉片,3,,manual_review
Drug::保太松,保太松,保太松,19,,manual_review
Drug::保妇康凝胶,保妇康凝胶,保妇康凝胶,3,,manual_review
Drug::保妇康栓,保妇康栓,保妇康栓,3,,manual_review
Drug::保泰松,保泰松,phenylbutazone|保泰松|保泰松片,192,,manual_review
Drug::保钾利尿剂,保钾利尿剂,保钾利尿剂,10,,manual_review
Drug::保钾利尿药,保钾利尿药,保甲利尿药|保钾利尿药|保钾类利尿药,8,,manual_review
Drug::保钾剂,保钾剂,保钾剂,1,,manual_review
Drug::信尼麦,信尼麦,信尼麦,1,,manual_review
Drug::倍他洛尔,倍他洛尔,倍他洛尔,1,,manual_review
Drug::倍他环糊精,倍他环糊精,倍他环糊精,2,,manual_review
Drug::倍他米松,倍他米松,倍他米松|倍他米松片,4,,manual_review
Drug::倍他米松磷酸钠,倍他米松磷酸钠,倍他米松磷酸钠注射液,3,,manual_review
Drug::倍他米隆,倍他米隆,倍他米隆,4,,manual_review
Drug::倍他胡萝卜素,倍他胡萝卜素,倍他胡萝卜素咀嚼片,3,,manual_review
Drug::倍他胡萝卜素软,倍他胡萝卜素软,倍他胡萝卜素软胶囊,2,,manual_review
Drug::倍氯米松,倍氯米松,倍氯米松,4,,manual_review
Drug::健胃药,健胃药,健胃药,1,,manual_review
Drug::健脾解毒方,健脾解毒方,健脾解毒方,2,,manual_review
Drug::储钾利尿剂,储钾利尿剂,储钾利尿剂,1,,manual_review
Drug::催产素,催产素,催产素,1,,manual_review
Drug::催汤,催汤,催汤丸,3,,manual_review
Drug::催眠药,催眠药,催眠药,7,,manual_review
Drug::僵蚕,僵蚕,僵蚕,1,,manual_review
Drug::儿童维d钙,儿童维D钙,儿童维D钙咀嚼片,3,,manual_review
Drug::儿茶,儿茶,儿茶,1,,manual_review
Drug::儿茶素,儿茶素,儿茶素,1,,manual_review
Drug::儿茶酚胺,儿茶酚胺,儿茶酚胺,3,,manual_review
Drug::先诺特韦利托那韦,先诺特韦/利托那韦,先诺特韦/利托那韦,1,,manual_review
Drug::先锋霉素,先锋霉素,先锋霉素|头孢菌素类,12,,manual_review
Drug::先锋霉素i,先锋霉素I,先锋霉素I,2,,manual_review
Drug::先锋霉素ii,先锋霉素II,先锋霉素II,1,,manual_review
Drug::光敏感药,光敏感药,光敏感药,1,,manual_review
Drug::光果甘草定,光果甘草定,光果甘草定,1,,manual_review
Drug::克力芝,克力芝,克力芝,8,,manual_review
Drug::克唑替尼,克唑替尼,克唑替尼,10,,manual_review
Drug::克拉红霉素,克拉红霉素,克拉红霉素,1,,manual_review
Drug::克拉维酸,克拉维酸,克拉维酸|棒酸,33,,manual_review
Drug::克拉维酸钾,克拉维酸钾,克拉维酸钾,3,,manual_review
Drug::克拉霉素,克拉霉素,克拉霉素|克拉霉素分散片|克拉霉素片|克拉霉素缓释片|克拉霉素胶囊|克拉霉素颗粒|克红霉素,380,,manual_review
Drug::克拉霉素缓释,克拉霉素缓释,克拉霉素缓释胶囊,2,,manual_review
Drug::克敏能氯雷他定,克敏能氯雷他定,克敏能氯雷他定,1,,manual_review
Drug::克林沙星,克林沙星,克林沙星,5,,manual_review
Drug::克林霉素,克林霉素,克林霉素|克林霉素洗剂|氯林可霉素,60,,manual_review
Drug::克林霉素磷酸酯,克林霉素磷酸酯,克林霉素磷酸酯|克林霉素磷酸酯注射液,4,,manual_review
Drug::克林霉素磷酸酯凝胶,克林霉素磷酸酯凝胶,克林霉素磷酸酯凝胶,3,,manual_review
Drug::克林霉素磷酸酯氯化钠,克林霉素磷酸酯氯化钠,克林霉素磷酸酯氯化钠注射液,3,,manual_review
Drug::克林霉素磷酸酯葡萄糖,克林霉素磷酸酯葡萄糖,克林霉素磷酸酯葡萄糖注射液,3,,manual_review
Drug::克糖利,克糖利,克糖利,1,,manual_review
Drug::克红霉素,克红霉素,克红霉素,7,,manual_review
Drug::克霉唑阴道,克霉唑阴道,克霉唑阴道片,4,,manual_review
Drug::免疫球蛋白,免疫球蛋白,人免疫球蛋白|免疫球蛋白,6,,manual_review
Drug::兔抗人胸腺细胞免疫球蛋白,兔抗人胸腺细胞免疫球蛋白,兔抗人胸腺细胞免疫球蛋白,3,,manual_review
Drug::党参,党参,党参,6,,manual_review
Drug::党参多糖,党参多糖,党参多糖,1,,manual_review
Drug::全蝎,全蝎,全蝎,1,,manual_review
Drug::全血,全血,全血,1,,manual_review
Drug::全身麻醉药,全身麻醉药,全身麻醉药,1,,manual_review
Drug::全麻药,全麻药,全麻药,5,,manual_review
Drug::八宝眼膏,八宝眼膏,八宝眼膏,3,,manual_review
Drug::八正,八正,八正胶囊,3,,manual_review
Drug::八正颗粒无糖型,八正颗粒无糖型,八正颗粒(无糖型),3,,manual_review
Drug::八珍,八珍,八珍片,3,,manual_review
Drug::八珍丸浓缩,八珍丸浓缩,八珍丸(浓缩丸),3,,manual_review
Drug::八维钙锌,八维钙锌,八维钙锌片,3,,manual_review
Drug::八肽胆囊收缩素,八肽胆囊收缩素,八肽胆囊收缩素,1,,manual_review
Drug::六合维生素,六合维生素,六合维生素丸,3,,manual_review
Drug::六甲蜜胺,六甲蜜胺,六甲蜜胺,1,,manual_review
Drug::兰索拉唑,兰索拉唑,兰索拉唑|兰索拉唑片|兰索拉唑肠溶片|兰索拉唑胶囊,58,,manual_review
Drug::兰索拉唑肠溶,兰索拉唑肠溶,兰索拉唑肠溶胶囊,3,,manual_review
Drug::兴奋剂,兴奋剂,兴奋剂,1,,manual_review
Drug::其他,其他,其他乳膏,1,,manual_review
Drug::其他二价阳离子输注溶液,其他二价阳离子输注溶液,其他二价阳离子输注溶液,1,,manual_review
Drug::其他会引起潜在心律失常的药物,其他会引起潜在心律失常的药物,其他会引起潜在心律失常的药物,1,,manual_review
Drug::其他双膦酸盐药物,其他双膦酸盐药物,其他双膦酸盐药物,1,,manual_review
Drug::其他口腔含漱液,其他口腔含漱液,其他口腔含漱液,2,,manual_review
Drug::其他口腔用药,其他口腔用药,其他口腔用药,3,,manual_review
Drug::其他可能成瘾药,其他可能成瘾药,其他可能成瘾药,1,,manual_review
Drug::其他外用涂抹剂,其他外用涂抹剂,其他外用涂抹剂,1,,manual_review
Drug::其他外用药物,其他外用药物,其他外用药物,1,,manual_review
Drug::其他对骨髓抑制较强的药物,其他对骨髓抑制较强的药物,其他对骨髓抑制较强的药物,1,,manual_review
Drug::其他抗感冒药,其他抗感冒药,其他抗感冒药,2,,manual_review
Drug::其他滴眼剂,其他滴眼剂,其他滴眼剂,3,,manual_review
Drug::其他滴鼻剂,其他滴鼻剂,其他滴鼻剂,2,,manual_review
Drug::其他疫苗,其他疫苗,其他疫苗,1,,manual_review
Drug::其他眼药,其他眼药,其他眼药,1,,manual_review
Drug::其他糖尿病药物,其他糖尿病药物,其他糖尿病药物,1,,manual_review
Drug::其他药品,其他药品,其他药品,2,,manual_review
Drug::其他药物,其他药物,其他药物,19,,manual_review
Drug::其他血浆蛋白结合药物,其他血浆蛋白结合药物,其他血浆蛋白结合药物,1,,manual_review
Drug::其他解热镇痛药,其他解热镇痛药,其他解热镇痛药,1,,manual_review
Drug::其他金属盐,其他金属盐,其他金属盐,1,,manual_review
Drug::其他降糖药,其他降糖药,其他降糖药,2,,manual_review
Drug::其他降血糖药,其他降血糖药,其他降血糖药,1,,manual_review
Drug::其他非甾体类抗炎药,其他非甾体类抗炎药,其他非甾体类抗炎药,2,,manual_review
Drug::其他颗粒剂,其他颗粒剂,其他颗粒剂,1,,manual_review
Drug::养心汤,养心汤,养心汤,1,,manual_review
Drug::冠心平,冠心平,冠心平,1,,manual_review
Drug::冠心病药物,冠心病药物,冠心病药物,2,,manual_review
Drug::冰矾清毒生肌,冰矾清毒生肌,冰矾清毒生肌散,3,,manual_review
Drug::冰硼咽喉,冰硼咽喉,冰硼咽喉散,3,,manual_review
Drug::决奈达隆,决奈达隆,决奈达隆,24,,manual_review
Drug::冻干静注人免疫球蛋白ph4,冻干静注人免疫球蛋白pH4,冻干静注人免疫球蛋白(pH4),3,,manual_review
Drug::冻干静脉注射用人免疫球蛋白ph4,冻干静脉注射用人免疫球蛋白pH4,冻干静脉注射用人免疫球蛋白(pH4),3,,manual_review
Drug::减充血剂,减充血剂,减充血剂,1,,manual_review
Drug::减毒活流感疫苗,减毒活流感疫苗,减毒活流感疫苗,4,,manual_review
Drug::减毒活疫苗,减毒活疫苗,减毒活疫苗,1,,manual_review
Drug::凝血因子,凝血因子,凝血因子,6,,manual_review
Drug::凝血因子ix,凝血因子IX,凝血因子IX,1,,manual_review
Drug::凝血因子xa,凝血因子Xa,凝血因子Xa,1,,manual_review
Drug::凝血酶原复合物浓缩剂,凝血酶原复合物浓缩剂,凝血酶原复合物浓缩剂,8,,manual_review
Drug::凡德他尼,凡德他尼,凡德他尼,7,,manual_review
Drug::利他林,利他林,利他林,5,,manual_review
Drug::利伐沙班,利伐沙班,利伐沙班|利伐沙班片,101,,manual_review
Drug::利匹韦林,利匹韦林,RPV|利匹韦林,18,,manual_review
Drug::利哌酮,利哌酮,利哌酮,1,,manual_review
Drug::利培酮,利培酮,Risp|利培酮|利培酮分散片|利培酮口服液|利培酮片|利培酮胶囊,63,,manual_review
Drug::利培酮口崩,利培酮口崩,利培酮口崩片,3,,manual_review
Drug::利培酮口服溶液,利培酮口服溶液,利培酮口服溶液,3,,manual_review
Drug::利塞膦酸钠,利塞膦酸钠,利塞膦酸钠|利塞膦酸钠片,10,,manual_review
Drug::利复星,利复星,利复星,1,,manual_review
Drug::利多卡因,利多卡因,利多卡因,58,,manual_review
Drug::利多卡因凝胶贴膏,利多卡因凝胶贴膏,利多卡因凝胶贴膏,3,,manual_review
Drug::利多卡因气雾剂,利多卡因气雾剂,利多卡因气雾剂,2,,manual_review
Drug::利多卡因氯己定气雾剂,利多卡因氯己定气雾剂,利多卡因氯己定气雾剂,3,,manual_review
Drug::利多卡因氯已定气雾剂,利多卡因氯已定气雾剂,利多卡因氯已定气雾剂,3,,manual_review
Drug::利奈唑胺,利奈唑胺,利奈唑胺,44,,manual_review
Drug::利奥西呱,利奥西呱,利奥西呱,5,,manual_review
Drug::利妥昔单抗,利妥昔单抗,利妥昔单抗,3,,manual_review
Drug::利尿剂,利尿剂,利尿剂,32,,manual_review
Drug::利尿药,利尿药,利尿药,21,,manual_review
Drug::利尿酸,利尿酸,利尿酸,41,,manual_review
Drug::利尿酸药,利尿酸药,利尿酸药,1,,manual_review
Drug::利尿酸钠,利尿酸钠,利尿酸钠,4,,manual_review
Drug::利尿降压药,利尿降压药,利尿降压药,1,,manual_review
Drug::利巴韦林,利巴韦林,RBV|利巴韦林|利巴韦林分散片|利巴韦林注射液|利巴韦林滴眼液|利巴韦林片|利巴韦林颗粒,36,,manual_review
Drug::利巴韦林含,利巴韦林含,利巴韦林含片,2,,manual_review
Drug::利巴韦林泡腾,利巴韦林泡腾,利巴韦林泡腾颗粒,3,,manual_review
Drug::利托君,利托君,利托君,1,,manual_review
Drug::利托纳韦,利托纳韦,利托纳韦,8,,manual_review
Drug::利托那韦增效的pis,利托那韦增效的PIs,利托那韦增效的PIs,1,,manual_review
Drug::利拉利汀,利拉利汀,利拉利汀,8,,manual_review
Drug::利拉鲁肽,利拉鲁肽,利拉鲁肽,16,,manual_review
Drug::利格列汀,利格列汀,利格列汀,21,,manual_review
Drug::利比韦林,利比韦林,利比韦林,1,,manual_review
Drug::利眠宁,利眠宁,利眠宁,15,,manual_review
Drug::利福喷丁,利福喷丁,利福喷丁|利福喷丁胶囊,23,,manual_review
Drug::利福喷汀,利福喷汀,利福喷汀,7,,manual_review
Drug::利福布丁,利福布丁,利福布丁,11,,manual_review
Drug::利福布汀,利福布汀,Rfb|利福布汀|利福布汀胶囊,53,,manual_review
Drug::利福平,利福平,RFP|利福平|利福平片|利福平胶囊,793,,manual_review
Drug::利福昔明,利福昔明,利福昔明片,3,,manual_review
Drug::利福霉素,利福霉素,利福霉素,7,,manual_review
Drug::利福霉素类,利福霉素类,利福霉素类,1,,manual_review
Drug::利福霉素类药物,利福霉素类药物,利福霉素类药物,1,,manual_review
Drug::利纳西普,利纳西普,利纳西普,2,,manual_review
Drug::利美尼定,利美尼定,利美尼定,1,,manual_review
Drug::利舍平,利舍平,利舍平,3,,manual_review
Drug::利血平,利血平,利血平,74,,manual_review
Drug::利鲁唑,利鲁唑,利鲁唑|利鲁唑片,8,,manual_review
Drug::别嘌呤,别嘌呤,别嘌呤,8,,manual_review
Drug::别嘌呤醇,别嘌呤醇,别嘌呤醇,49,,manual_review
Drug::别嘌醇缓释,别嘌醇缓释,别嘌醇缓释胶囊,3,,manual_review
Drug::别嘌醇钠,别嘌醇钠,别嘌醇钠,1,,manual_review
Drug::别黄嘌呤,别黄嘌呤,别黄嘌呤,1,,manual_review
Drug::制乌头,制乌头,制乌头,1,,manual_review
Drug::制何首乌,制何首乌,制何首乌,1,,manual_review
Drug::制天南星,制天南星,制天南星,1,,manual_review
Drug::制川乌,制川乌,制川乌,5,,manual_review
Drug::制氧机,制氧机,制氧机,1,,manual_review
Drug::制酸剂,制酸剂,制酸剂,5,,manual_review
Drug::制酸药,制酸药,制酸药,10,,manual_review
Drug::制酸药物,制酸药物,制酸药物,2,,manual_review
Drug::制霉素阴道栓,制霉素阴道栓,制霉素阴道栓,3,,manual_review
Drug::制霉菌素,制霉菌素,制霉菌素,5,,manual_review
Drug::刺五加,刺五加,刺五加,1,,manual_review
Drug::刺激剂减轻充血剂,刺激剂/减轻充血剂,刺激剂/减轻充血剂,1,,manual_review
Drug::刺激性强的药物,刺激性强的药物,刺激性强的药物,1,,manual_review
Drug::刺芒柄花素,刺芒柄花素,刺芒柄花素,2,,manual_review
Drug::前列地尔,前列地尔,前列地尔,4,,manual_review
Drug::前列腺素e1,前列腺素E1,前列腺素E1,1,,manual_review
Drug::前列腺素e类似药,前列腺素E类似药,前列腺素E类似药,1,,manual_review
Drug::前列腺药物,前列腺药物,前列腺药物,1,,manual_review
Drug::前列解毒,前列解毒,前列解毒胶囊,3,,manual_review
Drug::前胡,前胡,前胡,4,,manual_review
Drug::加兰他敏,加兰他敏,加兰他敏,1,,manual_review
Drug::加兰它敏,加兰它敏,加兰它敏,1,,manual_review
Drug::加巴喷丁,加巴喷丁,加巴喷丁|加巴喷丁胶囊,15,,manual_review
Drug::加替沙星,加替沙星,加替沙星|加替沙星注射液|加替沙星滴眼液|加替沙星片|加替沙星胶囊,39,,manual_review
Drug::加替沙星氯化钠,加替沙星氯化钠,加替沙星氯化钠注射液,3,,manual_review
Drug::加替沙星眼用凝胶,加替沙星眼用凝胶,加替沙星眼用凝胶,3,,manual_review
Drug::加替沙星葡萄糖,加替沙星葡萄糖,加替沙星葡萄糖注射液,3,,manual_review
Drug::加衡,加衡,加衡,1,,manual_review
Drug::动物胰岛素,动物胰岛素,动物胰岛素,1,,manual_review
Drug::劳布芬,劳布芬,劳布芬,1,,manual_review
Drug::劳拉西泮,劳拉西泮,劳拉西泮|氯羟安定,14,,manual_review
Drug::化学疗法药物,化学疗法药物,化学疗法药物,1,,manual_review
Drug::化疗药,化疗药,化疗药,1,,manual_review
Drug::化疗药物,化疗药物,化疗药物,1,,manual_review
Drug::化痰平喘,化痰平喘,化痰平喘片,2,,manual_review
Drug::化痰药,化痰药,化痰药,1,,manual_review
Drug::北沙参,北沙参,北沙参,3,,manual_review
Drug::北豆根,北豆根,北豆根滴丸,3,,manual_review
Drug::匹伐他汀,匹伐他汀,pitavastatin|匹伐他汀,42,,manual_review
Drug::匹伐他汀钙,匹伐他汀钙,匹伐他汀钙分散片|匹伐他汀钙片,4,,manual_review
Drug::匹多莫德口服溶液,匹多莫德口服溶液,匹多莫德口服溶液,3,,manual_review
Drug::匹氨青霉素,匹氨青霉素,匹氨青霉素,1,,manual_review
Drug::匹维溴铵,匹维溴铵,匹维溴铵片,3,,manual_review
Drug::匹莫林,匹莫林,匹莫林,2,,manual_review
Drug::匹莫范色林,匹莫范色林,匹莫范色林,1,,manual_review
Drug::匹莫齐特,匹莫齐特,匹莫齐特,20,,manual_review
Drug::匹鲁卡品,匹鲁卡品,匹鲁卡品,1,,manual_review
Drug::医用玻璃酸钠凝胶,医用玻璃酸钠凝胶,医用玻璃酸钠凝胶,3,,manual_review
Drug::十一烯酸,十一烯酸,十一烯酸,1,,manual_review
Drug::十一酸睾酮胶,十一酸睾酮胶,十一酸睾酮胶丸,3,,manual_review
Drug::十烃季铵,十烃季铵,十烃季铵,1,,manual_review
Drug::十烷双铵,十烷双铵,十烷双铵,1,,manual_review
Drug::升汞,升汞,升汞,2,,manual_review
Drug::半合成青霉素,半合成青霉素,半合成青霉素,1,,manual_review
Drug::半夏,半夏,半夏,6,,manual_review
Drug::半夏白术天麻汤,半夏白术天麻汤,半夏白术天麻汤,2,,manual_review
Drug::半夏露,半夏露,半夏露,2,,manual_review
Drug::半枝莲,半枝莲,半枝莲|半枝莲片,4,,manual_review
Drug::华山参,华山参,华山参,1,,manual_review
Drug::华法林钠,华法林钠,华法林钠|华法林钠片,7,,manual_review
Drug::华法林钾,华法林钾,华法林钾,1,,manual_review
Drug::华法灵,华法灵,华法灵,1,,manual_review
Drug::华蟾毒精,华蟾毒精,华蟾毒精,1,,manual_review
Drug::单价乙肝疫苗,单价乙肝疫苗,单价乙肝疫苗,1,,manual_review
Drug::单价甲肝疫苗,单价甲肝疫苗,单价甲肝疫苗,1,,manual_review
Drug::单核细胞增多性李斯特菌,单核细胞增多性李斯特菌,单核细胞增多性李斯特菌,1,,manual_review
Drug::单氯芬那酸,单氯芬那酸,单氯芬那酸片,3,,manual_review
Drug::单盐酸氟西泮,单盐酸氟西泮,单盐酸氟西泮胶囊,3,,manual_review
Drug::单硝酸异山梨酯氯化钠,单硝酸异山梨酯氯化钠,单硝酸异山梨酯氯化钠注射液,3,,manual_review
Drug::单硝酸异山梨酯缓释,单硝酸异山梨酯缓释,单硝酸异山梨酯缓释胶囊,3,,manual_review
Drug::单硝酸异山梨酯缓释胶囊i,单硝酸异山梨酯缓释胶囊I,单硝酸异山梨酯缓释胶囊(I),2,,manual_review
Drug::单硝酸异山梨酯缓释胶囊iv,单硝酸异山梨酯缓释胶囊IV,单硝酸异山梨酯缓释胶囊(IV),3,,manual_review
Drug::单硝酸异山梨酯缓释胶囊ⅰ,单硝酸异山梨酯缓释胶囊Ⅰ,单硝酸异山梨酯缓释胶囊(Ⅰ),3,,manual_review
Drug::单硝酸异山梨酯缓释胶囊ⅱ,单硝酸异山梨酯缓释胶囊Ⅱ,单硝酸异山梨酯缓释胶囊(Ⅱ),3,,manual_review
Drug::单硝酸异山梨酯缓释胶囊ⅲ,单硝酸异山梨酯缓释胶囊Ⅲ,单硝酸异山梨酯缓释胶囊(Ⅲ),3,,manual_review
Drug::单硝酸异山梨酯胶,单硝酸异山梨酯胶,单硝酸异山梨酯胶丸,3,,manual_review
Drug::单硝酸异山梨酯胶囊山苏,单硝酸异山梨酯胶囊山苏,单硝酸异山梨酯胶囊(山苏),3,,manual_review
Drug::单硝酸异山梨酯葡萄糖,单硝酸异山梨酯葡萄糖,单硝酸异山梨酯葡萄糖注射液,3,,manual_review
Drug::单胺氧化酶抑制药,单胺氧化酶抑制药,单胺氧化酶抑制药,1,,manual_review
Drug::南五味子提取物,南五味子提取物,南五味子提取物,1,,manual_review
Drug::南星,南星,南星,1,,manual_review
Drug::南沙参,南沙参,南沙参,4,,manual_review
Drug::南蛇藤素,南蛇藤素,南蛇藤素,1,,manual_review
Drug::南诺龙,南诺龙,南诺龙,1,,manual_review
Drug::博利康尼,博利康尼,博利康尼,1,,manual_review
Drug::博来霉素,博来霉素,博来霉素,3,,manual_review
Drug::博沙康唑,博沙康唑,博沙康唑,1,,manual_review
Drug::博舒替尼,博舒替尼,博舒替尼,5,,manual_review
Drug::博莱霉素,博莱霉素,博莱霉素,2,,manual_review
Drug::博西泼韦,博西泼韦,博西泼韦,4,,manual_review
Drug::卡介苗,卡介苗,卡介苗,1,,manual_review
Drug::卡利拉嗪,卡利拉嗪,卡利拉嗪,1,,manual_review
Drug::卡前列素氨丁三醇,卡前列素氨丁三醇,卡前列素氨丁三醇注射液,3,,manual_review
Drug::卡地洛尔,卡地洛尔,卡地洛尔,1,,manual_review
Drug::卡培他滨,卡培他滨,卡培他滨|卡培他滨片,15,,manual_review
Drug::卡巴他赛,卡巴他赛,卡巴他赛,1,,manual_review
Drug::卡巴咪嗪,卡巴咪嗪,卡巴咪嗪,1,,manual_review
Drug::卡巴拉汀,卡巴拉汀,卡巴拉汀,1,,manual_review
Drug::卡巴肼,卡巴肼,卡巴肼,1,,manual_review
Drug::卡巴西平,卡巴西平,卡巴西平,2,,manual_review
Drug::卡托普利,卡托普利,Captopril|卡托普利|卡托普利片|巯甲丙脯酸|开搏通|甲巯丙脯酸,40,,manual_review
Drug::卡拉霉素,卡拉霉素,卡拉霉素,3,,manual_review
Drug::卡替洛尔,卡替洛尔,卡替洛尔,1,,manual_review
Drug::卡格列净,卡格列净,卡格列净,7,,manual_review
Drug::卡比多巴,卡比多巴,卡比多巴,14,,manual_review
Drug::卡氨芥,卡氨芥,卡氨芥,1,,manual_review
Drug::卡氮芥,卡氮芥,卡氮芥,12,,manual_review
Drug::卡泊三醇,卡泊三醇,卡泊三醇|卡泊三醇软膏,5,,manual_review
Drug::卡泊芬净,卡泊芬净,卡泊芬净,26,,manual_review
Drug::卡维地洛,卡维地洛,carvedilol|卡维地洛|卡维地洛片,31,,manual_review
Drug::卡莫斯汀,卡莫斯汀,卡莫斯汀,1,,manual_review
Drug::卡那霉素,卡那霉素,卡那霉素|硫酸卡那霉素,74,,manual_review
Drug::卡那霉素b,卡那霉素B,卡那霉素B,1,,manual_review
Drug::卡铂,卡铂,卡铂|卡铂注射液,15,,manual_review
Drug::卡非佐米,卡非佐米,卡非佐米,1,,manual_review
Drug::卡马替尼,卡马替尼,capmatinib|卡马替尼,2,,manual_review
Drug::卡麦角林,卡麦角林,卡麦角林,1,,manual_review
Drug::卢卡帕利,卢卡帕利,卢卡帕利,1,,manual_review
Drug::卢帕他定,卢帕他定,卢帕他定,3,,manual_review
Drug::卢美哌隆,卢美哌隆,卢美哌隆,2,,manual_review
Drug::卤泛群,卤泛群,卤泛群,2,,manual_review
Drug::卤芬酯,卤芬酯,卤芬酯,1,,manual_review
Drug::印地那韦,印地那韦,印地那韦,4,,manual_review
Drug::卵磷脂络合碘,卵磷脂络合碘,卵磷脂络合碘胶囊,3,,manual_review
Drug::卷曲霉素,卷曲霉素,卷曲霉素,6,,manual_review
Drug::厄他培南,厄他培南,厄他培南,21,,manual_review
Drug::厄多司坦,厄多司坦,厄多司坦胶囊,3,,manual_review
Drug::厄洛替尼,厄洛替尼,厄洛替尼|特罗凯,35,,manual_review
Drug::厄贝替尼,厄贝替尼,厄贝替尼,1,,manual_review
Drug::厄贝沙坦,厄贝沙坦,伊贝沙坦片|厄贝沙坦|厄贝沙坦分散片|厄贝沙坦片|厄贝沙坦胶囊,27,,manual_review
Drug::厄贝沙坦氢氯噻嗪,厄贝沙坦氢氯噻嗪,厄贝沙坦氢氯噻嗪|厄贝沙坦氢氯噻嗪胶囊,4,,manual_review
Drug::厚朴,厚朴,厚朴,6,,manual_review
Drug::厚朴三物汤,厚朴三物汤,厚朴三物汤,1,,manual_review
Drug::厚朴大黄汤,厚朴大黄汤,厚朴大黄汤,1,,manual_review
Drug::厚朴酚,厚朴酚,厚朴酚,1,,manual_review
Drug::原人参二醇,原人参二醇,原人参二醇,1,,manual_review
Drug::原儿茶醛,原儿茶醛,原儿茶醛,3,,manual_review
Drug::原形药,原形药,原形药,1,,manual_review
Drug::去乙基胺碘酮,去乙基胺碘酮,去乙基胺碘酮,1,,manual_review
Drug::去乙酰基华蟾毒精,去乙酰基华蟾毒精,去乙酰基华蟾毒精,1,,manual_review
Drug::去乙酰基羟基华蟾毒精,去乙酰基羟基华蟾毒精,去乙酰基羟基华蟾毒精,1,,manual_review
Drug::去乙酰毛花甙,去乙酰毛花甙,去乙酰毛花甙,1,,manual_review
Drug::去乙酰毛花苷,去乙酰毛花苷,去乙酰毛花苷,1,,manual_review
Drug::去氢化考地松,去氢化考地松,去氢化考地松,1,,manual_review
Drug::去氢甲睾酮,去氢甲睾酮,去氢甲睾酮,1,,manual_review
Drug::去氢胆酸,去氢胆酸,去氢胆酸,1,,manual_review
Drug::去氧五味子素,去氧五味子素,去氧五味子素,4,,manual_review
Drug::去氧孕烯,去氧孕烯,去氧孕烯,3,,manual_review
Drug::去氧孕烯炔雌醇,去氧孕烯炔雌醇,去氧孕烯炔雌醇片,3,,manual_review
Drug::去氧氟尿苷,去氧氟尿苷,去氧氟尿苷片|去氧氟尿苷胶囊,6,,manual_review
Drug::去氧肾上腺素,去氧肾上腺素,去氧肾上腺素|新福林,2,,manual_review
Drug::去氧苯巴比妥,去氧苯巴比妥,去氧苯巴比妥,3,,manual_review
Drug::去氧苯比妥,去氧苯比妥,去氧苯比妥,1,,manual_review
Drug::去氯羟嗪,去氯羟嗪,去氯羟嗪,1,,manual_review
Drug::去炎松,去炎松,去炎松,2,,manual_review
Drug::去甲万古霉素,去甲万古霉素,去甲万古霉素,9,,manual_review
Drug::去甲丙咪嗪,去甲丙咪嗪,去甲丙咪嗪,12,,manual_review
Drug::去甲丙米嗪,去甲丙米嗪,去甲丙米嗪,2,,manual_review
Drug::去甲乙基睾酮,去甲乙基睾酮,去甲乙基睾酮,1,,manual_review
Drug::去甲咪嗪,去甲咪嗪,去甲咪嗪,1,,manual_review
Drug::去甲基安定,去甲基安定,去甲基安定,2,,manual_review
Drug::去甲安定,去甲安定,去甲安定,2,,manual_review
Drug::去甲替啉,去甲替啉,去甲替啉,2,,manual_review
Drug::去甲替林,去甲替林,去甲替林,15,,manual_review
Drug::去甲氟西汀,去甲氟西汀,去甲氟西汀,6,,manual_review
Drug::去甲氯雷他定,去甲氯雷他定,去甲氯雷他定,2,,manual_review
Drug::去甲维拉帕米,去甲维拉帕米,去甲维拉帕米,1,,manual_review
Drug::去甲羟基安定,去甲羟基安定,去甲羟基安定,2,,manual_review
Drug::去甲羟氢吗啡酮,去甲羟氢吗啡酮,去甲羟氢吗啡酮,1,,manual_review
Drug::去甲羟考酮,去甲羟考酮,去甲羟考酮,2,,manual_review
Drug::去甲肾上腺素,去甲肾上腺素,NE|去甲肾上腺素,47,,manual_review
Drug::去甲金霉素,去甲金霉素,去甲金霉素,1,,manual_review
Drug::去甲阿司咪唑,去甲阿司咪唑,去甲阿司咪唑,1,,manual_review
Drug::去甲麻黄碱,去甲麻黄碱,去甲麻黄碱,1,,manual_review
Drug::去硝基硝苯地平,去硝基硝苯地平,去硝基硝苯地平,1,,manual_review
Drug::去羟基苷,去羟基苷,去羟基苷,4,,manual_review
Drug::去羟肌苷,去羟肌苷,去羟肌苷|去羟肌苷分散片,25,,manual_review
Drug::去郁敏,去郁敏,去郁敏,1,,manual_review
Drug::去铁胺,去铁胺,去铁胺,4,,manual_review
Drug::去鼻塞剂,去鼻塞剂,去鼻塞剂,1,,manual_review
Drug::参乌益肾,参乌益肾,参乌益肾片,2,,manual_review
Drug::参芎葡萄糖,参芎葡萄糖,参芎葡萄糖注射液,3,,manual_review
Drug::参芪博力康,参芪博力康,参芪博力康片,3,,manual_review
Drug::参芪鱼肝油凝胶,参芪鱼肝油凝胶,参芪鱼肝油凝胶,3,,manual_review
Drug::参苏丸大蜜,参苏丸大蜜,参苏丸(大蜜丸),3,,manual_review
Drug::参苏丸小蜜,参苏丸小蜜,参苏丸(小蜜丸),3,,manual_review
Drug::参苏丸水,参苏丸水,参苏丸(水丸),3,,manual_review
Drug::参苏丸水蜜,参苏丸水蜜,参苏丸(水蜜丸),3,,manual_review
Drug::参苏补肾,参苏补肾,参苏补肾胶囊,3,,manual_review
Drug::参苑益气补肾,参苑益气补肾,参苑益气补肾胶囊,3,,manual_review
Drug::参苓白术,参苓白术,参苓白术口服液,3,,manual_review
Drug::参茸三七补血,参茸三七补血,参茸三七补血片,3,,manual_review
Drug::参茸三七酒,参茸三七酒,参茸三七酒,3,,manual_review
Drug::参茸大补膏,参茸大补膏,参茸大补膏,3,,manual_review
Drug::参茸天麻酒,参茸天麻酒,参茸天麻酒,3,,manual_review
Drug::参茸安神,参茸安神,参茸安神丸|参茸安神片,6,,manual_review
Drug::参茸珍宝,参茸珍宝,参茸珍宝片,3,,manual_review
Drug::参茸益肾,参茸益肾,参茸益肾胶囊,3,,manual_review
Drug::参茸蛤蚧保肾,参茸蛤蚧保肾,参茸蛤蚧保肾丸,3,,manual_review
Drug::参茸补酒,参茸补酒,参茸补酒,3,,manual_review
Drug::参茸鹿胎膏,参茸鹿胎膏,参茸鹿胎膏,3,,manual_review
Drug::参附脱毒,参附脱毒,参附脱毒胶囊,3,,manual_review
Drug::参鹿强身,参鹿强身,参鹿强身丸,3,,manual_review
Drug::参鹿补膏,参鹿补膏,参鹿补膏,3,,manual_review
Drug::参麦饮,参麦饮,参麦饮,1,,manual_review
Drug::双丙戊酸盐,双丙戊酸盐,双丙戊酸盐,1,,manual_review
Drug::双唑泰,双唑泰,双唑泰泡腾片|双唑泰软膏,6,,manual_review
Drug::双唑泰栓,双唑泰栓,双唑泰栓,3,,manual_review
Drug::双唑泰阴道,双唑泰阴道,双唑泰阴道泡腾片,3,,manual_review
Drug::双嘧达莫缓释,双嘧达莫缓释,双嘧达莫缓释胶囊,3,,manual_review
Drug::双异丙吡胺,双异丙吡胺,双异丙吡胺,10,,manual_review
Drug::双扎西他滨,双扎西他滨,双扎西他滨,1,,manual_review
Drug::双歧杆菌,双歧杆菌,双歧杆菌,1,,manual_review
Drug::双歧杆菌三联活菌,双歧杆菌三联活菌,双歧杆菌三联活菌胶囊,3,,manual_review
Drug::双歧杆菌四联活菌,双歧杆菌四联活菌,双歧杆菌四联活菌片,3,,manual_review
Drug::双歧杆菌活菌,双歧杆菌活菌,双歧杆菌活菌,1,,manual_review
Drug::双氢克尿唆,双氢克尿唆,双氢克尿唆,1,,manual_review
Drug::双氢克尿唾,双氢克尿唾,双氢克尿唾,1,,manual_review
Drug::双氢克尿噻,双氢克尿噻,双氢克尿噻,1,,manual_review
Drug::双氢克尿塞,双氢克尿塞,双氢克尿塞,9,,manual_review
Drug::双氢奎尼丁,双氢奎尼丁,双氢奎尼丁,1,,manual_review
Drug::双氢氯噻嗪,双氢氯噻嗪,双氢氯噻嗪,9,,manual_review
Drug::双氢链霉素,双氢链霉素,双氢链霉素,3,,manual_review
Drug::双氢麦角胺,双氢麦角胺,双氢麦角胺,23,,manual_review
Drug::双氯芬酸,双氯芬酸,双氮芬酸|双氯芬酸|双氯芬酸片,30,,manual_review
Drug::双氯芬酸二乙胺乳胶剂,双氯芬酸二乙胺乳胶剂,双氯芬酸二乙胺乳胶剂,3,,manual_review
Drug::双氯芬酸二乙胺凝胶,双氯芬酸二乙胺凝胶,双氯芬酸二乙胺凝胶,3,,manual_review
Drug::双氯芬酸钠,双氯芬酸钠,双氯芬酸钠|双氯芬酸钠滴眼液|双氯芬酸钠缓释片|双氯芬酸钠肠溶片|双氯酚酸钠,25,,manual_review
Drug::双氯芬酸钠双释放肠溶,双氯芬酸钠双释放肠溶,双氯芬酸钠双释放肠溶胶囊,3,,manual_review
Drug::双氯芬酸钠栓,双氯芬酸钠栓,双氯芬酸钠栓,3,,manual_review
Drug::双氯芬酸钠米索前列醇,双氯芬酸钠米索前列醇,双氯芬酸钠米索前列醇片,3,,manual_review
Drug::双氯芬酸钠缓释,双氯芬酸钠缓释,双氯芬酸钠缓释胶囊,3,,manual_review
Drug::双氯芬酸钠缓释片iv,双氯芬酸钠缓释片IV,双氯芬酸钠缓释片(IV),2,,manual_review
Drug::双氯芬酸钠缓释片ⅰ,双氯芬酸钠缓释片Ⅰ,双氯芬酸钠缓释片(Ⅰ)|双氯芬酸钠缓释片（Ⅰ）,6,,manual_review
Drug::双氯芬酸钠肠溶,双氯芬酸钠肠溶,双氯芬酸钠肠溶胶囊,3,,manual_review
Drug::双氯芬酸钠肠溶缓释,双氯芬酸钠肠溶缓释,双氯芬酸钠肠溶缓释胶囊,3,,manual_review
Drug::双氯芬酸钾,双氯芬酸钾,双氯芬酸钾片,3,,manual_review
Drug::双氯苯咪唑,双氯苯咪唑,双氯苯咪唑,2,,manual_review
Drug::双氯西林,双氯西林,双氯西林,5,,manual_review
Drug::双环己乙哌啶,双环己乙哌啶,双环己乙哌啶,1,,manual_review
Drug::双环已乙哌淀,双环已乙哌淀,双环已乙哌淀,1,,manual_review
Drug::双相情感障碍药物,双相情感障碍药物,双相情感障碍药物,1,,manual_review
Drug::双硫仑,双硫仑,双硫仑,54,,manual_review
Drug::双硫醒,双硫醒,双硫醒,6,,manual_review
Drug::双羟香豆素,双羟香豆素,双羟香豆素,1,,manual_review
Drug::双肼屈嗪,双肼屈嗪,双肼屈嗪,1,,manual_review
Drug::双肼酞嗪,双肼酞嗪,双肼酞嗪,1,,manual_review
Drug::双胍乙啶,双胍乙啶,双胍乙啶,1,,manual_review
Drug::双脱氧卡那霉素,双脱氧卡那霉素,双脱氧卡那霉素,1,,manual_review
Drug::双膦酸盐类,双膦酸盐类,双膦酸盐类,1,,manual_review
Drug::双膦酸盐类药物,双膦酸盐类药物,双膦酸盐类药物,1,,manual_review
Drug::双醋瑞因,双醋瑞因,双醋瑞因胶囊,3,,manual_review
Drug::双醋苯啶,双醋苯啶,双醋苯啶,1,,manual_review
Drug::双香豆素,双香豆素,双香豆精|双香豆素,144,,manual_review
Drug::双香豆素乙酯,双香豆素乙酯,双香豆素乙酯,3,,manual_review
Drug::双香豆素类抗凝剂,双香豆素类抗凝剂,双香豆素类抗凝剂,1,,manual_review
Drug::双香豆素类抗凝药,双香豆素类抗凝药,双香豆素类抗凝药,1,,manual_review
Drug::双香豆素类药物,双香豆素类药物,双香豆素类药物,1,,manual_review
Drug::双香豆素衍生物,双香豆素衍生物,双香豆素衍生物,2,,manual_review
Drug::双黄连,双黄连,双黄连,2,,manual_review
Drug::双黄连粉剂,双黄连粉剂,双黄连粉剂,1,,manual_review
Drug::反苯环丙胺,反苯环丙胺,Tranylcypromine|反苯环丙胺,4,,manual_review
Drug::叠氮胸苷,叠氮胸苷,叠氮胸苷,3,,manual_review
Drug::叠氮脱氧胸苷,叠氮脱氧胸苷,叠氮脱氧胸苷,1,,manual_review
Drug::口服抗凝剂,口服抗凝剂,口服抗凝剂,138,,manual_review
Drug::口服抗凝药,口服抗凝药,口服抗凝药,28,,manual_review
Drug::口服抗凝药物,口服抗凝药物,口服抗凝药物,1,,manual_review
Drug::口服抗凝血剂,口服抗凝血剂,口服抗凝血剂,1,,manual_review
Drug::口服抗凝血药,口服抗凝血药,口服抗凝血药,4,,manual_review
Drug::口服抗糖尿病药,口服抗糖尿病药,口服抗糖尿病药,2,,manual_review
Drug::口服抗糖尿病药物,口服抗糖尿病药物,口服抗糖尿病药物,2,,manual_review
Drug::口服抗菌药物,口服抗菌药物,口服抗菌药物,1,,manual_review
Drug::口服抗衡药,口服抗衡药,口服抗衡药,1,,manual_review
Drug::口服避孕药,口服避孕药,口服避孕药|口服避孕药(炔雌醇和炔诺酮)|口服避孕药（乙炔雌二醇/炔诺酮35/1）|口服避孕药（炔雌醇和炔诺酮）|口胶避孕药,171,,manual_review
Drug::口服酪酸梭菌活菌,口服酪酸梭菌活菌,口服酪酸梭菌活菌片,3,,manual_review
Drug::口服降糖剂,口服降糖剂,口服降糖剂,4,,manual_review
Drug::口服降糖药物,口服降糖药物,口服降糖药物,1,,manual_review
Drug::口服降血糖药,口服降血糖药,口服降血糖药,15,,manual_review
Drug::口服降血糖药物,口服降血糖药物,口服降血糖药物,16,,manual_review
Drug::口炎清,口炎清,口炎清,1,,manual_review
Drug::可乐宁,可乐宁,可乐宁,1,,manual_review
Drug::可乐定,可乐定,可乐定,36,,manual_review
Drug::可乐定透皮,可乐定透皮,可乐定透皮贴片,3,,manual_review
Drug::可卡因,可卡因,可卡因,5,,manual_review
Drug::可可碱,可可碱,可可碱,1,,manual_review
Drug::可威磷酸奥司他韦,可威磷酸奥司他韦,可威 磷酸奥司他韦颗粒,3,,manual_review
Drug::可导致溶血的药物,可导致溶血的药物,可导致溶血的药物,1,,manual_review
Drug::可待因,可待因,可待因,27,,manual_review
Drug::可洛派韦,可洛派韦,可洛派韦,5,,manual_review
Drug::可的松,可的松,可的松,5,,manual_review
Drug::可的松类似物,可的松类似物,可的松类似物,1,,manual_review
Drug::右丙亚胺,右丙亚胺,右丙亚胺,1,,manual_review
Drug::右丙氧芬,右丙氧芬,右丙氧芬,1,,manual_review
Drug::右佐匹克隆,右佐匹克隆,右佐匹克隆,9,,manual_review
Drug::右兰索拉唑,右兰索拉唑,右兰索拉唑,1,,manual_review
Drug::右布洛芬,右布洛芬,右布洛芬,3,,manual_review
Drug::右异苯乙肼,右异苯乙肼,右异苯乙肼,1,,manual_review
Drug::右旋华法令,右旋华法令,右旋华法令,1,,manual_review
Drug::右旋甲状腺素,右旋甲状腺素,右旋甲状腺素,11,,manual_review
Drug::右旋糖苷,右旋糖苷,右旋糖苷,1,,manual_review
Drug::右旋糖酐,右旋糖酐,右旋糖酐|右旋糖酐注射液,13,,manual_review
Drug::右旋糖酐40,右旋糖酐40,右旋糖酐40,1,,manual_review
Drug::右旋糖酐40葡萄糖,右旋糖酐40葡萄糖,右旋糖酐40葡萄糖注射液,3,,manual_review
Drug::右旋糖酐羟丙甲纤维素,右旋糖酐羟丙甲纤维素,右旋糖酐羟丙甲纤维素滴眼液,2,,manual_review
Drug::右旋糖酐铁,右旋糖酐铁,右旋糖酐铁|右旋糖酐铁分散片|右旋糖酐铁片,16,,manual_review
Drug::右旋糖酐铁口服溶液,右旋糖酐铁口服溶液,右旋糖酐铁口服溶液,3,,manual_review
Drug::右旋美托咪啶,右旋美托咪啶,右旋美托咪啶,1,,manual_review
Drug::右旋芬氟拉明,右旋芬氟拉明,右旋芬氟拉明,2,,manual_review
Drug::右旋苯丙胺,右旋苯丙胺,右旋苯丙胺,5,,manual_review
Drug::右旋酮洛芬氨丁三醇,右旋酮洛芬氨丁三醇,右旋酮洛芬氨丁三醇胶囊,2,,manual_review
Drug::右甲吗南,右甲吗南,右甲吗南,1,,manual_review
Drug::右甲状腺素,右甲状腺素,右甲状腺素,1,,manual_review
Drug::右美托米定,右美托米定,右美托米定,3,,manual_review
Drug::右美沙芬,右美沙芬,右美沙芬|美莎芬,30,,manual_review
Drug::右美沙芬愈创甘油醚,右美沙芬愈创甘油醚,右美沙芬愈创甘油醚糖浆,3,,manual_review
Drug::右美沙芬缓释混悬液,右美沙芬缓释混悬液,右美沙芬缓释混悬液,3,,manual_review
Drug::右芬氟拉明,右芬氟拉明,右芬氟拉明,2,,manual_review
Drug::右茚地那韦,右茚地那韦,右茚地那韦,1,,manual_review
Drug::叶下珠,叶下珠,叶下珠,1,,manual_review
Drug::叶酸,叶酸,叶酸|叶酸片,22,,manual_review
Drug::叶酸拮抗药物,叶酸拮抗药物,叶酸拮抗药物,1,,manual_review
Drug::叶酸钙,叶酸钙,叶酸钙,2,,manual_review
Drug::司他夫定,司他夫定,司他夫定|司他夫定胶囊,13,,manual_review
Drug::司可巴比妥,司可巴比妥,司可巴比妥,4,,manual_review
Drug::司坦唑,司坦唑,司坦唑,1,,manual_review
Drug::司巴沙星,司巴沙星,司巴沙星,1,,manual_review
Drug::司帕沙星,司帕沙星,司帕沙星|司帕沙星片|司帕沙星胶囊,20,,manual_review
Drug::司来吉兰,司来吉兰,司来吉兰,23,,manual_review
Drug::司维拉姆,司维拉姆,司维拉姆,5,,manual_review
Drug::司美匹韦,司美匹韦,司美匹韦,1,,manual_review
Drug::司美格鲁肽,司美格鲁肽,司美格鲁肽,1,,manual_review
Drug::司莫司汀,司莫司汀,司莫司汀胶囊,3,,manual_review
Drug::合成代谢类固醇,合成代谢类固醇,合成代谢类固醇,1,,manual_review
Drug::合成抗抑郁药,合成抗抑郁药,合成抗抑郁药,1,,manual_review
Drug::合成洗涤剂,合成洗涤剂,合成洗涤剂,1,,manual_review
Drug::合成类固醇,合成类固醇,合成类固醇,1,,manual_review
Drug::合霉素,合霉素,合霉素,1,,manual_review
Drug::吉他霉素,吉他霉素,吉他霉素,1,,manual_review
Drug::吉妥珠单抗,吉妥珠单抗,吉妥珠单抗,1,,manual_review
Drug::吉米沙星,吉米沙星,吉米沙星,8,,manual_review
Drug::吉西他滨,吉西他滨,吉西他宾|吉西他滨,5,,manual_review
Drug::吉非替尼,吉非替尼,gefitinib|吉非替尼,36,,manual_review
Drug::吉非罗齐,吉非罗齐,吉非罗齐|吉非罗齐胶囊,49,,manual_review
Drug::吉非贝齐,吉非贝齐,吉非贝齐,52,,manual_review
Drug::同化激素,同化激素,同化激素,1,,manual_review
Drug::吗丁啉,吗丁啉,吗丁啉,2,,manual_review
Drug::吗叮啉,吗叮啉,吗叮啉,1,,manual_review
Drug::吗叮琳,吗叮琳,吗叮琳,1,,manual_review
Drug::吗啉硝唑,吗啉硝唑,吗啉硝唑,13,,manual_review
Drug::吗啡,吗啡,吗啡,72,,manual_review
Drug::吗啡6葡萄糖苷酸,吗啡-6-葡萄糖苷酸,吗啡-6-葡萄糖苷酸,1,,manual_review
Drug::吗替麦考酚酯,吗替麦考酚酯,MMF|吗替麦考酚酯|吗替麦考酚酯分散片|吗替麦考酚酯胶囊,13,,manual_review
Drug::吗替麦考酚酸酯,吗替麦考酚酸酯,吗替麦考酚酸酯,1,,manual_review
Drug::吗氯贝胺,吗氯贝胺,吗氯贝胺|吗氯贝胺片|吗氯贝胺胶囊,25,,manual_review
Drug::吡丁醇,吡丁醇,吡丁醇,1,,manual_review
Drug::吡二丙胺,吡二丙胺,吡二丙胺,4,,manual_review
Drug::吡仑帕奈,吡仑帕奈,吡仑帕奈,5,,manual_review
Drug::吡咯他尼,吡咯他尼,吡咯他尼|吡咯他尼注射液,2,,manual_review
Drug::吡咯列酮,吡咯列酮,吡咯列酮,1,,manual_review
Drug::吡咯替尼,吡咯替尼,吡咯替尼,7,,manual_review
Drug::吡哆辛,吡哆辛,吡哆辛,1,,manual_review
Drug::吡哌酸,吡哌酸,吡哌酸|吡哌酸片,4,,manual_review
Drug::吡啶斯的明,吡啶斯的明,吡啶斯的明,1,,manual_review
Drug::吡喹酮,吡喹酮,吡喹酮,2,,manual_review
Drug::吡喹酮类药物,吡喹酮类药物,吡喹酮类药物,1,,manual_review
Drug::吡嗪酰胺,吡嗪酰胺,PZA|吡嗪酰胺|吡嗪酰胺片|吡嗪酰胺胶囊,71,,manual_review
Drug::吡拉西坦,吡拉西坦,吡拉西坦分散片|吡拉西坦片,5,,manual_review
Drug::吡格列酮,吡格列酮,吡格列酮,40,,manual_review
Drug::吡格列酮二甲双胍,吡格列酮二甲双胍,吡格列酮二甲双胍片,3,,manual_review
Drug::吡罗昔康,吡罗昔康,吡罗昔康|吡罗昔康注射液|吡罗昔康片,13,,manual_review
Drug::吡罗西康,吡罗西康,吡罗西康,2,,manual_review
Drug::吡美莫司,吡美莫司,吡美莫司|吡美莫司乳膏,6,,manual_review
Drug::吡西卡尼,吡西卡尼,吡西卡尼,2,,manual_review
Drug::吡非尼酮,吡非尼酮,吡非尼酮胶囊,3,,manual_review
Drug::吩噻嗪,吩噻嗪,吩噻嗪,1,,manual_review
Drug::吩噻嗪类,吩噻嗪类,吩噻嗪类,2,,manual_review
Drug::含二价三价阳离子口服药,含二价三价阳离子口服药,含二价三价阳离子口服药,1,,manual_review
Drug::含五灵脂的药物,含五灵脂的药物,含五灵脂的药物,1,,manual_review
Drug::含亚硫酸氢钠或焦亚硫酸钠的药物,含亚硫酸氢钠或焦亚硫酸钠的药物,含亚硫酸氢钠或焦亚硫酸钠的药物,1,,manual_review
Drug::含大量钙的药物,含大量钙的药物,含大量钙的药物,3,,manual_review
Drug::含大量镁钙的药物,含大量镁、钙的药物,含大量镁、钙的药物,1,,manual_review
Drug::含大量镁的药物,含大量镁的药物,含大量镁的药物,3,,manual_review
Drug::含扁豆的中成药,含扁豆的中成药,含扁豆的中成药,1,,manual_review
Drug::含曲林,含曲林,含曲林,1,,manual_review
Drug::含有二价阳离子药物,含有二价阳离子药物,含有二价阳离子药物,1,,manual_review
Drug::含有布洛芬及其他解热镇痛药的药品,含有布洛芬及其他解热镇痛药的药品,含有布洛芬及其他解热镇痛药的药品,1,,manual_review
Drug::含有枸橼酸的血液,含有枸橼酸的血液,含有枸橼酸的血液,1,,manual_review
Drug::含有碳酸的药物,含有碳酸的药物,含有碳酸的药物,1,,manual_review
Drug::含有磷酸的药物,含有磷酸的药物,含有磷酸的药物,1,,manual_review
Drug::含有藜芦的药品,含有藜芦的药品,含有藜芦的药品,1,,manual_review
Drug::含枸橼酸的抗凝剂全血或血浆或血液制品,含枸橼酸的抗凝剂全血或血浆或血液制品,含枸橼酸的抗凝剂全血或血浆或血液制品,1,,manual_review
Drug::含氢氧化铝氢氧化镁的制酸剂,含氢氧化铝、氢氧化镁的制酸剂,含氢氧化铝、氢氧化镁的制酸剂,1,,manual_review
Drug::含白陶土止泻药,含白陶土止泻药,含白陶土止泻药,7,,manual_review
Drug::含皂荚或其制剂的药物,含皂荚或其制剂的药物,含皂荚或其制剂的药物,1,,manual_review
Drug::含磷药,含磷药,含磷药,1,,manual_review
Drug::含磷药物,含磷药物,含磷药物,2,,manual_review
Drug::含糖氧化铁,含糖氧化铁,含糖氧化铁,1,,manual_review
Drug::含维生素a和维生素d的药物,含维生素A和维生素D的药物,含维生素A和维生素D的药物,1,,manual_review
Drug::含藜芦的药物,含藜芦的药物,含藜芦的药物,1,,manual_review
Drug::含酒精溶剂的,含酒精溶剂的,含酒精溶剂的注射液,1,,manual_review
Drug::含钆对比剂,含钆对比剂,含钆对比剂,1,,manual_review
Drug::含钙镁离子及酸性较强的药物,含钙、镁离子及酸性较强的药物,含钙、镁离子及酸性较强的药物,1,,manual_review
Drug::含钙抗酸剂,含钙抗酸剂,含钙抗酸剂,1,,manual_review
Drug::含钙氢氧化物抗酸剂,含钙氢氧化物抗酸剂,含钙氢氧化物抗酸剂,1,,manual_review
Drug::含钙的抗酸剂,含钙的抗酸剂,含钙的抗酸剂,1,,manual_review
Drug::含钙药物,含钙药物,含钙药物,4,,manual_review
Drug::含钙输注溶液,含钙输注溶液,含钙输注溶液,1,,manual_review
Drug::含钙输液,含钙输液,含钙输液,3,,manual_review
Drug::含钙静脉注射溶液,含钙静脉注射溶液,含钙静脉注射溶液,1,,manual_review
Drug::含钾利尿剂,含钾利尿剂,含钾利尿剂,1,,manual_review
Drug::含钾的盐替代物,含钾的盐替代物,含钾的盐替代物,1,,manual_review
Drug::含钾盐,含钾盐,含钾盐,1,,manual_review
Drug::含钾盐替代品,含钾盐替代品,含钾的盐替代品|含钾盐替代品,1,,manual_review
Drug::含钾药物,含钾药物,含钾药物,2,,manual_review
Drug::含铁抗贫血药,含铁抗贫血药,含铁抗贫血药,1,,manual_review
Drug::含铁抗酸药,含铁抗酸药,含铁抗酸药,1,,manual_review
Drug::含铁等金属的药物,含铁等金属的药物,含铁等金属的药物,1,,manual_review
Drug::含铁等金属药物,含铁等金属药物,含铁等金属药物,1,,manual_review
Drug::含铝钙镁铁离子的药物,含铝、钙、镁、铁离子的药物,含铝、钙、镁、铁离子的药物,1,,manual_review
Drug::含铝镁的制酸药,含铝、镁的制酸药,含铝、镁的制酸药,5,,manual_review
Drug::含铝镁的抗酸药,含铝、镁的抗酸药,含铝、镁的抗酸药,3,,manual_review
Drug::含铝制酸剂,含铝制酸剂,含铝制酸剂,1,,manual_review
Drug::含铝和氢氧化镁的抗酸剂,含铝和氢氧化镁的抗酸剂,含铝和氢氧化镁的抗酸剂,1,,manual_review
Drug::含铝和镁的抗酸剂,含铝和镁的抗酸剂,含铝和镁的抗酸剂,1,,manual_review
Drug::含铝或镁制酸剂,含铝或镁制酸剂,含铝或镁制酸剂,4,,manual_review
Drug::含铝或镁的制酸药,含铝或镁的制酸药,含铝或镁的制酸药,2,,manual_review
Drug::含铝抗酸剂,含铝抗酸剂,含铝抗酸剂,2,,manual_review
Drug::含铝抗酸药物,含铝抗酸药物,含铝抗酸药物,1,,manual_review
Drug::含铝的抗酸药,含铝的抗酸药,含铝的抗酸药,14,,manual_review
Drug::含铝的抗酸药物,含铝的抗酸药物,含铝的抗酸药物,1,,manual_review
Drug::含铝药物,含铝药物,含铝的药物|含铝药物,1,,manual_review
Drug::含铝镁抗酸剂,含铝镁抗酸剂,含有金属铝?镁的抗酸剂|含铝镁抗酸剂,1,,manual_review
Drug::含铝镁的抗酸药物,含铝镁的抗酸药物,含铝镁的抗酸药物,1,,manual_review
Drug::含铝镁离子的抗酸药,含铝镁离子的抗酸药,含铝镁离子的抗酸药,1,,manual_review
Drug::含锂片剂,含锂片剂,含锂片剂,1,,manual_review
Drug::含锌多种维生素,含锌多种维生素,含锌多种维生素,1,,manual_review
Drug::含镁制酸药,含镁制酸药,含镁制酸药|含镁的制酸药,1,,manual_review
Drug::含镁或铝抗酸剂,含镁或铝抗酸剂,含镁或铝之抗酸剂|含镁或铝抗酸剂,1,,manual_review
Drug::含镁或铝的抗酸剂,含镁或铝的抗酸剂,含镁或铝的抗酸剂,1,,manual_review
Drug::含镁抗酸剂,含镁抗酸剂,含镁抗酸剂,3,,manual_review
Drug::含镁抗酸药,含镁抗酸药,含镁抗酸药,1,,manual_review
Drug::含镁抗酸药物,含镁抗酸药物,含镁抗酸药物,1,,manual_review
Drug::含镁的抗酸剂,含镁的抗酸剂,含镁的抗酸剂,1,,manual_review
Drug::含镁离子的制酸剂,含镁离子的制酸剂,含镁离子的制酸剂,1,,manual_review
Drug::含镁药物,含镁药物,含镁药物,5,,manual_review
Drug::含镁钙药物,含镁钙药物,含有大量镁、钙的药物|含镁钙药物,1,,manual_review
Drug::含雌激素类药物,含雌激素类药物,含雌激素类药物,1,,manual_review
Drug::含鞣质的中药,含鞣质的中药,含鞣质的中药,1,,manual_review
Drug::含鞣酸的药物,含鞣酸的药物,含鞣酸的药物,1,,manual_review
Drug::含鞣酸药物,含鞣酸药物,含鞣酸药物|含鞣酸较多的药物,1,,manual_review
Drug::含颠茄类生物碱的中药,含颠茄类生物碱的中药,含颠茄类生物碱的中药,1,,manual_review
Drug::含高钾的药物,含高钾的药物,含高钾的药物,3,,manual_review
Drug::吲哚帕胺,吲哚帕胺,吲哚帕胺,1,,manual_review
Drug::吲哚洛尔,吲哚洛尔,吲哚洛尔,1,,manual_review
Drug::吲哚甲新,吲哚甲新,吲哚甲新,1,,manual_review
Drug::吲哚美辛栓,吲哚美辛栓,吲哚美辛栓,3,,manual_review
Drug::吲哚美辛缓释,吲哚美辛缓释,吲哚美辛缓释胶囊,3,,manual_review
Drug::吲哚那韦,吲哚那韦,吲哚那韦,1,,manual_review
Drug::吲哚酯端基克星,吲哚酯端基克星,吲哚酯端基克星,1,,manual_review
Drug::吲哚青绿,吲哚青绿,吲哚青绿,1,,manual_review
Drug::吲达帕胺,吲达帕胺,吲达帕胺|吲达帕胺缓释片|吲达帕胺胶囊,18,,manual_review
Drug::吲达帕胺片薄膜衣,吲达帕胺片薄膜衣,吲达帕胺片(薄膜衣),2,,manual_review
Drug::吲达帕胺缓释,吲达帕胺缓释,吲达帕胺缓释胶囊,3,,manual_review
Drug::吴茱萸,吴茱萸,吴茱萸,6,,manual_review
Drug::吴茱萸提取物,吴茱萸提取物,吴茱萸提取物,1,,manual_review
Drug::吴茱萸次碱,吴茱萸次碱,吴茱萸次碱,6,,manual_review
Drug::吴茱萸碱,吴茱萸碱,吴茱萸碱,2,,manual_review
Drug::吴萸,吴萸,吴萸,1,,manual_review
Drug::吸入性糖皮质激素,吸入性糖皮质激素,ICS|吸入性糖皮质激素,3,,manual_review
Drug::吸入性麻醉药,吸入性麻醉药,吸入性麻醉药,4,,manual_review
Drug::吸入烃类药物,吸入烃类药物,吸入烃类药物,1,,manual_review
Drug::吸入用乙酰半胱氨酸溶液,吸入用乙酰半胱氨酸溶液,吸入用乙酰半胱氨酸溶液,2,,manual_review
Drug::吸入用布地奈德混悬液,吸入用布地奈德混悬液,吸入用布地奈德混悬液,3,,manual_review
Drug::吸入用异丙托溴铵溶液,吸入用异丙托溴铵溶液,吸入用异丙托溴铵溶液|异丙托溴铵,5,,manual_review
Drug::吸入糖皮质激素,吸入糖皮质激素,吸入糖皮质激素,1,,manual_review
Drug::吸收依赖于胃内ph的药物,吸收依赖于胃内pH的药物,吸收依赖于胃内pH的药物,1,,manual_review
Drug::吸烟,吸烟,吸烟,1,,manual_review
Drug::呋喃咀啶,呋喃咀啶,呋喃咀啶,7,,manual_review
Drug::呋喃啶啶,呋喃啶啶,呋喃啶啶,2,,manual_review
Drug::呋喃坦啶,呋喃坦啶,呋喃坦啶,6,,manual_review
Drug::呋喃妥因,呋喃妥因,呋喃妥因|呋喃妥因肠溶片,69,,manual_review
Drug::呋喃妥英,呋喃妥英,呋喃妥英,1,,manual_review
Drug::呋喃氟尿嘧啶,呋喃氟尿嘧啶,呋喃氟尿嘧啶,2,,manual_review
Drug::呋喃硝胺,呋喃硝胺,呋喃硝胺,1,,manual_review
Drug::呋喃硫胺,呋喃硫胺,呋喃硫胺,1,,manual_review
Drug::呋喃硫胺氢化可的松琥珀酸钠腺苷钴胺维生素b1,呋喃硫胺氢化可的松琥珀酸钠腺苷钴胺维生素B1,呋喃硫胺氢化可的松琥珀酸钠腺苷钴胺维生素B1,1,,manual_review
Drug::呋喃类,呋喃类,呋喃类,1,,manual_review
Drug::呋喃苯氨酸,呋喃苯氨酸,呋喃苯氨酸,3,,manual_review
Drug::呋喃苯胺酸,呋喃苯胺酸,呋喃苯胺酸|呋喃苯胺酸利尿剂|呋喃苯胺酸注射液,26,,manual_review
Drug::呋喃茶碱,呋喃茶碱,呋喃茶碱,2,,manual_review
Drug::呋喹替尼,呋喹替尼,呋喹替尼,2,,manual_review
Drug::呋噻咪,呋噻咪,呋噻咪,1,,manual_review
Drug::呋塞咪,呋塞咪,呋塞咪,1,,manual_review
Drug::呋山那韦,呋山那韦,呋山那韦,2,,manual_review
Drug::呋拉茶碱,呋拉茶碱,呋拉茶碱,2,,manual_review
Drug::呋苯胺酸,呋苯胺酸,呋苯胺酸,1,,manual_review
Drug::呱乙啶,呱乙啶,呱乙啶,1,,manual_review
Drug::呱仑西平,呱仑西平,呱仑西平,2,,manual_review
Drug::和厚朴酚,和厚朴酚,和厚朴酚,1,,manual_review
Drug::和胃整肠,和胃整肠,和胃整肠丸,3,,manual_review
Drug::咖啡因,咖啡因,咖啡因,82,,manual_review
Drug::咖啡碱,咖啡碱,咖啡碱,1,,manual_review
Drug::咖啡酸,咖啡酸,咖啡酸,3,,manual_review
Drug::咪哒唑仑,咪哒唑仑,咪哒唑仑,5,,manual_review
Drug::咪唑仑,咪唑仑,咪唑仑,1,,manual_review
Drug::咪唑安定,咪唑安定,咪唑安定,8,,manual_review
Drug::咪唑斯汀,咪唑斯汀,咪唑斯汀|咪唑斯汀缓释片,5,,manual_review
Drug::咪唑硫嘌呤,咪唑硫嘌呤,咪唑硫嘌呤,1,,manual_review
Drug::咪唑立宾,咪唑立宾,咪唑立宾,1,,manual_review
Drug::咪康唑,咪康唑,MCZ|咪康唑|咪康唑凝胶,61,,manual_review
Drug::咪康唑口腔凝胶,咪康唑口腔凝胶,咪康唑口腔凝胶,1,,manual_review
Drug::咪拉地尔,咪拉地尔,咪拉地尔,2,,manual_review
Drug::咪贝地尔,咪贝地尔,咪贝地尔,3,,manual_review
Drug::咪达唑仑,咪达唑仑,Midazolam|口服咪达唑仑|咪哒唑仑|咪达唑仑|咪达唑仑注射液,145,,manual_review
Drug::咯哌丁胺,咯哌丁胺,咯哌丁胺,1,,manual_review
Drug::咳必清,咳必清,咳必清,1,,manual_review
Drug::哇巴因,哇巴因,哇巴因,1,,manual_review
Drug::哌仑他韦,哌仑他韦,哌仑他韦,2,,manual_review
Drug::哌伦西平,哌伦西平,哌伦西平,1,,manual_review
Drug::哌唑嗪,哌唑嗪,prazosin|哌唑嗪,23,,manual_review
Drug::哌嗪,哌嗪,哌嗪,2,,manual_review
Drug::哌异丙肼,哌异丙肼,哌异丙肼,1,,manual_review
Drug::哌拉西林,哌拉西林,哌拉西林,11,,manual_review
Drug::哌拉西林三唑巴坦,哌拉西林/三唑巴坦,哌拉西林/三唑巴坦,1,,manual_review
Drug::哌柏西利,哌柏西利,哌柏西利,16,,manual_review
Drug::哌甲酯,哌甲酯,利他林|哌甲酯,10,,manual_review
Drug::哌迷清,哌迷清,哌迷清,1,,manual_review
Drug::哌醋甲酯,哌醋甲酯,哌醋甲酯,8,,manual_review
Drug::哮喘治疗药物,哮喘治疗药物,哮喘治疗药物,1,,manual_review
Drug::哮喘药,哮喘药,哮喘药,1,,manual_review
Drug::唑吡坦,唑吡坦,唑吡坦,13,,manual_review
Drug::唑喹达,唑喹达,唑喹达,2,,manual_review
Drug::唑尼沙胺,唑尼沙胺,唑尼沙胺,1,,manual_review
Drug::唑来膦酸,唑来膦酸,唑来膦酸,8,,manual_review
Drug::唬拍胆碱,唬拍胆碱,唬拍胆碱,1,,manual_review
Drug::商陆,商陆,商陆,2,,manual_review
Drug::善存银,善存银,善存银片,2,,manual_review
Drug::喘定,喘定,喘定,3,,manual_review
Drug::喘康速,喘康速,喘康速,3,,manual_review
Drug::喜得镇,喜得镇,喜得镇,1,,manual_review
Drug::喜树碱,喜树碱,喜树碱,1,,manual_review
Drug::喷他佐辛,喷他佐辛,喷他佐辛|喷他佐辛注射液,4,,manual_review
Drug::喷他脒,喷他脒,喷他脒,3,,manual_review
Drug::喷司他丁,喷司他丁,喷司他丁,1,,manual_review
Drug::喷托维林,喷托维林,喷托维林,3,,manual_review
Drug::喷昔洛韦,喷昔洛韦,喷昔洛韦,1,,manual_review
Drug::喹乙唑酮,喹乙唑酮,喹乙唑酮,1,,manual_review
Drug::喹尼丁,喹尼丁,喹尼丁,1,,manual_review
Drug::喹诺酮,喹诺酮,喹诺酮,1,,manual_review
Drug::喹诺酮类,喹诺酮类,喹诺酮类,2,,manual_review
Drug::喹诺酮类药物,喹诺酮类药物,喹诺酮类药物,3,,manual_review
Drug::喹那普利,喹那普利,喹那普利,3,,manual_review
Drug::嗜热链球菌,嗜热链球菌,嗜热链球菌,1,,manual_review
Drug::嗜癌素,嗜癌素,嗜癌素,1,,manual_review
Drug::噻丙吩,噻丙吩,噻丙吩,1,,manual_review
Drug::噻吗咯尔,噻吗咯尔,噻吗咯尔,1,,manual_review
Drug::噻吗心安,噻吗心安,噻吗心安|噻吗心安滴眼液|噻吗洛尔,5,,manual_review
Drug::噻吗洛尔,噻吗洛尔,噻吗洛尔,2,,manual_review
Drug::噻唑烷二酮类药物,噻唑烷二酮类药物,噻唑烷二酮类药物,1,,manual_review
Drug::噻唑类利尿剂,噻唑类利尿剂,噻唑类利尿剂,3,,manual_review
Drug::噻唑类药物,噻唑类药物,噻唑类药物,1,,manual_review
Drug::噻嗪类,噻嗪类,噻嗪类,4,,manual_review
Drug::噻嗪类利尿剂,噻嗪类利尿剂,噻嗪类利尿剂|噻嗪类药,44,,manual_review
Drug::噻嗪类利尿药,噻嗪类利尿药,噻嗪类利尿药,11,,manual_review
Drug::噻奈普汀钠,噻奈普汀钠,噻奈普汀钠片,3,,manual_review
Drug::噻孢霉素,噻孢霉素,噻孢霉素,1,,manual_review
Drug::噻帕米,噻帕米,噻帕米,1,,manual_review
Drug::噻托溴铵吸入粉雾剂,噻托溴铵吸入粉雾剂,噻托溴铵吸入粉雾剂,3,,manual_review
Drug::噻托溴铵奥达特罗吸入,噻托溴铵奥达特罗吸入,噻托溴铵奥达特罗吸入喷雾剂,3,,manual_review
Drug::噻托溴铵粉,噻托溴铵粉,噻托溴铵粉吸入剂,3,,manual_review
Drug::噻托溴铵粉雾剂,噻托溴铵粉雾剂,噻托溴铵粉雾剂,3,,manual_review
Drug::噻替哌,噻替哌,噻替哌,1,,manual_review
Drug::噻替派,噻替派,噻替派,3,,manual_review
Drug::噻氯匹啶,噻氯匹啶,噻氯匹啶,3,,manual_review
Drug::噻苯咪唑,噻苯咪唑,噻苯咪唑,1,,manual_review
Drug::四乙基氯化铵,四乙基氯化铵,四乙基氯化铵,2,,manual_review
Drug::四价hpv疫苗,四价HPV疫苗,四价HPV疫苗,1,,manual_review
Drug::四氢叶酸,四氢叶酸,四氢叶酸,1,,manual_review
Drug::四氢姜黄素,四氢姜黄素,四氢姜黄素,1,,manual_review
Drug::四氯乙烯,四氯乙烯,四氯乙烯,2,,manual_review
Drug::四环素,四环素,四圜素|四环素|四环素片|盐酸四环素,170,,manual_review
Drug::四环素族,四环素族,四环素族,4,,manual_review
Drug::四环素族抗生素,四环素族抗生素,四环素族抗生素,2,,manual_review
Drug::四环素族抗菌素,四环素族抗菌素,四环素族抗菌素,2,,manual_review
Drug::四环素族药物,四环素族药物,四环素族药物,1,,manual_review
Drug::四环素盐酸盐,四环素盐酸盐,四环素盐酸盐,1,,manual_review
Drug::四环素类,四环素类,四环素类,67,,manual_review
Drug::四环素类抗菌药,四环素类抗菌药,四环素类抗菌药,1,,manual_review
Drug::四环素类药物,四环素类药物,四环素类药物,5,,manual_review
Drug::四维他,四维他,四维他胶囊,3,,manual_review
Drug::四逆汤,四逆汤,四逆汤,1,,manual_review
Drug::因子ⅸ,因子Ⅸ,因子Ⅸ,4,,manual_review
Drug::固醇酸类药物,固醇酸类药物,固醇酸类药物,1,,manual_review
Drug::国公酒,国公酒,国公酒,1,,manual_review
Drug::圆柚酮,圆柚酮,圆柚酮,1,,manual_review
Drug::土木香,土木香,土木香,1,,manual_review
Drug::土霉素,土霉素,土霉素|土霉素片|盐酸土霉素,39,,manual_review
Drug::圣·约翰草,圣·约翰草,圣·约翰草,1,,manual_review
Drug::圣·约翰草提取物,圣·约翰草提取物,圣·约翰草提取物,2,,manual_review
Drug::圣约翰草,圣约翰草,St John's Wort|圣-约翰草|圣约翰草,33,,manual_review
Drug::圣约翰草提取物,圣约翰草提取物,圣-约翰草提取物|圣-约翰草提取物片|圣约翰草提取物,4,,manual_review
Drug::在研药物,在研药物,在研药物,4,,manual_review
Drug::地丹诺辛,地丹诺辛,地丹诺辛,2,,manual_review
Drug::地佐辛,地佐辛,地佐辛,1,,manual_review
Drug::地加瑞克,地加瑞克,地加瑞克,1,,manual_review
Drug::地卡因,地卡因,地卡因,1,,manual_review
Drug::地塞米松,地塞米松,dexamethasone|地塞米松|地塞米松片,141,,manual_review
Drug::地塞米松磷酸钠,地塞米松磷酸钠,地塞米松磷酸钠|地塞米松磷酸钠注射液,5,,manual_review
Drug::地塞米松缓释微粒,地塞米松缓释微粒,地塞米松缓释微粒,3,,manual_review
Drug::地奥司明,地奥司明,地奥司明片,3,,manual_review
Drug::地尔硫,地尔硫,地尔硫,39,,manual_review
Drug::地尔硫?,地尔硫?,地尔硫?,2,,manual_review
Drug::地尔硫䓬,地尔硫䓬,地尔硫䓬,31,,manual_review
Drug::地尔硫卓,地尔硫卓,地尔硫卓|地尔硫卓片|地尔硫艹卓,131,,manual_review
Drug::地尔硫草,地尔硫草,地尔硫草,6,,manual_review
Drug::地巴唑,地巴唑,地巴唑,1,,manual_review
Drug::地戈辛,地戈辛,地戈辛,7,,manual_review
Drug::地拉夫定,地拉夫定,地拉夫定,3,,manual_review
Drug::地拉韦啶,地拉韦啶,地拉韦啶,2,,manual_review
Drug::地拉韦定,地拉韦定,地拉韦定,7,,manual_review
Drug::地昔帕明,地昔帕明,地昔帕明,22,,manual_review
Drug::地榆,地榆,地榆,7,,manual_review
Drug::地榆炭,地榆炭,地榆炭,1,,manual_review
Drug::地氟烷,地氟烷,地氟烷,2,,manual_review
Drug::地氯雷他定,地氯雷他定,地氯雷他定|地氯雷他定分散片|地氯雷他定片,7,,manual_review
Drug::地氯雷他定干混悬剂,地氯雷他定干混悬剂,地氯雷他定干混悬剂,3,,manual_review
Drug::地特胰岛素,地特胰岛素,地特胰岛素,2,,manual_review
Drug::地瑞那韦,地瑞那韦,地瑞那韦,1,,manual_review
Drug::地瑞那韦利托那韦,地瑞那韦/利托那韦,地瑞那韦/利托那韦,1,,manual_review
Drug::地红霉素,地红霉素,地红霉素|地红霉素肠溶片,19,,manual_review
Drug::地红霉素肠溶,地红霉素肠溶,地红霉素肠溶胶囊,3,,manual_review
Drug::地美环素,地美环素,地美环素,1,,manual_review
Drug::地芦那韦,地芦那韦,地芦那韦,2,,manual_review
Drug::地芬诺酯,地芬诺酯,地芬诺酯,1,,manual_review
Drug::地蒽酚,地蒽酚,地蒽酚软膏,3,,manual_review
Drug::地衣芽孢杆菌,地衣芽孢杆菌,地衣芽孢杆菌,1,,manual_review
Drug::地衣芽孢杆菌活菌,地衣芽孢杆菌活菌,地衣芽孢杆菌活菌胶囊|地衣芽孢杆菌活菌颗粒,6,,manual_review
Drug::地西他滨,地西他滨,地西他滨,2,,manual_review
Drug::地西拉明,地西拉明,地西拉明,1,,manual_review
Drug::地西泮膜,地西泮膜,地西泮膜,3,,manual_review
Drug::地达诺新,地达诺新,地达诺新,1,,manual_review
Drug::地达诺辛,地达诺辛,地达诺辛,1,,manual_review
Drug::地骨皮,地骨皮,地骨皮,2,,manual_review
Drug::地高辛,地高辛,digoxin|可力|地高辛|地高辛制剂|地高辛注射液|地高辛片|狄戈辛|狄高辛,705,,manual_review
Drug::地高辛口服溶液,地高辛口服溶液,地高辛口服溶液,3,,manual_review
Drug::地黄,地黄,地黄,1,,manual_review
Drug::地龙,地龙,地龙,1,,manual_review
Drug::坎利酸钾,坎利酸钾,坎利酸钾,1,,manual_review
Drug::坎地沙坦,坎地沙坦,坎地沙坦,6,,manual_review
Drug::坎地沙坦西酯,坎地沙坦西酯,坎地沙坦西酯,1,,manual_review
Drug::坎地沙坦酯,坎地沙坦酯,坎地沙坦酯分散片|坎地沙坦酯片,6,,manual_review
Drug::坎格列净,坎格列净,坎格列净,15,,manual_review
Drug::坎格瑞洛,坎格瑞洛,坎格瑞洛,2,,manual_review
Drug::坎格雷洛,坎格雷洛,Cangrelor|坎格雷洛,1,,manual_review
Drug::坏丝氨酸,坏丝氨酸,坏丝氨酸,1,,manual_review
Drug::坦度螺酮,坦度螺酮,坦度螺酮,1,,manual_review
Drug::坦洛新,坦洛新,坦洛新,2,,manual_review
Drug::坦索罗辛,坦索罗辛,坦索罗辛,8,,manual_review
Drug::垂体后叶,垂体后叶,垂体后叶注射液,3,,manual_review
Drug::垂体后叶素,垂体后叶素,垂体后叶素,1,,manual_review
Drug::埃克替尼,埃克替尼,埃克替尼,15,,manual_review
Drug::埃替拉韦,埃替拉韦,elvitegravir|埃替拉韦,2,,manual_review
Drug::埃替拉韦考比司他,埃替拉韦/考比司他,EVG/c|埃替拉韦/考比司他,3,,manual_review
Drug::埃索美拉唑,埃索美拉唑,埃索美拉唑|埃索美拉唑肠溶胶囊,47,,manual_review
Drug::培哚普利,培哚普利,培哚普利,8,,manual_review
Drug::培哚普利叔丁胺,培哚普利叔丁胺,培哚普利叔丁胺|培哚普利叔丁胺片,4,,manual_review
Drug::培哚普利吲达帕胺,培哚普利吲达帕胺,培哚普利吲达帕胺片,3,,manual_review
Drug::培朵普利,培朵普利,培朵普利,2,,manual_review
Drug::培氟沙星,培氟沙星,PFLX|培氟沙星,16,,manual_review
Drug::培美曲塞,培美曲塞,培美曲塞,5,,manual_review
Drug::培西达替尼,培西达替尼,培西达替尼,1,,manual_review
Drug::培门冬酶,培门冬酶,培门冬酶,2,,manual_review
Drug::塞克硝唑,塞克硝唑,塞克硝唑,3,,manual_review
Drug::塞列巴胺,塞列巴胺,塞列巴胺,1,,manual_review
Drug::塞利洛尔,塞利洛尔,塞利洛尔,2,,manual_review
Drug::塞尔帕替尼,塞尔帕替尼,selpercatinib|塞尔帕替尼,1,,manual_review
Drug::塞曲司特,塞曲司特,塞曲司特颗粒,3,,manual_review
Drug::塞替派,塞替派,塞替派,2,,manual_review
Drug::塞来昔布,塞来昔布,塞来昔布|塞来昔布胶囊,32,,manual_review
Drug::塞来西布,塞来西布,塞来西布,3,,manual_review
Drug::塞瑞替尼,塞瑞替尼,塞瑞替尼,2,,manual_review
Drug::塞莱西帕格,塞莱西帕格,塞莱西帕格,1,,manual_review
Drug::增压素,增压素,增压素,1,,manual_review
Drug::士的宁,士的宁,士的宁,6,,manual_review
Drug::壬二酸,壬二酸,壬二酸,2,,manual_review
Drug::壮观霉素,壮观霉素,壮观霉素,4,,manual_review
Drug::处方药,处方药,处方药,2,,manual_review
Drug::复合乳酸菌肠溶,复合乳酸菌肠溶,复合乳酸菌肠溶胶囊,3,,manual_review
Drug::复合维生素,复合维生素,复合维生素|复合维生素片,5,,manual_review
Drug::复合维生素b,复合维生素B,复合维生素B,1,,manual_review
Drug::复方α酮酸,复方α-酮酸,复方α-酮酸片,3,,manual_review
Drug::复方β胡萝卜素,复方β-胡萝卜素,复方β-胡萝卜素胶囊,3,,manual_review
Drug::复方七叶皂苷钠凝胶,复方七叶皂苷钠凝胶,复方七叶皂苷钠凝胶,3,,manual_review
Drug::复方三维亚油酸胶丸ⅰ,复方三维亚油酸胶丸Ⅰ,复方三维亚油酸胶丸Ⅰ,2,,manual_review
Drug::复方丙谷胺西咪替丁,复方丙谷胺西咪替丁,复方丙谷胺西咪替丁片,3,,manual_review
Drug::复方丙酸氯倍他索,复方丙酸氯倍他索,复方丙酸氯倍他索软膏,3,,manual_review
Drug::复方丹参,复方丹参,复方丹参,1,,manual_review
Drug::复方倍他米松,复方倍他米松,复方倍他米松注射液,3,,manual_review
Drug::复方克霉唑乳膏ii,复方克霉唑乳膏II,复方克霉唑乳膏(II),3,,manual_review
Drug::复方利多卡因,复方利多卡因,复方利多卡因乳膏,3,,manual_review
Drug::复方别嘌醇,复方别嘌醇,复方别嘌醇片,3,,manual_review
Drug::复方单硝酸异山梨酯,复方单硝酸异山梨酯,复方单硝酸异山梨酯缓释片,3,,manual_review
Drug::复方卡托普利,复方卡托普利,复方卡托普利片,3,,manual_review
Drug::复方双嗪利血平,复方双嗪利血平,复方双嗪利血平片,3,,manual_review
Drug::复方口服避孕药,复方口服避孕药,COC|复方口服避孕药,3,,manual_review
Drug::复方嗜酸乳杆菌,复方嗜酸乳杆菌,复方嗜酸乳杆菌片,3,,manual_review
Drug::复方四嗪利血平,复方四嗪利血平,复方四嗪利血平片,1,,manual_review
Drug::复方地巴唑氢氯噻嗪,复方地巴唑氢氯噻嗪,复方地巴唑氢氯噻嗪胶囊,2,,manual_review
Drug::复方地芬诺酯,复方地芬诺酯,复方地芬诺酯,1,,manual_review
Drug::复方多粘菌素b,复方多粘菌素B,复方多粘菌素B软膏,3,,manual_review
Drug::复方多维元素片23,复方多维元素片23,复方多维元素片(23),3,,manual_review
Drug::复方头孢克洛,复方头孢克洛,复方头孢克洛片|复方头孢克洛胶囊,6,,manual_review
Drug::复方对乙酰氨基酚,复方对乙酰氨基酚,复方对乙酰氨基酚|复方对乙酰氨基酚片,4,,manual_review
Drug::复方对乙酰氨基酚片ii,复方对乙酰氨基酚片II,复方对乙酰氨基酚片（II）,3,,manual_review
Drug::复方对乙酰氨基酚片ⅱ,复方对乙酰氨基酚片Ⅱ,复方对乙酰氨基酚片(Ⅱ),3,,manual_review
Drug::复方小儿退热栓,复方小儿退热栓,复方小儿退热栓,3,,manual_review
Drug::复方尿囊素,复方尿囊素,复方尿囊素片,3,,manual_review
Drug::复方山金车花,复方山金车花,复方山金车花贴片,3,,manual_review
Drug::复方左炔诺孕酮,复方左炔诺孕酮,复方左炔诺孕酮片,3,,manual_review
Drug::复方布洛芬,复方布洛芬,复方布洛芬片,3,,manual_review
Drug::复方愈创木酚磺酸钾口服溶液,复方愈创木酚磺酸钾口服溶液,复方愈创木酚磺酸钾口服溶液,3,,manual_review
Drug::复方感冒灵,复方感冒灵,复方感冒灵片,3,,manual_review
Drug::复方新斯的明牛磺酸,复方新斯的明牛磺酸,复方新斯的明牛磺酸滴眼液,3,,manual_review
Drug::复方新诺明,复方新诺明,复方增效磺胺|复方新诺明|甲氧苄胺嘧啶/磺胺甲基异恶唑,26,,manual_review
Drug::复方普萘洛尔咖啡因,复方普萘洛尔咖啡因,复方普萘洛尔咖啡因片,3,,manual_review
Drug::复方曲尼司特,复方曲尼司特,复方曲尼司特胶囊,3,,manual_review
Drug::复方木香小檗碱,复方木香小檗碱,复方木香小檗碱片,2,,manual_review
Drug::复方枣仁,复方枣仁,复方枣仁胶囊,3,,manual_review
Drug::复方氟尿嘧啶口服溶液,复方氟尿嘧啶口服溶液,复方氟尿嘧啶口服溶液,3,,manual_review
Drug::复方氢氧化铝,复方氢氧化铝,复方氢氧化铝,2,,manual_review
Drug::复方氢溴酸右美沙芬,复方氢溴酸右美沙芬,复方氢溴酸右美沙芬糖浆,4,,manual_review
Drug::复方氨基酸,复方氨基酸,复方氨基酸|复方氨基酸注射液,4,,manual_review
Drug::复方氨林巴比妥,复方氨林巴比妥,复方氨林巴比妥注射液,3,,manual_review
Drug::复方氨酚溴敏,复方氨酚溴敏,复方氨酚溴敏胶囊,3,,manual_review
Drug::复方氨酚烷胺,复方氨酚烷胺,复方氨酚烷胺|复方氨酚烷胺片|复方氨酚烷胺胶囊,8,,manual_review
Drug::复方氨酚那敏,复方氨酚那敏,复方氨酚那敏颗粒,3,,manual_review
Drug::复方氯唑沙宗,复方氯唑沙宗,复方氯唑沙宗片|复方氯唑沙宗胶囊,7,,manual_review
Drug::复方氯己定含漱液,复方氯己定含漱液,复方氯己定含漱液,3,,manual_review
Drug::复方水杨酸搽剂,复方水杨酸搽剂,复方水杨酸搽剂,3,,manual_review
Drug::复方消化酶,复方消化酶,复方消化酶片|复方消化酶胶囊,6,,manual_review
Drug::复方熊胆薄荷含,复方熊胆薄荷含,复方熊胆薄荷含片,3,,manual_review
Drug::复方环磷酰胺,复方环磷酰胺,复方环磷酰胺片,3,,manual_review
Drug::复方珍珠暗疮,复方珍珠暗疮,复方珍珠暗疮片,3,,manual_review
Drug::复方甘草,复方甘草,复方甘草片,8,,manual_review
Drug::复方甘草口服溶液,复方甘草口服溶液,复方甘草口服溶液,2,,manual_review
Drug::复方甘草浙贝氯化铵,复方甘草浙贝氯化铵,复方甘草浙贝氯化铵片,3,,manual_review
Drug::复方甘草酸苷,复方甘草酸苷,复方甘草酸苷|复方甘草酸苷注射液|复方甘草酸苷片|复方甘草酸苷胶囊,11,,manual_review
Drug::复方田七胃痛,复方田七胃痛,复方田七胃痛片|复方田七胃痛胶囊,5,,manual_review
Drug::复方甲氧那明,复方甲氧那明,复方甲氧那明胶囊,10,,manual_review
Drug::复方甲硝唑阴道栓,复方甲硝唑阴道栓,复方甲硝唑阴道栓,3,,manual_review
Drug::复方益肝灵,复方益肝灵,复方益肝灵,2,,manual_review
Drug::复方盐酸普鲁卡因,复方盐酸普鲁卡因,复方盐酸普鲁卡因胶囊,3,,manual_review
Drug::复方盐酸阿替卡因,复方盐酸阿替卡因,复方盐酸阿替卡因注射液,3,,manual_review
Drug::复方盐酸阿米洛利,复方盐酸阿米洛利,复方盐酸阿米洛利片,3,,manual_review
Drug::复方硫酸亚铁,复方硫酸亚铁,复方硫酸亚铁颗粒,3,,manual_review
Drug::复方硫酸亚铁叶酸,复方硫酸亚铁叶酸,复方硫酸亚铁叶酸片,3,,manual_review
Drug::复方硼砂含漱液,复方硼砂含漱液,复方硼砂含漱液,3,,manual_review
Drug::复方碳酸钙泡腾,复方碳酸钙泡腾,复方碳酸钙泡腾颗粒,3,,manual_review
Drug::复方磷酸可待因口服溶液,复方磷酸可待因口服溶液,复方磷酸可待因口服溶液,3,,manual_review
Drug::复方磺胺嘧啶,复方磺胺嘧啶,复方磺胺嘧啶,1,,manual_review
Drug::复方磺胺嘧啶锌凝胶,复方磺胺嘧啶锌凝胶,复方磺胺嘧啶锌凝胶,2,,manual_review
Drug::复方磺胺氧化锌,复方磺胺氧化锌,复方磺胺氧化锌软膏,3,,manual_review
Drug::复方磺胺甲口恶唑,复方磺胺甲口恶唑,复方磺胺甲口恶唑,1,,manual_review
Drug::复方磺胺甲唑,复方磺胺甲唑,复方磺胺甲唑,1,,manual_review
Drug::复方磺胺甲噁唑,复方磺胺甲噁唑,S.M.Z.CO.|SMZ CO|复方磺胺甲噁唑|磺胺甲噁唑/甲氧苄啶,31,,manual_review
Drug::复方磺胺甲基异噁唑,复方磺胺甲基异噁唑,复方磺胺甲基异噁唑,1,,manual_review
Drug::复方磺胺甲恶唑,复方磺胺甲恶唑,复方磺胺甲恶唑,3,,manual_review
Drug::复方福尔可定,复方福尔可定,复方福尔可定口服液,3,,manual_review
Drug::复方福尔可定口服溶液,复方福尔可定口服溶液,复方福尔可定口服溶液,4,,manual_review
Drug::复方维a酸凝胶,复方维A酸凝胶,复方维A酸凝胶,3,,manual_review
Drug::复方维生素u,复方维生素U,复方维生素U片,3,,manual_review
Drug::复方罗布麻,复方罗布麻,复方罗布麻片,3,,manual_review
Drug::复方羟丙茶碱去氯羟嗪,复方羟丙茶碱去氯羟嗪,复方羟丙茶碱去氯羟嗪胶囊,2,,manual_review
Drug::复方联苯苄唑溶液,复方联苯苄唑溶液,复方联苯苄唑溶液,3,,manual_review
Drug::复方聚乙二醇电解质散ii,复方聚乙二醇电解质散II,复方聚乙二醇电解质散(II),3,,manual_review
Drug::复方聚乙二醇电解质散ⅱ,复方聚乙二醇电解质散Ⅱ,复方聚乙二醇电解质散(Ⅱ),3,,manual_review
Drug::复方聚维酮碘搽剂,复方聚维酮碘搽剂,复方聚维酮碘搽剂,3,,manual_review
Drug::复方肝水解物,复方肝水解物,复方肝水解物片,3,,manual_review
Drug::复方胃蛋白酶,复方胃蛋白酶,复方胃蛋白酶颗粒,3,,manual_review
Drug::复方脑蛋白水解物,复方脑蛋白水解物,复方脑蛋白水解物片,3,,manual_review
Drug::复方苦参水杨酸,复方苦参水杨酸,复方苦参水杨酸散,3,,manual_review
Drug::复方苯甲酸酊,复方苯甲酸酊,复方苯甲酸酊,3,,manual_review
Drug::复方葡萄糖酸钙口服溶液,复方葡萄糖酸钙口服溶液,复方葡萄糖酸钙口服溶液,3,,manual_review
Drug::复方醋酸地塞米松,复方醋酸地塞米松,复方醋酸地塞米松乳膏,3,,manual_review
Drug::复方金刚烷胺氨基比林,复方金刚烷胺氨基比林,复方金刚烷胺氨基比林片,3,,manual_review
Drug::复方铝酸铋,复方铝酸铋,复方铝酸铋|复方铝酸铋片|复方铝酸铋颗粒,7,,manual_review
Drug::复方银翘氨敏,复方银翘氨敏,复方银翘氨敏胶囊,3,,manual_review
Drug::复方锌布,复方锌布,复方锌布颗粒,3,,manual_review
Drug::复方锌布颗粒剂,复方锌布颗粒剂,复方锌布颗粒剂,3,,manual_review
Drug::复方锌铁钙,复方锌铁钙,复方锌铁钙颗粒,3,,manual_review
Drug::复方阿胶浆,复方阿胶浆,复方阿胶浆,1,,manual_review
Drug::复方陈香胃,复方陈香胃,复方陈香胃片,6,,manual_review
Drug::复方降压,复方降压,复方降压片,2,,manual_review
Drug::复方降血压药,复方降血压药,复方降血压药,1,,manual_review
Drug::复方雌孕,复方雌孕,复方雌孕片,3,,manual_review
Drug::复方雷尼替丁,复方雷尼替丁,复方雷尼替丁胶囊,3,,manual_review
Drug::复方青蒿安乃近,复方青蒿安乃近,复方青蒿安乃近片,3,,manual_review
Drug::复方颠茄铋镁,复方颠茄铋镁,复方颠茄铋镁片,3,,manual_review
Drug::复方鼻炎膏,复方鼻炎膏,复方鼻炎膏,2,,manual_review
Drug::夏枯草,夏枯草,夏枯草,1,,manual_review
Drug::外周扩血管药物,外周扩血管药物,外周扩血管药物,1,,manual_review
Drug::外周止痛剂,外周止痛剂,外周止痛剂,1,,manual_review
Drug::外周舒血管药,外周舒血管药,外周舒血管药,3,,manual_review
Drug::外源性物质,外源性物质,外源性物质,1,,manual_review
Drug::外用乙醇,外用乙醇,外用乙醇,1,,manual_review
Drug::外用抗生素,外用抗生素,外用抗生素,2,,manual_review
Drug::外用糖皮质激素,外用糖皮质激素,外用糖皮质激素,2,,manual_review
Drug::多价离子类药,多价离子类药,多价离子类药,1,,manual_review
Drug::多司马酯,多司马酯,多司马酯片,3,,manual_review
Drug::多塞平,多塞平,多塞平|多塞平片,10,,manual_review
Drug::多尼培南,多尼培南,多尼培南,1,,manual_review
Drug::多巴丝肼,多巴丝肼,多巴丝肼胶囊,2,,manual_review
Drug::多巴胺,多巴胺,多巴胺|多巴胺注射液,28,,manual_review
Drug::多巴胺能药物,多巴胺能药物,多巴胺能药物,1,,manual_review
Drug::多巴酚丁胺,多巴酚丁胺,多巴酚丁胺,10,,manual_review
Drug::多替拉韦,多替拉韦,DTG|Dolutegravir|多替拉韦,15,,manual_review
Drug::多氟哌酸,多氟哌酸,多氟哌酸,1,,manual_review
Drug::多沙唑嗪,多沙唑嗪,多沙唑嗪,12,,manual_review
Drug::多潘立酮,多潘立酮,domperidone|多潘立酮|多潘立酮分散片|多潘立酮片|多潘立酮胶囊,62,,manual_review
Drug::多潘立酮口腔崩解,多潘立酮口腔崩解,多潘立酮口腔崩解片,3,,manual_review
Drug::多烯磷脂酰胆碱,多烯磷脂酰胆碱,多烯磷脂酰胆碱|多烯磷脂酰胆碱胶囊,7,,manual_review
Drug::多烯紫杉醇,多烯紫杉醇,多烯紫杉醇,1,,manual_review
Drug::多烯酸乙酯胶,多烯酸乙酯胶,多烯酸乙酯胶丸,3,,manual_review
Drug::多环芳烃,多环芳烃,多环芳烃,2,,manual_review
Drug::多磺酸粘多糖,多磺酸粘多糖,多磺酸粘多糖乳膏,3,,manual_review
Drug::多种微量元素注射液ⅱ,多种微量元素注射液Ⅱ,多种微量元素注射液(Ⅱ),3,,manual_review
Drug::多种维生素,多种维生素,多种维生素|多种维生素片,4,,manual_review
Drug::多种维生素矿物质,多种维生素/矿物质,多种维生素/矿物质,1,,manual_review
Drug::多粘菌素,多粘菌素,多粘菌素,14,,manual_review
Drug::多粘菌素b,多粘菌素B,多粘菌素B|硫酸多粘菌素B,33,,manual_review
Drug::多粘菌素e,多粘菌素E,多粘菌素E,26,,manual_review
Drug::多糖铁复合物,多糖铁复合物,多糖铁复合物|多糖铁复合物胶囊,5,,manual_review
Drug::多索茶碱,多索茶碱,多索茶碱|多索茶碱注射液|多索茶碱片|多索茶碱颗粒,13,,manual_review
Drug::多索茶碱口服溶液,多索茶碱口服溶液,多索茶碱口服溶液,3,,manual_review
Drug::多索茶碱氯化钠,多索茶碱氯化钠,多索茶碱氯化钠注射液,3,,manual_review
Drug::多索茶碱葡萄糖,多索茶碱葡萄糖,多索茶碱葡萄糖注射液,3,,manual_review
Drug::多纳非尼,多纳非尼,多纳非尼,1,,manual_review
Drug::多维元素,多维元素,多维元素片|多维元素胶囊,6,,manual_review
Drug::多维元素片26,多维元素片26,多维元素片(26),3,,manual_review
Drug::多维元素片29,多维元素片29,多维元素片(29),3,,manual_review
Drug::多维元素胶囊13,多维元素胶囊13,多维元素胶囊(13),3,,manual_review
Drug::多维元素胶囊16,多维元素胶囊16,多维元素胶囊(16),3,,manual_review
Drug::多维葡萄糖,多维葡萄糖,多维葡萄糖,1,,manual_review
Drug::多维铁口服溶液,多维铁口服溶液,多维铁口服溶液,3,,manual_review
Drug::多药及毒性化合物外排转运体1,多药及毒性化合物外排转运体1,多药及毒性化合物外排转运体1,1,,manual_review
Drug::多药及毒性化合物外排转运体2k,多药及毒性化合物外排转运体2-K,多药及毒性化合物外排转运体2-K,1,,manual_review
Drug::多药耐药相关蛋白,多药耐药相关蛋白,多药耐药相关蛋白,1,,manual_review
Drug::多药耐药蛋白,多药耐药蛋白,多药耐药蛋白,1,,manual_review
Drug::多菲菜德,多菲菜德,多菲菜德,1,,manual_review
Drug::多虑平,多虑平,多虑平,9,,manual_review
Drug::多西他奇,多西他奇,多西他奇,1,,manual_review
Drug::多西他赛,多西他赛,多西他赛|多西他赛注射液,18,,manual_review
Drug::多西紫杉醇,多西紫杉醇,多西紫杉醇,1,,manual_review
Drug::多赛平,多赛平,多赛平,2,,manual_review
Drug::多酶,多酶,多酶片,7,,manual_review
Drug::多非利特,多非利特,多非利特,6,,manual_review
Drug::多黏菌素类,多黏菌素类,多黏菌素类,1,,manual_review
Drug::大仑丁,大仑丁,大仑丁,1,,manual_review
Drug::大力,大力,大力丸,3,,manual_review
Drug::大戟,大戟,大戟,4,,manual_review
Drug::大承气汤,大承气汤,大承气汤,2,,manual_review
Drug::大柴胡汤,大柴胡汤,大柴胡汤,2,,manual_review
Drug::大株红景天,大株红景天,大株红景天,2,,manual_review
Drug::大环内酯类,大环内酯类,大环内酯类,1,,manual_review
Drug::大环内酯类抗生素,大环内酯类抗生素,大环内酯类抗生素,1,,manual_review
Drug::大肠埃希菌,大肠埃希菌,大肠埃希菌,1,,manual_review
Drug::大蒜,大蒜,大蒜,3,,manual_review
Drug::大蒜素,大蒜素,大蒜素,3,,manual_review
Drug::大观霉素,大观霉素,大观霉素|盐酸大观霉素,7,,manual_review
Drug::大麻,大麻,大麻,1,,manual_review
Drug::大麻二酚,大麻二酚,大麻二酚,1,,manual_review
Drug::大黄,大黄,大黄|生大黄,23,,manual_review
Drug::大黄碳酸氢钠,大黄碳酸氢钠,大黄碳酸氢钠片,2,,manual_review
Drug::大黄素,大黄素,大黄素,1,,manual_review
Drug::大黄酸,大黄酸,大黄酸,9,,manual_review
Drug::大黄酸蒽酮,大黄酸蒽酮,大黄酸蒽酮,2,,manual_review
Drug::天一止咳,天一止咳,天一止咳糖浆,2,,manual_review
Drug::天仙子,天仙子,天仙子,1,,manual_review
Drug::天花粉,天花粉,天花粉,1,,manual_review
Drug::天门冬,天门冬,天门冬,2,,manual_review
Drug::太子参,太子参,太子参,2,,manual_review
Drug::夫地西酸,夫地西酸,夫地西酸,1,,manual_review
Drug::夫拉塞米,夫拉塞米,夫拉塞米,2,,manual_review
Drug::夫西地酸,夫西地酸,夫西地酸|夫西地酸乳膏,6,,manual_review
Drug::头孢,头孢,头孢,11,,manual_review
Drug::头孢三嗪,头孢三嗪,头孢三嗪,2,,manual_review
Drug::头孢丙烯,头孢丙烯,头孢丙烯|头孢丙烯分散片|头孢丙烯片,13,,manual_review
Drug::头孢他啶,头孢他啶,头孢他啶,13,,manual_review
Drug::头孢他啶阿维巴坦,头孢他啶阿维巴坦,头孢他啶阿维巴坦,1,,manual_review
Drug::头孢他定,头孢他定,头孢他定,1,,manual_review
Drug::头孢克洛干混悬剂,头孢克洛干混悬剂,头孢克洛干混悬剂,3,,manual_review
Drug::头孢克肟,头孢克肟,头孢克肟|头孢克肟分散片|头孢克肟片|头孢克肟胶囊|头孢克肟颗粒,22,,manual_review
Drug::头孢克肟干混悬剂,头孢克肟干混悬剂,头孢克肟干混悬剂,3,,manual_review
Drug::头孢匹胺,头孢匹胺,头孢匹胺,1,,manual_review
Drug::头孢吡肟,头孢吡肟,头孢吡肟,8,,manual_review
Drug::头孢呋新,头孢呋新,头孢呋新,5,,manual_review
Drug::头孢呋辛,头孢呋辛,头孢呋辛,27,,manual_review
Drug::头孢呋辛酯,头孢呋辛酯,头孢呋辛酯|头孢呋辛酯片|头孢呋辛酯胶囊,13,,manual_review
Drug::头孢呋辛钠,头孢呋辛钠,头孢呋辛钠,2,,manual_review
Drug::头孢哌嗪,头孢哌嗪,头孢哌嗪,1,,manual_review
Drug::头孢哌酮,头孢哌酮,头孢哌酮|头孢氧哌唑,28,,manual_review
Drug::头孢哌酮舒巴坦钠,头孢哌酮舒巴坦钠,头孢哌酮/舒巴坦钠|头孢哌酮舒巴坦钠,6,,manual_review
Drug::头孢哌酮钠,头孢哌酮钠,头孢哌酮钠,2,,manual_review
Drug::头孢哌酮钠他唑巴坦钠,头孢哌酮钠他唑巴坦钠,头孢哌酮钠他唑巴坦钠,1,,manual_review
Drug::头孢哌酮钠舒巴坦钠,头孢哌酮钠舒巴坦钠,头孢哌酮钠-舒巴坦钠|头孢哌酮钠舒巴坦钠,4,,manual_review
Drug::头孢唑啉,头孢唑啉,头孢唑啉,15,,manual_review
Drug::头孢唑啉钠,头孢唑啉钠,头孢唑啉钠,2,,manual_review
Drug::头孢唑林,头孢唑林,头孢唑林,14,,manual_review
Drug::头孢唑林钠,头孢唑林钠,头孢唑林钠,2,,manual_review
Drug::头孢唑肟,头孢唑肟,头孢唑肟,1,,manual_review
Drug::头孢噻吩,头孢噻吩,先锋霉素Ⅰ|头孢噻吩,35,,manual_review
Drug::头孢噻吩钠,头孢噻吩钠,头孢噻吩钠,2,,manual_review
Drug::头孢噻啶,头孢噻啶,先锋霉素Ⅱ|头孢噻啶,58,,manual_review
Drug::头孢噻啶钠,头孢噻啶钠,头孢噻啶钠,1,,manual_review
Drug::头孢噻肟,头孢噻肟,头孢噻肟,15,,manual_review
Drug::头孢噻肟钠他唑巴坦钠,头孢噻肟钠他唑巴坦钠,头孢噻肟钠他唑巴坦钠,1,,manual_review
Drug::头孢地尼,头孢地尼,头孢地尼|头孢地尼分散片,4,,manual_review
Drug::头孢妥仑,头孢妥仑,头孢妥仑,1,,manual_review
Drug::头孢孟多,头孢孟多,头孢孟多|头孢羟唑,5,,manual_review
Drug::头孢尼西,头孢尼西,头孢尼西,1,,manual_review
Drug::头孢拉啶,头孢拉啶,头孢拉啶,1,,manual_review
Drug::头孢拉定,头孢拉定,先锋霉素Ⅵ|头孢拉定|头孢拉定胶囊,12,,manual_review
Drug::头孢拉定干混悬剂,头孢拉定干混悬剂,头孢拉定干混悬剂,3,,manual_review
Drug::头孢曲松,头孢曲松,头孢曲松,14,,manual_review
Drug::头孢替唑钠,头孢替唑钠,头孢替唑钠,1,,manual_review
Drug::头孢替安,头孢替安,头孢替安|静注用头孢替安,8,,manual_review
Drug::头孢来星,头孢来星,先锋霉素Ⅲ|头孢来星,1,,manual_review
Drug::头孢氨苄,头孢氨苄,先锋霉素Ⅳ|头孢氨苄|头孢氨苄胶囊,33,,manual_review
Drug::头孢氰甲,头孢氰甲,头孢氰甲,1,,manual_review
Drug::头孢泊肟酯,头孢泊肟酯,头孢泊肟酯|头孢泊肟酯片|头孢泊肟酯胶囊,13,,manual_review
Drug::头孢泊肟酯干混悬剂,头孢泊肟酯干混悬剂,头孢泊肟酯干混悬剂,3,,manual_review
Drug::头孢洛林酯,头孢洛林酯,头孢洛林酯,1,,manual_review
Drug::头孢派酮钠他唑巴坦钠,头孢派酮钠他唑巴坦钠,头孢派酮钠他唑巴坦钠,1,,manual_review
Drug::头孢甲肟,头孢甲肟,头孢甲肟,1,,manual_review
Drug::头孢盂多甲酸酯,头孢盂多甲酸酯,头孢盂多甲酸酯,1,,manual_review
Drug::头孢磺啶,头孢磺啶,头孢磺啶,1,,manual_review
Drug::头孢米诺,头孢米诺,头孢米诺,9,,manual_review
Drug::头孢类抗生素,头孢类抗生素,头孢|头孢类抗生素,7,,manual_review
Drug::头孢类药物,头孢类药物,头孢类药物,3,,manual_review
Drug::头孢美唑,头孢美唑,头孢美唑,3,,manual_review
Drug::头孢羟唑,头孢羟唑,头孢羟唑,2,,manual_review
Drug::头孢羟氨苄,头孢羟氨苄,头孢羟氨苄|头孢羟氨苄胶囊|头孢羟氨苄颗粒,15,,manual_review
Drug::头孢羟氨苄甲氧苄啶,头孢羟氨苄甲氧苄啶,头孢羟氨苄甲氧苄啶胶囊,3,,manual_review
Drug::头孢菌素,头孢菌素,头孢菌素,16,,manual_review
Drug::头孢菌素i,头孢菌素I,头孢菌素I,1,,manual_review
Drug::头孢菌素ⅱ,头孢菌素Ⅱ,头孢菌素Ⅱ,1,,manual_review
Drug::头孢菌素类,头孢菌素类,头孢菌素类|头孢霉素类,6,,manual_review
Drug::头孢菌素类药,头孢菌素类药,头孢菌素类药,1,,manual_review
Drug::头孢西丁,头孢西丁,头孢西丁,3,,manual_review
Drug::头孢霉素,头孢霉素,头孢霉素,1,,manual_review
Drug::头花蓼,头花蓼,头花蓼,1,,manual_review
Drug::奈啶酸,奈啶酸,奈啶酸,2,,manual_review
Drug::奈夫西林,奈夫西林,奈夫西林,3,,manual_review
Drug::奈妥匹坦,奈妥匹坦,奈妥匹坦,2,,manual_review
Drug::奈妥吡坦,奈妥吡坦,奈妥吡坦,12,,manual_review
Drug::奈必洛尔,奈必洛尔,奈必洛尔,2,,manual_review
Drug::奈普生,奈普生,奈普生,1,,manual_review
Drug::奈替米星,奈替米星,奈替米星|硫酸奈替米星,8,,manual_review
Drug::奈法唑酮,奈法唑酮,奈法唑酮,35,,manual_review
Drug::奈玛特维利托那韦,奈玛特维/利托那韦,奈玛特维/利托那韦,1,,manual_review
Drug::奈玛特韦,奈玛特韦,nirmatrelvir|奈玛特韦|奈玛特韦片,34,,manual_review
Drug::奈玛特韦利托那韦,奈玛特韦/利托那韦,paxlovid|奈玛特韦/利托那韦,22,,manual_review
Drug::奈玛特韦片利托那韦片组合包装,奈玛特韦片/利托那韦片组合包装,奈玛特韦片/利托那韦片组合包装,2,,manual_review
Drug::奈芬纳韦,奈芬纳韦,奈芬纳韦,2,,manual_review
Drug::奈芬那韦,奈芬那韦,奈芬那韦,1,,manual_review
Drug::奈诺沙星,奈诺沙星,奈诺沙星,2,,manual_review
Drug::奈达铂,奈达铂,奈达铂,1,,manual_review
Drug::奈非那韦,奈非那韦,奈非那韦,35,,manual_review
Drug::奈韦拉平,奈韦拉平,NVP|奈韦拉平|奈韦拉平胶囊,58,,manual_review
Drug::奈马特韦片利托那韦片组合包装,奈马特韦片/利托那韦片组合包装,奈马特韦片/利托那韦片组合包装,1,,manual_review
Drug::奋乃静,奋乃静,奋乃静|奋乃静片,21,,manual_review
Drug::奎奴普丁达福普汀,奎奴普丁/达福普汀,奎奴普丁/达福普汀,2,,manual_review
Drug::奎宁,奎宁,奎宁,37,,manual_review
Drug::奎宁丁,奎宁丁,奎宁丁,1,,manual_review
Drug::奎尼丁,奎尼丁,quinidine|奎尼丁,288,,manual_review
Drug::奎尼定,奎尼定,奎尼定,1,,manual_review
Drug::奎硫平,奎硫平,奎硫平,5,,manual_review
Drug::奥利司他,奥利司他,奥利司他|奥利司他片|奥利司他胶囊,13,,manual_review
Drug::奥卡西平,奥卡西平,奥卡西平|奥卡西平片,45,,manual_review
Drug::奥司他韦,奥司他韦,奥司他韦,7,,manual_review
Drug::奥司他韦羧化物,奥司他韦羧化物,奥司他韦羧化物,2,,manual_review
Drug::奥复沙星,奥复沙星,奥复沙星,1,,manual_review
Drug::奥希替尼,奥希替尼,奥希替尼,9,,manual_review
Drug::奥扎格雷钠,奥扎格雷钠,奥扎格雷钠|奥扎格雷钠注射液,5,,manual_review
Drug::奥扎格雷钠氯化钠,奥扎格雷钠氯化钠,奥扎格雷钠氯化钠注射液,3,,manual_review
Drug::奥扎格雷钠葡萄糖,奥扎格雷钠葡萄糖,奥扎格雷钠葡萄糖注射液,3,,manual_review
Drug::奥拉帕利,奥拉帕利,奥拉帕利,50,,manual_review
Drug::奥昔康唑,奥昔康唑,奥昔康唑,1,,manual_review
Drug::奥曲肽,奥曲肽,奥曲肽,4,,manual_review
Drug::奥松肚痛泻,奥松肚痛泻,(奥松)肚痛泻丸,3,,manual_review
Drug::奥比他韦,奥比他韦,OBV|omibitasvir|奥比他韦,8,,manual_review
Drug::奥比他韦帕利瑞韦利托那韦,奥比他韦/帕利瑞韦/利托那韦,OBV/PTV/r|奥比他韦/帕利瑞韦/利托那韦,1,,manual_review
Drug::奥比他韦帕立瑞韦利托那韦,奥比他韦/帕立瑞韦/利托那韦,OBV/PTV/r|奥比他韦/帕立瑞韦/利托那韦,1,,manual_review
Drug::奥比妥珠单抗,奥比妥珠单抗,奥比妥珠单抗,3,,manual_review
Drug::奥比帕利,奥比帕利,奥比帕利,10,,manual_review
Drug::奥比帕利帕利瑞韦利托那韦达塞布韦,奥比帕利/帕利瑞韦/利托那韦/达塞布韦,奥比帕利/帕利瑞韦/利托那韦/达塞布韦,1,,manual_review
Drug::奥氮平,奥氮平,OLZ|OLanzapine Tablets|奥氮平|奥氮平片,72,,manual_review
Drug::奥氮平口崩,奥氮平口崩,奥氮平口崩片,3,,manual_review
Drug::奥沙利铂,奥沙利铂,奥沙利铂|奥沙利铂注射液,14,,manual_review
Drug::奥沙利铂甘露醇,奥沙利铂甘露醇,奥沙利铂甘露醇注射液,3,,manual_review
Drug::奥沙拉嗪,奥沙拉嗪,奥沙拉嗪,3,,manual_review
Drug::奥沙拉秦钠,奥沙拉秦钠,奥沙拉秦钠胶囊,2,,manual_review
Drug::奥沙普秦,奥沙普秦,奥沙普秦片|奥沙普秦肠溶片,6,,manual_review
Drug::奥沙普秦肠溶,奥沙普秦肠溶,奥沙普秦肠溶胶囊,3,,manual_review
Drug::奥沙西泮,奥沙西泮,奥沙西泮|奥沙西泮片,8,,manual_review
Drug::奥泰灵盐酸氨基葡萄糖,奥泰灵盐酸氨基葡萄糖,奥泰灵 盐酸氨基葡萄糖胶囊,3,,manual_review
Drug::奥洛福林,奥洛福林,奥洛福林,1,,manual_review
Drug::奥硝唑,奥硝唑,奥硝唑|奥硝唑分散片|奥硝唑片|奥硝唑胶囊,20,,manual_review
Drug::奥硝唑氯化钠,奥硝唑氯化钠,奥硝唑氯化钠注射液,3,,manual_review
Drug::奥硝唑阴道,奥硝唑阴道,奥硝唑阴道泡腾片,3,,manual_review
Drug::奥硝唑阴道栓,奥硝唑阴道栓,奥硝唑阴道栓,3,,manual_review
Drug::奥美拉唑砜,奥美拉唑砜,奥美拉唑砜,1,,manual_review
Drug::奥美拉唑肠溶,奥美拉唑肠溶,奥美拉唑肠溶胶囊|奥美拉唑肠溶颗粒,6,,manual_review
Drug::奥美拉唑钠,奥美拉唑钠,奥美拉唑钠|奥美拉唑钠肠溶片,4,,manual_review
Drug::奥美拉唑镁,奥美拉唑镁,奥美拉唑镁肠溶片,3,,manual_review
Drug::奥美沙坦,奥美沙坦,奥美沙坦,4,,manual_review
Drug::奥美沙坦酯,奥美沙坦酯,奥美沙坦酯|奥美沙坦酯片,4,,manual_review
Drug::奥美沙坦酯氢氯噻嗪,奥美沙坦酯氢氯噻嗪,奥美沙坦酯氢氯噻嗪片,3,,manual_review
Drug::奥芬溴铵,奥芬溴铵,奥芬溴铵片,3,,manual_review
Drug::奥英妥珠单抗,奥英妥珠单抗,奥英妥珠单抗,1,,manual_review
Drug::奥西替尼,奥西替尼,奥西替尼,1,,manual_review
Drug::奥贝胆酸,奥贝胆酸,奥贝胆酸,5,,manual_review
Drug::女贞子,女贞子,女贞子,3,,manual_review
Drug::女金丹,女金丹,女金丹,1,,manual_review
Drug::妈咪爱,妈咪爱,妈咪爱,1,,manual_review
Drug::妥卡因,妥卡因,妥卡因,1,,manual_review
Drug::妥卡尼,妥卡尼,妥卡尼,1,,manual_review
Drug::妥布霉素,妥布霉素,妥布霉素|妥布霉素滴眼液,51,,manual_review
Drug::妥拉唑啉,妥拉唑啉,妥拉唑啉,1,,manual_review
Drug::妥拉唑林,妥拉唑林,妥拉唑林,3,,manual_review
Drug::妥拉磺脲,妥拉磺脲,妥拉磺脲,3,,manual_review
Drug::妥拉苏林,妥拉苏林,妥拉苏林,2,,manual_review
Drug::妥泰,妥泰,妥泰,4,,manual_review
Drug::妥舒沙星,妥舒沙星,妥舒沙星,1,,manual_review
Drug::姜,姜,姜,1,,manual_review
Drug::姜黄,姜黄,姜黄,6,,manual_review
Drug::姜黄素,姜黄素,姜黄素,14,,manual_review
Drug::威凡,威凡,威凡,1,,manual_review
Drug::威灵仙,威灵仙,威灵仙,1,,manual_review
Drug::娑罗子,娑罗子,娑罗子,1,,manual_review
Drug::娱乐毒品,娱乐毒品,娱乐毒品,1,,manual_review
Drug::娱乐药,娱乐药,娱乐药,2,,manual_review
Drug::孕二烯酮,孕二烯酮,孕二烯酮,2,,manual_review
Drug::孕激素,孕激素,孕激素,3,,manual_review
Drug::孕酮,孕酮,孕酮,1,,manual_review
Drug::孟鲁司特,孟鲁司特,孟鲁司特,10,,manual_review
Drug::孟鲁司特钠,孟鲁司特钠,孟鲁司特钠咀嚼片|孟鲁司特钠片,6,,manual_review
Drug::孟鲁斯特,孟鲁斯特,孟鲁斯特,1,,manual_review
Drug::孢西丁,孢西丁,孢西丁,1,,manual_review
Drug::季糖基甘草苷,季糖基甘草苷,季糖基甘草苷,1,,manual_review
Drug::季铵盐,季铵盐,季铵盐,1,,manual_review
Drug::宁格替尼,宁格替尼,宁格替尼,4,,manual_review
Drug::它莫昔芬,它莫昔芬,它莫昔芬,3,,manual_review
Drug::安乃近,安乃近,安乃近|安乃近注射液,13,,manual_review
Drug::安他唑啉,安他唑啉,安他唑啉,5,,manual_review
Drug::安他心,安他心,安他心,2,,manual_review
Drug::安博律定,安博律定,安博律定,1,,manual_review
Drug::安呐伽,安呐伽,安呐伽,1,,manual_review
Drug::安喘通,安喘通,安喘通,1,,manual_review
Drug::安嗽,安嗽,安嗽糖浆,2,,manual_review
Drug::安坦,安坦,安坦,1,,manual_review
Drug::安妥明,安妥明,安妥明,37,,manual_review
Drug::安妥沙星,安妥沙星,安妥沙星,1,,manual_review
Drug::安宁,安宁,安宁,2,,manual_review
Drug::安定,安定,安定,57,,manual_review
Drug::安定剂,安定剂,安定剂,1,,manual_review
Drug::安定类,安定类,安定类,1,,manual_review
Drug::安定类药物,安定类药物,安定类药物,2,,manual_review
Drug::安定药,安定药,安定药,1,,manual_review
Drug::安康欣,安康欣,安康欣胶囊,3,,manual_review
Drug::安搏律定,安搏律定,安搏律定,5,,manual_review
Drug::安普那韦,安普那韦,安普那韦,13,,manual_review
Drug::安普那韦利托那韦,安普那韦/利托那韦,安普那韦/利托那韦,2,,manual_review
Drug::安曲南,安曲南,安曲南,1,,manual_review
Drug::安替匹林,安替匹林,安替匹林,3,,manual_review
Drug::安替比林,安替比林,安替比林,16,,manual_review
Drug::安泼那韦,安泼那韦,安泼那韦,5,,manual_review
Drug::安瑞那韦,安瑞那韦,安瑞那韦,3,,manual_review
Drug::安眠药,安眠药,安眠药,7,,manual_review
Drug::安眠酮,安眠酮,安眠酮,1,,manual_review
Drug::安神,安神,安神丸,2,,manual_review
Drug::安神药,安神药,安神药,1,,manual_review
Drug::安神补脑,安神补脑,安神补脑片|安神补脑颗粒,4,,manual_review
Drug::安神补脑液,安神补脑液,安神补脑液,3,,manual_review
Drug::安罗替尼,安罗替尼,安罗替尼,4,,manual_review
Drug::安美汀,安美汀,安美汀,1,,manual_review
Drug::安血定,安血定,安血定,1,,manual_review
Drug::安贝生坦,安贝生坦,安贝生坦,2,,manual_review
Drug::安达铝镁加混悬液,安达铝镁加混悬液,安达 铝镁加混悬液,2,,manual_review
Drug::安酰心安,安酰心安,安酰心安,1,,manual_review
Drug::安钠咖,安钠咖,安钠咖注射液|安钠咖片,6,,manual_review
Drug::安非他命,安非他命,安非他命,2,,manual_review
Drug::安非他明,安非他明,安非他明,1,,manual_review
Drug::安非他酮,安非他酮,安非他酮,27,,manual_review
Drug::安非拉酮,安非拉酮,安非拉酮,1,,manual_review
Drug::安鲁米特,安鲁米特,安鲁米特,1,,manual_review
Drug::实可芬,实可芬,实可芬,1,,manual_review
Drug::室安卡因,室安卡因,室安卡因,2,,manual_review
Drug::宫内避孕器,宫内避孕器,宫内避孕器,1,,manual_review
Drug::密陀僧,密陀僧,密陀僧,1,,manual_review
Drug::富血铁,富血铁,富血铁,1,,manual_review
Drug::富马酸亚铁,富马酸亚铁,富马酸亚铁,2,,manual_review
Drug::富马酸伏诺拉生,富马酸伏诺拉生,富马酸伏诺拉生片,3,,manual_review
Drug::富马酸喹硫平,富马酸喹硫平,富马酸喹硫平|富马酸喹硫平缓释片,6,,manual_review
Drug::富马酸替诺福韦二吡呋酯,富马酸替诺福韦二吡呋酯,富马酸替诺福韦二吡呋酯|富马酸替诺福韦二吡呋酯片,4,,manual_review
Drug::富马酸替诺福韦酯,富马酸替诺福韦酯,富马酸替诺福韦酯,3,,manual_review
Drug::富马酸比索洛尔,富马酸比索洛尔,富马酸比索洛尔|富马酸比索洛尔片|富马酸比索洛尔胶囊,7,,manual_review
Drug::富马酸氯马斯汀口服溶液,富马酸氯马斯汀口服溶液,富马酸氯马斯汀口服溶液,3,,manual_review
Drug::富马酸福莫特罗,富马酸福莫特罗,富马酸福莫特罗片,3,,manual_review
Drug::富马酸福莫特罗干,富马酸福莫特罗干,富马酸福莫特罗干糖浆,3,,manual_review
Drug::富马酸福莫特罗水合物,富马酸福莫特罗水合物,富马酸福莫特罗水合物,1,,manual_review
Drug::富马酸福莫特罗粉,富马酸福莫特罗粉,富马酸福莫特罗粉吸入剂,2,,manual_review
Drug::富马酸酮替芬滴鼻液,富马酸酮替芬滴鼻液,富马酸酮替芬滴鼻液,3,,manual_review
Drug::对乙酰氨基酚凝胶,对乙酰氨基酚凝胶,对乙酰氨基酚凝胶,3,,manual_review
Drug::对乙酰氨基酚口服溶液,对乙酰氨基酚口服溶液,对乙酰氨基酚口服溶液,3,,manual_review
Drug::对乙酰氨基酚干混悬剂,对乙酰氨基酚干混悬剂,对乙酰氨基酚干混悬剂,3,,manual_review
Drug::对乙酰氨基酚栓,对乙酰氨基酚栓,对乙酰氨基酚栓,3,,manual_review
Drug::对乙酰氨基酚泡腾,对乙酰氨基酚泡腾,对乙酰氨基酚泡腾颗粒,3,,manual_review
Drug::对乙酰氨基酚混悬滴剂,对乙酰氨基酚混悬滴剂,对乙酰氨基酚混悬滴剂,3,,manual_review
Drug::对乙酰氨基酚溶液,对乙酰氨基酚溶液,对乙酰氨基酚溶液,3,,manual_review
Drug::对乙酰氨基酚滴剂,对乙酰氨基酚滴剂,对乙酰氨基酚滴剂,3,,manual_review
Drug::对乙酰氨基酚颗粒剂,对乙酰氨基酚颗粒剂,对乙酰氨基酚颗粒剂,3,,manual_review
Drug::对氨基水扬酸,对氨基水扬酸,对氨基水扬酸,1,,manual_review
Drug::对氨基水扬酸钠,对氨基水扬酸钠,对氨基水扬酸钠,1,,manual_review
Drug::对氨基水杨酸,对氨基水杨酸,PAS|对氨基水杨酸,52,,manual_review
Drug::对氨基水杨酸异烟肼,对氨基水杨酸异烟肼,对氨基水杨酸异烟肼,1,,manual_review
Drug::对氨基水杨酸盐,对氨基水杨酸盐,对氨基水杨酸盐,1,,manual_review
Drug::对氨基水杨酸类,对氨基水杨酸类,对氨基水杨酸类,2,,manual_review
Drug::对氨基水杨酸钠,对氨基水杨酸钠,对氨基水杨酸钠|对氨基水杨酸钠片|对氨基水杨酸钠肠溶片|对氨水杨酸钠,18,,manual_review
Drug::对氨基苯甲酸,对氨基苯甲酸,对氨基苯甲酸,9,,manual_review
Drug::对氨基马尿酸,对氨基马尿酸,对氨基马尿酸,3,,manual_review
Drug::对氨水杨酸,对氨水杨酸,对氨水杨酸,13,,manual_review
Drug::对氨水杨酸钠,对氨水杨酸钠,对氨水杨酸钠,2,,manual_review
Drug::对氨苯甲酸,对氨苯甲酸,对氨苯甲酸,1,,manual_review
Drug::对环己二醇,对环己二醇,对环己二醇,1,,manual_review
Drug::对羟基苯乙酮,对羟基苯乙酮,对羟基苯乙酮,1,,manual_review
Drug::对肝细胞有毒性的药物,对肝细胞有毒性的药物,对肝细胞有毒性的药物,1,,manual_review
Drug::对骨髓有抑制的抗肿瘤药物,对骨髓有抑制的抗肿瘤药物,对骨髓有抑制的抗肿瘤药物,1,,manual_review
Drug::导眠能,导眠能,导眠能,6,,manual_review
Drug::导脉顺,导脉顺,导脉顺,1,,manual_review
Drug::导致低凝血酶原血症或血小板减少的药物,导致低凝血酶原血症或血小板减少的药物,导致低凝血酶原血症或血小板减少的药物,1,,manual_review
Drug::射干麻黄汤,射干麻黄汤,射干麻黄汤,1,,manual_review
Drug::小儿乳酸菌素,小儿乳酸菌素,小儿乳酸菌素片,3,,manual_review
Drug::小儿伪麻美芬滴剂,小儿伪麻美芬滴剂,小儿伪麻美芬滴剂,5,,manual_review
Drug::小儿化痰止咳,小儿化痰止咳,小儿化痰止咳糖浆|小儿化痰止咳颗粒,4,,manual_review
Drug::小儿十维颗粒桔子口味,小儿十维颗粒桔子口味,小儿十维颗粒(桔子口味),3,,manual_review
Drug::小儿双磺甲氧苄啶,小儿双磺甲氧苄啶,小儿双磺甲氧苄啶颗粒,3,,manual_review
Drug::小儿咳喘灵,小儿咳喘灵,小儿咳喘灵颗粒,2,,manual_review
Drug::小儿复方四维亚铁,小儿复方四维亚铁,小儿复方四维亚铁散,3,,manual_review
Drug::小儿对乙酰氨基酚,小儿对乙酰氨基酚,小儿对乙酰氨基酚片,3,,manual_review
Drug::小儿布洛芬栓,小儿布洛芬栓,小儿布洛芬栓,3,,manual_review
Drug::小儿止咳,小儿止咳,小儿止咳糖浆,2,,manual_review
Drug::小儿氨咖黄敏,小儿氨咖黄敏,小儿氨咖黄敏颗粒,3,,manual_review
Drug::小儿氨酚烷胺,小儿氨酚烷胺,小儿氨酚烷胺颗粒,3,,manual_review
Drug::小儿氨酚那敏,小儿氨酚那敏,小儿氨酚那敏片,3,,manual_review
Drug::小儿氨酚黄那敏,小儿氨酚黄那敏,小儿氨酚黄那敏|小儿氨酚黄那敏片|小儿氨酚黄那敏颗粒,6,,manual_review
Drug::小儿盐酸异丙嗪,小儿盐酸异丙嗪,小儿盐酸异丙嗪片,3,,manual_review
Drug::小儿碳酸钙d3,小儿碳酸钙D3,小儿碳酸钙D3颗粒,3,,manual_review
Drug::小承气汤,小承气汤,小承气汤,1,,manual_review
Drug::小柴胡,小柴胡,小柴胡,2,,manual_review
Drug::小柴胡汤,小柴胡汤,小柴胡汤,2,,manual_review
Drug::小檗碱,小檗碱,Ber|小檗碱,25,,manual_review
Drug::小檗胺,小檗胺,小檗胺,2,,manual_review
Drug::小米椒提取物,小米椒提取物,小米椒提取物,1,,manual_review
Drug::小苏打,小苏打,小苏打,1,,manual_review
Drug::小诺米星,小诺米星,小诺米星,6,,manual_review
Drug::小金梅草提取液,小金梅草提取液,小金梅草提取液,1,,manual_review
Drug::小青龙合剂,小青龙合剂,小青龙合剂,1,,manual_review
Drug::小青龙汤,小青龙汤,小青龙汤,7,,manual_review
Drug::尪痹,尪痹,尪痹片|尪痹胶囊|尪痹颗粒,9,,manual_review
Drug::尼亚拉胺,尼亚拉胺,尼亚拉胺,2,,manual_review
Drug::尼伐地平,尼伐地平,尼伐地平,3,,manual_review
Drug::尼卡地平,尼卡地平,尼卡地平,32,,manual_review
Drug::尼古丁,尼古丁,尼古丁,7,,manual_review
Drug::尼可刹米,尼可刹米,尼可刹米,6,,manual_review
Drug::尼可地尔,尼可地尔,尼可地尔|尼可地尔片,4,,manual_review
Drug::尼扎替丁,尼扎替丁,尼扎替丁|尼扎替丁胶囊,7,,manual_review
Drug::尼拉帕利,尼拉帕利,尼拉帕利,35,,manual_review
Drug::尼普地洛,尼普地洛,尼普地洛,2,,manual_review
Drug::尼氟酸,尼氟酸,尼氟酸,1,,manual_review
Drug::尼洛替尼,尼洛替尼,尼洛替尼|尼洛替尼胶囊,16,,manual_review
Drug::尼福地平,尼福地平,尼福地平,3,,manual_review
Drug::尼索地平,尼索地平,尼索地平|尼索地平胶囊,17,,manual_review
Drug::尼罗替尼,尼罗替尼,尼罗替尼,3,,manual_review
Drug::尼美舒利,尼美舒利,尼美舒利|尼美舒利分散片|尼美舒利片|尼美舒利缓释片|尼美舒利胶囊|尼美舒利颗粒,17,,manual_review
Drug::尼群地平,尼群地平,尼群地平|尼群地平片,19,,manual_review
Drug::尼群洛尔,尼群洛尔,尼群洛尔片,2,,manual_review
Drug::尼达尼布,尼达尼布,尼达尼布,5,,manual_review
Drug::尼韦西平,尼韦西平,尼韦西平,1,,manual_review
Drug::尼鲁地平,尼鲁地平,尼鲁地平,1,,manual_review
Drug::尼麦角林,尼麦角林,尼麦角林|尼麦角林片|尼麦角林胶囊,7,,manual_review
Drug::尿嘧啶替加氟,尿嘧啶替加氟,尿嘧啶替加氟片,3,,manual_review
Drug::尿囊素铝,尿囊素铝,尿囊素铝片,3,,manual_review
Drug::尿液碱化剂,尿液碱化剂,尿液碱化剂,5,,manual_review
Drug::尿激酶,尿激酶,尿激酶,18,,manual_review
Drug::尿碱化剂,尿碱化剂,尿碱化剂,43,,manual_review
Drug::尿碱化药,尿碱化药,尿碱化药,10,,manual_review
Drug::尿素,尿素,尿素,1,,manual_review
Drug::尿苷二磷酸葡醛酸转移酶,尿苷二磷酸葡醛酸转移酶,尿苷二磷酸葡醛酸转移酶,1,,manual_review
Drug::尿酸,尿酸,尿酸,3,,manual_review
Drug::尿酸化剂,尿酸化剂,尿酸化剂,57,,manual_review
Drug::尿酸化药物,尿酸化药物,尿酸化药物,1,,manual_review
Drug::尿酸排泄药,尿酸排泄药,尿酸排泄药,2,,manual_review
Drug::局部,局部,局部喷雾剂,1,,manual_review
Drug::局麻药物,局麻药物,局麻药物,1,,manual_review
Drug::屈昔多巴,屈昔多巴,屈昔多巴胶囊,3,,manual_review
Drug::屈螺酮,屈螺酮,屈螺酮,1,,manual_review
Drug::屈螺酮炔雌醇,屈螺酮炔雌醇,屈螺酮炔雌醇片,3,,manual_review
Drug::山奈酚,山奈酚,山奈酚,2,,manual_review
Drug::山奈酚3o槐糖苷,山奈酚-3-O-槐糖苷,山奈酚-3-O-槐糖苷,1,,manual_review
Drug::山奈酚3o芸香糖苷,山奈酚-3-O-芸香糖苷,山奈酚-3-O-芸香糖苷,1,,manual_review
Drug::山姜素,山姜素,山姜素,1,,manual_review
Drug::山柰酚,山柰酚,山柰酚,3,,manual_review
Drug::山楂,山楂,山楂,9,,manual_review
Drug::山楂冲剂,山楂冲剂,山楂冲剂,1,,manual_review
Drug::山茛菪碱,山茛菪碱,山茛菪碱,1,,manual_review
Drug::山茱萸,山茱萸,山茱萸,2,,manual_review
Drug::山药,山药,山药,2,,manual_review
Drug::山莨菪碱,山莨菪碱,654-2注射液|山莨菪碱,3,,manual_review
Drug::山萘酚,山萘酚,山萘酚,1,,manual_review
Drug::山萸肉,山萸肉,山萸肉,1,,manual_review
Drug::川乌,川乌,川乌,7,,manual_review
Drug::川穹嗪,川穹嗪,川穹嗪,1,,manual_review
Drug::川芎,川芎,川芎,7,,manual_review
Drug::川芎嗪,川芎嗪,川芎嗪,3,,manual_review
Drug::川贝末,川贝末,川贝末片,3,,manual_review
Drug::川贝枇杷,川贝枇杷,川贝枇杷片|川贝枇杷胶囊,6,,manual_review
Drug::川贝枇杷膏,川贝枇杷膏,川贝枇杷膏,3,,manual_review
Drug::川贝母,川贝母,川贝母,1,,manual_review
Drug::川贝清肺,川贝清肺,川贝清肺糖浆,3,,manual_review
Drug::川陈皮素,川陈皮素,川陈皮素,4,,manual_review
Drug::左乙拉西坦,左乙拉西坦,左乙拉西坦|左乙拉西坦片,20,,manual_review
Drug::左乙拉西坦口服溶液,左乙拉西坦口服溶液,左乙拉西坦口服溶液,2,,manual_review
Drug::左卡尼汀,左卡尼汀,左卡尼汀口服液,3,,manual_review
Drug::左卡尼汀口服溶液,左卡尼汀口服溶液,左卡尼汀口服溶液,3,,manual_review
Drug::左奥硝唑,左奥硝唑,左奥硝唑,8,,manual_review
Drug::左旋咪唑,左旋咪唑,左旋咪唑,1,,manual_review
Drug::左旋多巴,左旋多巴,L-DOPA|L-多巴|L—多巴|左旋多巴|左旋多巴片,104,,manual_review
Drug::左旋多巴卡比多巴合剂,左旋多巴/卡比多巴合剂,左旋多巴/卡比多巴合剂,1,,manual_review
Drug::左旋多巴胺,左旋多巴胺,左旋多巴胺,1,,manual_review
Drug::左旋氨氯地平,左旋氨氯地平,左旋氨氯地平,8,,manual_review
Drug::左旋溶肉瘤素,左旋溶肉瘤素,左旋溶肉瘤素,1,,manual_review
Drug::左旋甲基炔诺酮,左旋甲基炔诺酮,左旋甲基炔诺酮,1,,manual_review
Drug::左旋甲状腺素,左旋甲状腺素,左旋甲状腺素,5,,manual_review
Drug::左旋苯丙氨酸氮介,左旋苯丙氨酸氮介,左旋苯丙氨酸氮介,1,,manual_review
Drug::左氟沙星,左氟沙星,左氟沙星,3,,manual_review
Drug::左氧氟沙星,左氧氟沙星,左氧氟沙星|左氧氟沙星片|左氧氟沙星胶囊,129,,manual_review
Drug::左炔诺孕酮,左炔诺孕酮,左炔诺孕酮,7,,manual_review
Drug::左炔诺孕酮植入物,左炔诺孕酮植入物,左炔诺孕酮植入物,1,,manual_review
Drug::左炔诺孕酮炔雌醇三相,左炔诺孕酮炔雌醇三相,左炔诺孕酮炔雌醇(三相)片,3,,manual_review
Drug::左炔诺孕酮炔雌醚,左炔诺孕酮炔雌醚,左炔诺孕酮炔雌醚片,3,,manual_review
Drug::左甲吗南,左甲吗南,左甲吗南,1,,manual_review
Drug::左甲状腺素,左甲状腺素,LT4|左甲状腺素,10,,manual_review
Drug::左甲状腺素钠,左甲状腺素钠,左甲状腺素钠|左甲状腺素钠片,29,,manual_review
Drug::左美丙嗪,左美丙嗪,左美丙嗪,1,,manual_review
Drug::左美沙芬,左美沙芬,左美沙芬,1,,manual_review
Drug::左羟丙哌嗪,左羟丙哌嗪,左羟丙哌嗪片,3,,manual_review
Drug::左舒必利,左舒必利,左舒必利,1,,manual_review
Drug::左西孟旦,左西孟旦,左西孟旦,2,,manual_review
Drug::左醋美沙朵,左醋美沙朵,左醋美沙朵,2,,manual_review
Drug::巨可生赖氨葡锌颗粒无糖,巨可生赖氨葡锌颗粒无糖,巨可生 赖氨葡锌颗粒（无糖）,3,,manual_review
Drug::巯乙磺酸钠,巯乙磺酸钠,巯乙磺酸钠,2,,manual_review
Drug::巯基嘌呤,巯基嘌呤,巯基嘌呤,1,,manual_review
Drug::巯甲丙脯酸,巯甲丙脯酸,巯甲丙脯酸,4,,manual_review
Drug::己烯雌二醇,己烯雌二醇,己烯雌二醇,1,,manual_review
Drug::己酮可可碱葡萄糖,己酮可可碱葡萄糖,己酮可可碱葡萄糖注射液,3,,manual_review
Drug::己酸孕酮,己酸孕酮,己酸孕酮,1,,manual_review
Drug::巴则若宁,巴则若宁,巴则若宁,1,,manual_review
Drug::巴利昔单抗,巴利昔单抗,巴利昔单抗,3,,manual_review
Drug::巴尼地平,巴尼地平,巴尼地平,1,,manual_review
Drug::巴曲酶,巴曲酶,去纤酶|巴曲酶,3,,manual_review
Drug::巴柳氮,巴柳氮,巴柳氮,1,,manual_review
Drug::巴比土盐,巴比土盐,巴比土盐,1,,manual_review
Drug::巴比土类,巴比土类,巴比土类,1,,manual_review
Drug::巴比土类药,巴比土类药,巴比土类药,1,,manual_review
Drug::巴比土类药物,巴比土类药物,巴比土类药物,1,,manual_review
Drug::巴比妥盐,巴比妥盐,巴比妥盐,1,,manual_review
Drug::巴比妥盐酸盐,巴比妥盐酸盐,巴比妥盐酸盐,4,,manual_review
Drug::巴比妥类药,巴比妥类药,巴比妥类药,3,,manual_review
Drug::巴比妥类药物,巴比妥类药物,巴比妥类药物,17,,manual_review
Drug::巴比妥类药钠盐,巴比妥类药钠盐,巴比妥类药钠盐,1,,manual_review
Drug::巴比妥酸盐,巴比妥酸盐,巴比妥酸盐,4,,manual_review
Drug::巴比妥钠,巴比妥钠,巴比妥钠,1,,manual_review
Drug::巴氯芬,巴氯芬,巴氯芬|巴氯芬片,6,,manual_review
Drug::巴洛沙星,巴洛沙星,巴洛沙星片,3,,manual_review
Drug::巴瑞替尼,巴瑞替尼,巴瑞替尼,1,,manual_review
Drug::巴西利单抗,巴西利单抗,巴西利单抗,1,,manual_review
Drug::巴豆,巴豆,巴豆,1,,manual_review
Drug::巴龙霉素,巴龙霉素,巴龙霉素,7,,manual_review
Drug::布他酮,布他酮,布他酮,1,,manual_review
Drug::布南色林,布南色林,布南色林,1,,manual_review
Drug::布可隆,布可隆,bucolome|布可隆,1,,manual_review
Drug::布地奈德,布地奈德,布地奈德,27,,manual_review
Drug::布地奈德吸入气雾剂,布地奈德吸入气雾剂,布地奈德吸入气雾剂,3,,manual_review
Drug::布地奈德气雾剂,布地奈德气雾剂,布地奈德气雾剂,3,,manual_review
Drug::布地奈德福莫特罗,布地奈德福莫特罗,布地奈德福莫特罗|布地奈德福莫特罗粉吸入剂,1,,manual_review
Drug::布地奈德福莫特罗吸入粉雾剂i,布地奈德福莫特罗吸入粉雾剂I,布地奈德福莫特罗吸入粉雾剂(I),2,,manual_review
Drug::布地奈德福莫特罗吸入粉雾剂ⅱ,布地奈德福莫特罗吸入粉雾剂Ⅱ,布地奈德福莫特罗吸入粉雾剂(Ⅱ),3,,manual_review
Drug::布地奈德福莫特罗粉吸入剂ⅱ,布地奈德福莫特罗粉吸入剂Ⅱ,布地奈德福莫特罗粉吸入剂(Ⅱ),2,,manual_review
Drug::布地奈德粉雾剂,布地奈德粉雾剂,布地奈德粉雾剂,3,,manual_review
Drug::布地奈德鼻,布地奈德鼻,布地奈德鼻喷雾剂,3,,manual_review
Drug::布拉氏酵母菌,布拉氏酵母菌,布拉氏酵母菌|布拉氏酵母菌散,9,,manual_review
Drug::布普品,布普品,布普品,1,,manual_review
Drug::布林佐胺,布林佐胺,布林佐胺滴眼液,3,,manual_review
Drug::布比卡因,布比卡因,布比卡因,1,,manual_review
Drug::布洛伪麻,布洛伪麻,布洛伪麻分散片|布洛伪麻片|布洛伪麻颗粒,9,,manual_review
Drug::布洛伪麻那敏混悬液,布洛伪麻那敏混悬液,布洛伪麻那敏混悬液,3,,manual_review
Drug::布洛芬口服混悬液,布洛芬口服混悬液,布洛芬口服 混悬液|布洛芬口服混悬液,6,,manual_review
Drug::布洛芬口服溶液,布洛芬口服溶液,布洛芬口服溶液,3,,manual_review
Drug::布洛芬口腔崩解,布洛芬口腔崩解,布洛芬口腔崩解片,3,,manual_review
Drug::布洛芬干混悬剂,布洛芬干混悬剂,布洛芬干混悬剂,3,,manual_review
Drug::布洛芬混悬液,布洛芬混悬液,布洛芬混悬液,3,,manual_review
Drug::布洛芬缓释混悬液,布洛芬缓释混悬液,布洛芬缓释混悬液,3,,manual_review
Drug::布洛芬软,布洛芬软,布洛芬软胶囊,3,,manual_review
Drug::布美他尼,布美他尼,丁苯氧酸|丁苯氨酸|布美他尼|布美他尼注射液|布美他尼片,29,,manual_review
Drug::布舍瑞林,布舍瑞林,布舍瑞林,1,,manual_review
Drug::布诺芬,布诺芬,布诺芬,1,,manual_review
Drug::布里夫定,布里夫定,布里夫定,1,,manual_review
Drug::希美加群,希美加群,希美加群,1,,manual_review
Drug::帕他帕韦,帕他帕韦,帕他帕韦,2,,manual_review
Drug::帕克斯洛维,帕克斯洛维,帕克斯洛维,1,,manual_review
Drug::帕克斯洛维德,帕克斯洛维德,帕克斯洛维德,1,,manual_review
Drug::帕利哌酮,帕利哌酮,帕利哌酮|帕利哌酮缓释片,7,,manual_review
Drug::帕利瑞韦,帕利瑞韦,PTV|paritaprevir|帕利瑞韦,5,,manual_review
Drug::帕博利珠单抗,帕博利珠单抗,帕博利珠单抗,1,,manual_review
Drug::帕吉林,帕吉林,伏降宁|帕吉林,9,,manual_review
Drug::帕唑帕尼,帕唑帕尼,帕唑帕尼,6,,manual_review
Drug::帕妥珠单抗,帕妥珠单抗,帕妥珠单抗,1,,manual_review
Drug::帕尼培南,帕尼培南,帕尼培南,19,,manual_review
Drug::帕尼培南倍他米隆,帕尼培南/倍他米隆,帕尼培南/倍他米隆,2,,manual_review
Drug::帕屈膦酸钠,帕屈膦酸钠,帕屈膦酸钠,1,,manual_review
Drug::帕拉替尼,帕拉替尼,帕拉替尼,1,,manual_review
Drug::帕比司他,帕比司他,帕比司他,1,,manual_review
Drug::帕洛诺司琼,帕洛诺司琼,帕洛诺司琼,1,,manual_review
Drug::帕潘立酮,帕潘立酮,帕潘立酮,1,,manual_review
Drug::帕珠沙星,帕珠沙星,帕珠沙星,1,,manual_review
Drug::帕立瑞韦,帕立瑞韦,帕立瑞韦,3,,manual_review
Drug::帕米帕利,帕米帕利,帕米帕利,34,,manual_review
Drug::帕米膦酸,帕米膦酸,Pamidronate|帕米膦酸,1,,manual_review
Drug::帕米膦酸二钠,帕米膦酸二钠,帕米膦酸二钠,5,,manual_review
Drug::帕米膦酸盐,帕米膦酸盐,帕米膦酸盐,1,,manual_review
Drug::帕索康唑,帕索康唑,帕索康唑,1,,manual_review
Drug::帕罗西丁,帕罗西丁,帕罗西丁,2,,manual_review
Drug::帕罗西汀,帕罗西汀,paroxetine|帕罗西汀,97,,manual_review
Drug::帕罗韦德,帕罗韦德,Paxlovid|帕罗韦德,2,,manual_review
Drug::带状疱疹疫苗,带状疱疹疫苗,带状疱疹疫苗,1,,manual_review
Drug::常山,常山,常山,1,,manual_review
Drug::常规人胰岛素,常规人胰岛素,常规人胰岛素注射液,3,,manual_review
Drug::常规重组人胰岛素,常规重组人胰岛素,常规重组人胰岛素注射液,3,,manual_review
Drug::干姜,干姜,干姜,2,,manual_review
Drug::干扰素,干扰素,干扰素,14,,manual_review
Drug::干扰素α,干扰素-α,干扰素-α,2,,manual_review
Drug::干扰素α2b,干扰素-α2b,干扰素-α2b|干扰素α2b,2,,manual_review
Drug::干扰素α1b,干扰素α1b,干扰素α1b,1,,manual_review
Drug::干酵母,干酵母,干酵母片,3,,manual_review
Drug::平喘药,平喘药,平喘药,1,,manual_review
Drug::平阳霉素,平阳霉素,平阳霉素,2,,manual_review
Drug::广谱抗生素,广谱抗生素,广谱抗生素,1,,manual_review
Drug::广谱抗菌素,广谱抗菌素,广谱抗菌素,4,,manual_review
Drug::庆大霉素,庆大霉素,庆大霉素,151,,manual_review
Drug::库存血,库存血,库存血,5,,manual_review
Drug::度他雄胺软,度他雄胺软,度他雄胺软胶囊,3,,manual_review
Drug::度冷丁,度冷丁,度冷丁,13,,manual_review
Drug::度拉糖肽,度拉糖肽,度拉糖肽,1,,manual_review
Drug::度洛西汀,度洛西汀,度洛西汀,12,,manual_review
Drug::度维利赛,度维利赛,度维利赛,1,,manual_review
Drug::度罗西汀,度罗西汀,度罗西汀,1,,manual_review
Drug::度鲁特韦,度鲁特韦,度鲁特韦,1,,manual_review
Drug::康复龙,康复龙,康复龙,1,,manual_review
Drug::康奈非尼,康奈非尼,康奈非尼,3,,manual_review
Drug::康泰克,康泰克,康泰克,1,,manual_review
Drug::延好牌复方倍氯米松樟脑乳膏曾用名无极膏,延好牌复方倍氯米松樟脑乳膏曾用名：无极膏,延好牌 复方倍氯米松樟脑乳膏（曾用名：无极膏）,3,,manual_review
Drug::延长qtc间期的药物,延长Q-Tc间期的药物,延长Q-Tc间期的药物,1,,manual_review
Drug::延长qt间期的药物,延长QT间期的药物,延长QT间期的药物,1,,manual_review
Drug::开喉剑喷剂,开喉剑喷剂,开喉剑喷剂,1,,manual_review
Drug::异丙嗪,异丙嗪,异丙嗪|非那根,21,,manual_review
Drug::异丙基肾上腺素,异丙基肾上腺素,异丙基肾上腺素,10,,manual_review
Drug::异丙托溴铵吸入气雾剂,异丙托溴铵吸入气雾剂,异丙托溴铵吸入气雾剂,3,,manual_review
Drug::异丙托溴铵气雾剂,异丙托溴铵气雾剂,异丙托溴铵气雾剂,3,,manual_review
Drug::异丙托铵,异丙托铵,异丙托铵,1,,manual_review
Drug::异丙氯肼,异丙氯肼,异丙氯肼,1,,manual_review
Drug::异丙肼,异丙肼,异丙肼,6,,manual_review
Drug::异丙肾上腺素,异丙肾上腺素,异丙肾上腺素|异丙腺上素,22,,manual_review
Drug::异丙酚,异丙酚,异丙酚,10,,manual_review
Drug::异丙醇,异丙醇,异丙醇,1,,manual_review
Drug::异博停,异博停,异博停,2,,manual_review
Drug::异博定,异博定,异博定,1,,manual_review
Drug::异卡波肼,异卡波肼,异卡波肼,4,,manual_review
Drug::异唑肼,异唑肼,异唑肼,6,,manual_review
Drug::异喹胍,异喹胍,异喹胍,6,,manual_review
Drug::异帕米星,异帕米星,异帕米星,7,,manual_review
Drug::异戊巴比妥,异戊巴比妥,异戊巴比妥|异戊巴比妥钠注射液,3,,manual_review
Drug::异戊巴比妥钠,异戊巴比妥钠,异戊巴比妥钠,1,,manual_review
Drug::异氟烷,异氟烷,异氟烷,3,,manual_review
Drug::异氟醚,异氟醚,异氟醚,1,,manual_review
Drug::异氰酸钙,异氰酸钙,异氰酸钙,1,,manual_review
Drug::异烟肼,异烟肼,INH|口服异烟肼|异烟肼,296,,manual_review
Drug::异烟胺,异烟胺,异烟胺,1,,manual_review
Drug::异环磷酰胺,异环磷酰胺,异环磷酰胺,13,,manual_review
Drug::异甘草素,异甘草素,异甘草素,2,,manual_review
Drug::异甘草苷,异甘草苷,异甘草苷,1,,manual_review
Drug::异福,异福,异福片,2,,manual_review
Drug::异维a酸,异维A酸,异维A酸,8,,manual_review
Drug::异维a酸凝胶,异维A酸凝胶,异维A酸凝胶,3,,manual_review
Drug::异维a酸软,异维A酸软,异维A酸软胶囊,3,,manual_review
Drug::异美汀,异美汀,异美汀,1,,manual_review
Drug::异菸肼,异菸肼,异菸肼,5,,manual_review
Drug::异萘肼,异萘肼,异萘肼,1,,manual_review
Drug::异补骨脂素,异补骨脂素,异补骨脂素,4,,manual_review
Drug::异补骨脂苷,异补骨脂苷,异补骨脂苷,1,,manual_review
Drug::异银杏双黄酮,异银杏双黄酮,异银杏双黄酮,1,,manual_review
Drug::异鼠李素,异鼠李素,异鼠李素,5,,manual_review
Drug::弹性酶,弹性酶,弹性酶肠溶片,3,,manual_review
Drug::强内心百乐明,强内心百乐明,强内心百乐明,2,,manual_review
Drug::强利尿药,强利尿药,强利尿药,1,,manual_review
Drug::强利尿酸,强利尿酸,强利尿酸,3,,manual_review
Drug::强力天麻杜仲,强力天麻杜仲,强力天麻杜仲胶囊,2,,manual_review
Drug::强力镇咳药,强力镇咳药,强力镇咳药,2,,manual_review
Drug::强力霉素,强力霉素,强力霉素,25,,manual_review
Drug::强地松,强地松,强地松,1,,manual_review
Drug::强心甙,强心甙,强心甙,13,,manual_review
Drug::强心甙类药物,强心甙类药物,强心甙类药物,1,,manual_review
Drug::强心甙药物,强心甙药物,强心甙药物,1,,manual_review
Drug::强心苷,强心苷,强心苷,7,,manual_review
Drug::强心苷类药物,强心苷类药物,强心苷类药物,1,,manual_review
Drug::强心苷药物,强心苷药物,强心苷药物,3,,manual_review
Drug::强心药,强心药,强心药,1,,manual_review
Drug::强泻药,强泻药,强泻药,1,,manual_review
Drug::强的松,强的松,强的松|泼尼松,26,,manual_review
Drug::强的松龙,强的松龙,强的松龙,14,,manual_review
Drug::强镇咳药,强镇咳药,强镇咳药,2,,manual_review
Drug::当归,当归,当归,23,,manual_review
Drug::当归红花药对,当归-红花药对,当归-红花药对,1,,manual_review
Drug::当归多糖,当归多糖,当归多糖,1,,manual_review
Drug::当归头,当归头,当归头片,3,,manual_review
Drug::影响肾功能或二甲双胍消除的药物,影响肾功能或二甲双胍消除的药物,影响肾功能或二甲双胍消除的药物,1,,manual_review
Drug::律爽盐酸哌罗匹隆,律爽盐酸哌罗匹隆,律爽 盐酸哌罗匹隆片,3,,manual_review
Drug::得乐,得乐,得乐,1,,manual_review
Drug::德弗罗沙酮,德弗罗沙酮,德弗罗沙酮,1,,manual_review
Drug::德拉马尼,德拉马尼,德拉马尼,7,,manual_review
Drug::德谷门冬双胰岛素,德谷门冬双胰岛素,德谷门冬双胰岛素,3,,manual_review
Drug::心律平,心律平,心律平,6,,manual_review
Drug::心得宁,心得宁,心得宁,3,,manual_review
Drug::心得静,心得静,心得静,1,,manual_review
Drug::心舒宁,心舒宁,心舒宁,1,,manual_review
Drug::心血管药物,心血管药物,心血管药物,2,,manual_review
Drug::心衰药,心衰药,心衰药,1,,manual_review
Drug::思密达,思密达,思密达,2,,manual_review
Drug::性激素,性激素,性激素,2,,manual_review
Drug::恒古骨伤愈合剂,恒古骨伤愈合剂,恒古 骨伤愈合剂,3,,manual_review
Drug::恒格列净,恒格列净,恒格列净,3,,manual_review
Drug::恩他卡朋,恩他卡朋,恩他卡朋|恩他卡朋片,5,,manual_review
Drug::恩他卡朋双多巴片ⅱ,恩他卡朋双多巴片Ⅱ,恩他卡朋双多巴片(Ⅱ),3,,manual_review
Drug::恩卡因,恩卡因,恩卡因,1,,manual_review
Drug::恩卡尼,恩卡尼,恩卡尼,1,,manual_review
Drug::恩卡胺,恩卡胺,恩卡胺,2,,manual_review
Drug::恩曲他滨,恩曲他滨,恩曲他滨,4,,manual_review
Drug::恩曲他滨替诺福韦,恩曲他滨替诺福韦,恩曲他滨替诺福韦片,3,,manual_review
Drug::恩替卡韦,恩替卡韦,恩替卡韦|恩替卡韦分散片|恩替卡韦片|恩替卡韦胶囊,15,,manual_review
Drug::恩杂鲁胺,恩杂鲁胺,恩杂鲁胺,4,,manual_review
Drug::恩格列净,恩格列净,恩格列净|恩格列净片,19,,manual_review
Drug::恩氟沙星,恩氟沙星,恩氟沙星,1,,manual_review
Drug::恩氟烷,恩氟烷,恩氟烷,4,,manual_review
Drug::恩沙替尼,恩沙替尼,恩沙替尼,5,,manual_review
Drug::恩科拉非尼,恩科拉非尼,恩科拉非尼,1,,manual_review
Drug::恩诺沙星,恩诺沙星,恩诺沙星,8,,manual_review
Drug::恬尔心,恬尔心,恬尔心,1,,manual_review
Drug::息喘,息喘,息喘丸,2,,manual_review
Drug::息喘灵,息喘灵,息喘灵,1,,manual_review
Drug::息斯敏,息斯敏,息斯敏,3,,manual_review
Drug::愈创木酚甘油醚,愈创木酚甘油醚,愈创木酚甘油醚,1,,manual_review
Drug::愈创甘油醚,愈创甘油醚,愈创甘油醚,1,,manual_review
Drug::愈美,愈美,愈美片|愈美颗粒,6,,manual_review
Drug::愈酚伪麻口服溶液,愈酚伪麻口服溶液,愈酚伪麻口服溶液,3,,manual_review
Drug::愈酚喷托异丙嗪,愈酚喷托异丙嗪,愈酚喷托异丙嗪颗粒,3,,manual_review
Drug::愈酚甲麻那敏,愈酚甲麻那敏,愈酚甲麻那敏,1,,manual_review
Drug::意可贴醋酸地塞米松粘,意可贴醋酸地塞米松粘,意可贴 醋酸地塞米松粘贴片,3,,manual_review
Drug::感冒灵,感冒灵,感冒灵胶囊|感冒灵颗粒,7,,manual_review
Drug::感冒药,感冒药,感冒药,5,,manual_review
Drug::感愈,感愈,感愈胶囊,2,,manual_review
Drug::慢心利,慢心利,慢心利,1,,manual_review
Drug::慢心律,慢心律,慢心律,5,,manual_review
Drug::慢性病药物,慢性病药物,慢性病药物,1,,manual_review
Drug::戈米辛g,戈米辛G,戈米辛G,2,,manual_review
Drug::戈舍瑞林,戈舍瑞林,戈舍瑞林,2,,manual_review
Drug::戈诺卫,戈诺卫,戈诺卫,1,,manual_review
Drug::戈那瑞林,戈那瑞林,戈那瑞林,1,,manual_review
Drug::戊他汀,戊他汀,戊他汀,1,,manual_review
Drug::戊基亚硝酸盐,戊基亚硝酸盐,戊基亚硝酸盐,2,,manual_review
Drug::戊巴比妥,戊巴比妥,戊巴比妥,8,,manual_review
Drug::戊巴比妥钠,戊巴比妥钠,戊巴比妥钠,1,,manual_review
Drug::戊烷脒,戊烷脒,戊烷脒|戊烷脒注射剂,3,,manual_review
Drug::戊脉安,戊脉安,戊脉安,4,,manual_review
Drug::戊酸甘油酯,戊酸甘油酯,戊酸甘油酯,2,,manual_review
Drug::戊酸钠口服溶液,戊酸钠口服溶液,戊酸钠口服溶液,2,,manual_review
Drug::戊酸雌二醇,戊酸雌二醇,戊酸雌二醇片,3,,manual_review
Drug::戊酸雌二醇片雌二醇环丙孕酮片复合包装,戊酸雌二醇片/雌二醇环丙孕酮片复合包装,戊酸雌二醇片/雌二醇环丙孕酮片复合包装,2,,manual_review
Drug::成人牌复合维生素,成人牌复合维生素,成人牌复合维生素片,3,,manual_review
Drug::成兰索拉唑,成兰索拉唑,成兰索拉唑片,3,,manual_review
Drug::戒酒硫,戒酒硫,戒酒硫,31,,manual_review
Drug::戒酒药品,戒酒药品,戒酒药品,1,,manual_review
Drug::扁蒴藤素,扁蒴藤素,扁蒴藤素,1,,manual_review
Drug::扎普司特,扎普司特,扎普司特,1,,manual_review
Drug::扎来普隆,扎来普隆,扎来普隆|扎来普隆分散片|扎来普隆片,14,,manual_review
Drug::扎西他宾,扎西他宾,扎西他宾,2,,manual_review
Drug::扎西他滨,扎西他滨,扎西他滨,1,,manual_review
Drug::扎鲁司特,扎鲁司特,扎鲁司特片,3,,manual_review
Drug::扑热息痛,扑热息痛,扑热息痛,19,,manual_review
Drug::扑疟喹,扑疟喹,扑疟喹,1,,manual_review
Drug::扑疟喹啉,扑疟喹啉,扑疟喹啉,3,,manual_review
Drug::扑痫酮,扑痫酮,扑痫酮|脱氧苯比妥(扑痫酮),7,,manual_review
Drug::扑癫酮,扑癫酮,扑癫酮,2,,manual_review
Drug::扑迷酮,扑迷酮,扑迷酮,1,,manual_review
Drug::托伐普坦,托伐普坦,托伐普坦,12,,manual_review
Drug::托吡酯,托吡酯,妥泰|托吡酯|托吡酯片,32,,manual_review
Drug::托呲酯,托呲酯,托呲酯,1,,manual_review
Drug::托品酸,托品酸,托品酸,1,,manual_review
Drug::托哌酮,托哌酮,托哌酮,1,,manual_review
Drug::托拉塞米,托拉塞米,托拉塞米|托拉塞米片,17,,manual_review
Drug::托拉苏林,托拉苏林,托拉苏林,1,,manual_review
Drug::托泊替康,托泊替康,托泊替康,2,,manual_review
Drug::托法替尼,托法替尼,托法替尼,1,,manual_review
Drug::托法替布,托法替布,托法替布,2,,manual_review
Drug::托洛沙酮,托洛沙酮,托洛沙酮,4,,manual_review
Drug::托特罗定,托特罗定,托特罗定,1,,manual_review
Drug::托珠单抗,托珠单抗,托珠单抗,2,,manual_review
Drug::托瑞米芬,托瑞米芬,托瑞米芬,2,,manual_review
Drug::托磺沙星,托磺沙星,托磺沙星,2,,manual_review
Drug::托莫西汀,托莫西汀,托莫西汀,3,,manual_review
Drug::托萘酯,托萘酯,托萘酯,1,,manual_review
Drug::托西酸舒他西林,托西酸舒他西林,托西酸舒他西林分散片|托西酸舒他西林片|托西酸舒他西林颗粒,9,,manual_review
Drug::扩血管药,扩血管药,扩血管药,1,,manual_review
Drug::扶他林乳胶剂,扶他林乳胶剂,扶他林乳胶剂,1,,manual_review
Drug::扶正散结合剂,扶正散结合剂,扶正散结合剂,2,,manual_review
Drug::抑制肾脏膜转运体的药物,抑制肾脏膜转运体的药物,抑制肾脏膜转运体的药物,1,,manual_review
Drug::抑制血小板功能的药物,抑制血小板功能的药物,抑制血小板功能的药物,1,,manual_review
Drug::抑酸剂,抑酸剂,抑酸剂,1,,manual_review
Drug::抗ctla4,抗CTLA-4,抗CTLA-4,1,,manual_review
Drug::抗hiv药物,抗HIV药物,抗HIV药物,1,,manual_review
Drug::抗pd1,抗PD-1,抗PD-1,1,,manual_review
Drug::抗凝药,抗凝药,抗凝剂|抗凝药|抗凝药(香豆素或茚满二酮衍生物),41,,manual_review
Drug::抗凝药物,抗凝药物,抗凝药物,11,,manual_review
Drug::抗凝血剂,抗凝血剂,抗凝血剂,6,,manual_review
Drug::抗凝血药,抗凝血药,抗凝血药,9,,manual_review
Drug::抗利尿激素,抗利尿激素,抗利尿激素,1,,manual_review
Drug::抗坏血酸,抗坏血酸,抗坏血酸,4,,manual_review
Drug::抗幽门螺旋菌药物,抗幽门螺旋菌药物,抗幽门螺旋菌药物,1,,manual_review
Drug::抗心律失常药,抗心律失常药,抗心律失常药,5,,manual_review
Drug::抗心律失常药物,抗心律失常药物,抗心律失常药物,2,,manual_review
Drug::抗惊厥药,抗惊厥药,抗惊厥药,5,,manual_review
Drug::抗惊厥药物,抗惊厥药物,抗惊厥药物,3,,manual_review
Drug::抗抑郁药,抗抑郁药,抑郁药|抗抑郁药|某些抗抑郁药,17,,manual_review
Drug::抗抽搐药,抗抽搐药,抗抽搐药,1,,manual_review
Drug::抗敌素,抗敌素,抗敌素,2,,manual_review
Drug::抗炎镇痛药,抗炎镇痛药,其他抗炎镇痛药|抗炎镇痛药,1,,manual_review
Drug::抗焦虑药,抗焦虑药,抗焦虑药,2,,manual_review
Drug::抗生素,抗生素,抗生素,28,,manual_review
Drug::抗生素类,抗生素类,抗生素类,1,,manual_review
Drug::抗甲状腺剂,抗甲状腺剂,抗甲状腺剂,1,,manual_review
Drug::抗甲状腺药物,抗甲状腺药物,抗甲状腺药物,1,,manual_review
Drug::抗疟药,抗疟药,抗疟药,1,,manual_review
Drug::抗病毒药,抗病毒药,抗病毒药,2,,manual_review
Drug::抗病毒药物,抗病毒药物,抗病毒药物,1,,manual_review
Drug::抗痛风药,抗痛风药,抗痛风药,2,,manual_review
Drug::抗癌药,抗癌药,抗癌药,1,,manual_review
Drug::抗癌药物,抗癌药物,抗癌药物,1,,manual_review
Drug::抗癫痫药,抗癫痫药,抗癫痫药,7,,manual_review
Drug::抗癫痫药物,抗癫痫药物,抗癫痫药物,2,,manual_review
Drug::抗真菌药,抗真菌药,抗真菌药,1,,manual_review
Drug::抗真菌药物,抗真菌药物,抗真菌药物,2,,manual_review
Drug::抗精神病类药物,抗精神病类药物,抗精神病类药物,1,,manual_review
Drug::抗精神病药,抗精神病药,抗精神病药,4,,manual_review
Drug::抗精神病药物,抗精神病药物,抗精神病药物,4,,manual_review
Drug::抗精神障碍药物,抗精神障碍药物,抗精神障碍药物,1,,manual_review
Drug::抗糖尿病药,抗糖尿病药,抗糖尿病药,4,,manual_review
Drug::抗糖尿病药物,抗糖尿病药物,抗糖尿病药物,5,,manual_review
Drug::抗组织胺剂,抗组织胺剂,抗组织胺剂,1,,manual_review
Drug::抗组织胺药,抗组织胺药,抗组织胺|抗组织胺药,1,,manual_review
Drug::抗组胺类,抗组胺类,抗组胺类,1,,manual_review
Drug::抗组胺药,抗组胺药,抗组胺药,24,,manual_review
Drug::抗结核治疗药物,抗结核治疗药物,抗结核治疗药物,1,,manual_review
Drug::抗结核药物,抗结核药物,抗结核药物,5,,manual_review
Drug::抗肌无力药,抗肌无力药,抗肌无力药,4,,manual_review
Drug::抗肌松药,抗肌松药,抗肌松药,2,,manual_review
Drug::抗肝炎病毒药,抗肝炎病毒药,抗肝炎病毒药,1,,manual_review
Drug::抗肿瘤治疗药物,抗肿瘤治疗药物,抗肿瘤治疗药物,1,,manual_review
Drug::抗肿瘤药,抗肿瘤药,抗肿瘤药,1,,manual_review
Drug::抗肿瘤药物,抗肿瘤药物,抗肿瘤药物,2,,manual_review
Drug::抗胆碱能药,抗胆碱能药,抗胆碱能药,1,,manual_review
Drug::抗胆碱能药物,抗胆碱能药物,抗胆碱能药物,4,,manual_review
Drug::抗胆碱药,抗胆碱药,抗胆碱药,56,,manual_review
Drug::抗胆碱酯酶药物,抗胆碱酯酶药物,抗胆碱酯酶药物,1,,manual_review
Drug::抗艾滋病毒药物,抗艾滋病毒药物,抗艾滋病毒药物,1,,manual_review
Drug::抗艾滋病病毒治疗药物,抗艾滋病病毒治疗药物,抗艾滋病病毒治疗药物,1,,manual_review
Drug::抗艾滋病药,抗艾滋病药,抗艾滋病药,1,,manual_review
Drug::抗菌增效剂tmp,抗菌增效剂TMP,抗菌增效剂TMP,1,,manual_review
Drug::抗菌素,抗菌素,抗菌素,1,,manual_review
Drug::抗菌药,抗菌药,抗菌药,6,,manual_review
Drug::抗菌药物,抗菌药物,抗菌药物,2,,manual_review
Drug::抗蠕动止泻药,抗蠕动止泻药,抗蠕动止泻药,7,,manual_review
Drug::抗血凝剂,抗血凝剂,抗血凝剂,1,,manual_review
Drug::抗血小板药,抗血小板药,抗血小板药,2,,manual_review
Drug::抗血小板药物,抗血小板药物,抗血小板药物,3,,manual_review
Drug::抗血栓类,抗血栓类,抗血栓类,1,,manual_review
Drug::抗血栓药,抗血栓药,抗血栓药,1,,manual_review
Drug::抗贫血药,抗贫血药,抗贫血药,1,,manual_review
Drug::抗过敏药,抗过敏药,抗过敏药,10,,manual_review
Drug::抗过敏药物,抗过敏药物,抗过敏药物,1,,manual_review
Drug::抗逆转录病毒治疗,抗逆转录病毒治疗,抗逆转录病毒治疗,2,,manual_review
Drug::抗逆转录病毒治疗药物,抗逆转录病毒治疗药物,抗逆转录病毒治疗药物,1,,manual_review
Drug::抗逆转录病毒药物,抗逆转录病毒药物,抗逆转录病毒药物,1,,manual_review
Drug::抗酸剂,抗酸剂,抗酸剂|抗酸剂（铝、镁）,50,,manual_review
Drug::抗酸铝剂,抗酸铝剂,抗酸铝剂,1,,manual_review
Drug::抗骨增生,抗骨增生,抗骨增生片,3,,manual_review
Drug::抗高血压药,抗高血压药,抗高血压药,14,,manual_review
Drug::抗高血压药物,抗高血压药物,抗高血压药物,4,,manual_review
Drug::护肝宁,护肝宁,护肝宁胶囊,3,,manual_review
Drug::报春花油,报春花油,报春花油,1,,manual_review
Drug::拉克替醇,拉克替醇,拉克替醇散,3,,manual_review
Drug::拉呋替丁,拉呋替丁,拉呋替丁分散片,2,,manual_review
Drug::拉坦前列素,拉坦前列素,拉坦前列素,1,,manual_review
Drug::拉帕替尼,拉帕替尼,拉帕替尼,10,,manual_review
Drug::拉替拉韦,拉替拉韦,RAL|Raltegravir|拉替拉韦,13,,manual_review
Drug::拉替拉韦钾,拉替拉韦钾,拉替拉韦钾片,3,,manual_review
Drug::拉氧头孢,拉氧头孢,拉氧头孢|羟羧氧酰胺菌素,28,,manual_review
Drug::拉科酰胺,拉科酰胺,拉科酰胺,1,,manual_review
Drug::拉米夫定,拉米夫定,3TC|拉米夫定|拉米夫定片|拉米夫定胶囊,46,,manual_review
Drug::拉维达韦,拉维达韦,拉维达韦,3,,manual_review
Drug::拉罗替尼,拉罗替尼,拉罗替尼,3,,manual_review
Drug::拉考沙胺,拉考沙胺,拉考沙胺,5,,manual_review
Drug::拉莫三嗪,拉莫三嗪,拉莫三嗪|拉莫三嗪分散片|拉莫三嗪片,64,,manual_review
Drug::拉西地平,拉西地平,拉西地平|拉西地平分散片|拉西地平片,17,,manual_review
Drug::拉贝洛尔,拉贝洛尔,拉贝洛尔,9,,manual_review
Drug::拉辛,拉辛,拉辛,1,,manual_review
Drug::拓扑替康,拓扑替康,topotecan|拓扑替康|拓朴替康,4,,manual_review
Drug::拓朴替康,拓朴替康,拓朴替康,1,,manual_review
Drug::拟交感神经药,拟交感神经药,拟交感神经药,2,,manual_review
Drug::拟交感神经药物,拟交感神经药物,拟交感神经药物,5,,manual_review
Drug::拟交感胺,拟交感胺,拟交感胺,3,,manual_review
Drug::拟交感胺类药,拟交感胺类药,拟交感胺类药,1,,manual_review
Drug::拟交感胺类药物,拟交感胺类药物,拟交感胺类药物,1,,manual_review
Drug::拟交感药,拟交感药,拟交感药,1,,manual_review
Drug::指夹式血氧仪,指夹式血氧仪,指夹式血氧仪,1,,manual_review
Drug::捷扶康,捷扶康,Genvoya|捷扶康,3,,manual_review
Drug::掌叶防风碱,掌叶防风碱,掌叶防风碱,1,,manual_review
Drug::排尿酸药,排尿酸药,排尿酸药,2,,manual_review
Drug::排石冲剂,排石冲剂,排石冲剂,1,,manual_review
Drug::排石汤,排石汤,排石汤,1,,manual_review
Drug::排钾利尿剂,排钾利尿剂,排钾利尿剂,3,,manual_review
Drug::排钾利尿药,排钾利尿药,排钾利尿药,5,,manual_review
Drug::排钾性利尿药,排钾性利尿药,排钾性利尿药,1,,manual_review
Drug::支气管扩张剂,支气管扩张剂,吸入和口服支气管扩张剂|支气管扩张剂,5,,manual_review
Drug::收敛剂,收敛剂,收敛剂,1,,manual_review
Drug::改善贫血药,改善贫血药,改善贫血药,1,,manual_review
Drug::放射性造影剂,放射性造影剂,放射性造影剂,1,,manual_review
Drug::放射治疗,放射治疗,放射治疗,1,,manual_review
Drug::放线菌素,放线菌素,放线菌素,1,,manual_review
Drug::敌百虫,敌百虫,敌百虫,1,,manual_review
Drug::敖东壮肾,敖东壮肾,敖东壮肾丸,3,,manual_review
Drug::敖东牌多种维生素,敖东牌多种维生素,敖东牌多种维生素片,3,,manual_review
Drug::整肠生,整肠生,整肠生,3,,manual_review
Drug::整蛋白型肠内营养剂,整蛋白型肠内营养剂,整蛋白型肠内营养剂,3,,manual_review
Drug::文拉法新,文拉法新,文拉法新,3,,manual_review
Drug::文拉法辛,文拉法辛,文拉法辛,38,,manual_review
Drug::新冠病毒感染相关治疗药物,新冠病毒感染相关治疗药物,新冠病毒感染相关治疗药物,1,,manual_review
Drug::新力莱,新力莱,新力莱,1,,manual_review
Drug::新双香豆素,新双香豆素,新双香豆素,4,,manual_review
Drug::新喹诺酮类抗菌药,新喹诺酮类抗菌药,新喹诺酮类抗菌药,1,,manual_review
Drug::新噁酸,新噁酸,新噁酸,1,,manual_review
Drug::新型口服抗凝药,新型口服抗凝药,NOACs|新型口服抗凝药,4,,manual_review
Drug::新山地明,新山地明,新山地明,1,,manual_review
Drug::新康泰克,新康泰克,新康泰克,2,,manual_review
Drug::新抗凝,新抗凝,新抗凝,6,,manual_review
Drug::新斯的明,新斯的明,新斯的明,13,,manual_review
Drug::新橙皮苷,新橙皮苷,新橙皮苷,2,,manual_review
Drug::新比清丙戊酸钠口服溶液,新比清丙戊酸钠口服溶液,新比清 丙戊酸钠口服溶液,2,,manual_review
Drug::新生霉素,新生霉素,新生霉素,14,,manual_review
Drug::新疆藁本,新疆藁本,新疆藁本,1,,manual_review
Drug::新福林,新福林,新福林,9,,manual_review
Drug::新菌灵,新菌灵,新菌灵,1,,manual_review
Drug::新血宝,新血宝,新血宝胶囊,2,,manual_review
Drug::新诺明,新诺明,新诺明,1,,manual_review
Drug::新霉素,新霉素,新霉素,60,,manual_review
Drug::新霉素钠,新霉素钠,新霉素钠,1,,manual_review
Drug::新青霉素,新青霉素,新青霉素,1,,manual_review
Drug::新青霉素ⅲ,新青霉素Ⅲ,新青霉素Ⅲ,2,,manual_review
Drug::施保利通,施保利通,施保利通片,3,,manual_review
Drug::施慧达,施慧达,施慧达,1,,manual_review
Drug::无乳链球菌,无乳链球菌,无乳链球菌,1,,manual_review
Drug::无味氯霉素,无味氯霉素,无味氯霉素,2,,manual_review
Drug::无味红霉素,无味红霉素,无味红霉素,2,,manual_review
Drug::无环鸟苷,无环鸟苷,无环鸟苷,3,,manual_review
Drug::日夜百服宁,日夜百服宁,日夜百服宁,1,,manual_review
Drug::昆布,昆布,昆布,1,,manual_review
Drug::明矾,明矾,明矾,1,,manual_review
Drug::易成瘾药,易成瘾药,易成瘾药,1,,manual_review
Drug::易蒙停,易蒙停,易蒙停,1,,manual_review
Drug::昔芬,昔芬,昔芬,1,,manual_review
Drug::晕车药,晕车药,晕车药,1,,manual_review
Drug::普伐他汀,普伐他汀,pravastatin|普伐他汀,84,,manual_review
Drug::普伐他汀钠,普伐他汀钠,普伐他汀钠片|普伐他汀钠胶囊,5,,manual_review
Drug::普兰林肽,普兰林肽,普兰林肽,1,,manual_review
Drug::普奈洛尔,普奈洛尔,普奈洛尔,1,,manual_review
Drug::普托马尼,普托马尼,普托马尼,7,,manual_review
Drug::普拉地平,普拉地平,普拉地平,2,,manual_review
Drug::普拉格雷,普拉格雷,Prasugrel|普拉格雷,4,,manual_review
Drug::普拉洛尔,普拉洛尔,普拉洛尔,1,,manual_review
Drug::普泽力,普泽力,普泽力,2,,manual_review
Drug::普流尼克p85,普流尼克P85,普流尼克P85,1,,manual_review
Drug::普瑞巴林,普瑞巴林,普瑞巴林|普瑞巴林胶囊,9,,manual_review
Drug::普罗卡因,普罗卡因,普罗卡因,1,,manual_review
Drug::普罗布考,普罗布考,普罗布考|普罗布考片,6,,manual_review
Drug::普罗帕酮,普罗帕酮,心律平|普罗帕酮,66,,manual_review
Drug::普罗替林,普罗替林,普罗替林,1,,manual_review
Drug::普罗本辛,普罗本辛,普罗本辛,1,,manual_review
Drug::普罗碘铵,普罗碘铵,普罗碘铵注射液,3,,manual_review
Drug::普莱洛尔,普莱洛尔,普莱洛尔,1,,manual_review
Drug::普萘洛尔,普萘洛尔,propranolol|心得安|普萘洛尔,161,,manual_review
Drug::普那霉素,普那霉素,普那霉素,1,,manual_review
Drug::普鲁卡因,普鲁卡因,普鲁卡因,20,,manual_review
Drug::普鲁卡因胺,普鲁卡因胺,普鲁卡因胺|普鲁卡因酰胺,39,,manual_review
Drug::普鲁卡因酰胺,普鲁卡因酰胺,普鲁卡因酰胺,15,,manual_review
Drug::普鲁卡因青霉素,普鲁卡因青霉素,普鲁卡因青霉素,6,,manual_review
Drug::普鲁卡因青霉素g,普鲁卡因青霉素G,普鲁卡因青霉素G,1,,manual_review
Drug::普鲁卡胺,普鲁卡胺,普鲁卡胺,1,,manual_review
Drug::普鲁帕酮,普鲁帕酮,普鲁帕酮,1,,manual_review
Drug::普鲁替林,普鲁替林,普鲁替林,1,,manual_review
Drug::普鲁本率,普鲁本率,普鲁本率,1,,manual_review
Drug::普鲁本辛,普鲁本辛,普鲁本辛,22,,manual_review
Drug::普鲁苯辛,普鲁苯辛,普鲁苯辛,1,,manual_review
Drug::曲代沙星,曲代沙星,曲代沙星,1,,manual_review
Drug::曲伐沙星,曲伐沙星,曲伐沙星,8,,manual_review
Drug::曲前列环素,曲前列环素,曲前列环素,1,,manual_review
Drug::曲吡那敏,曲吡那敏,曲吡那敏,2,,manual_review
Drug::曲唑酮,曲唑酮,曲唑酮,27,,manual_review
Drug::曲妥单抗,曲妥单抗,曲妥单抗,1,,manual_review
Drug::曲妥珠单抗,曲妥珠单抗,曲妥珠单抗,3,,manual_review
Drug::曲安奈德,曲安奈德,曲安奈德|曲安奈德注射液,7,,manual_review
Drug::曲安奈德鼻,曲安奈德鼻,曲安奈德鼻喷雾剂,3,,manual_review
Drug::曲安缩松,曲安缩松,曲安缩松,1,,manual_review
Drug::曲安西龙,曲安西龙,曲安西龙,1,,manual_review
Drug::曲安霉素,曲安霉素,曲安霉素,1,,manual_review
Drug::曲尼司特,曲尼司特,曲尼司特胶囊,3,,manual_review
Drug::曲昔派特,曲昔派特,曲昔派特胶囊,2,,manual_review
Drug::曲普坦,曲普坦,曲普坦,1,,manual_review
Drug::曲格列酮,曲格列酮,曲格列酮,9,,manual_review
Drug::曲美他嗪,曲美他嗪,曲美他嗪,2,,manual_review
Drug::曲美替尼,曲美替尼,曲美替尼,1,,manual_review
Drug::曲贝替定,曲贝替定,trabectedin|曲贝替定,1,,manual_review
Drug::曲马多,曲马多,曲马多,15,,manual_review
Drug::更昔洛韦氯化钠,更昔洛韦氯化钠,更昔洛韦氯化钠注射液,3,,manual_review
Drug::曼月乐,曼月乐,曼月乐,1,,manual_review
Drug::曼陀罗,曼陀罗,曼陀罗,1,,manual_review
Drug::替利定,替利定,替利定,1,,manual_review
Drug::替加氟,替加氟,替加氟|替加氟片,4,,manual_review
Drug::替加环素,替加环素,替加环素,12,,manual_review
Drug::替勃龙,替勃龙,替勃龙,1,,manual_review
Drug::替卡格雷,替卡格雷,替卡格雷,2,,manual_review
Drug::替卡西林克拉维酸,替卡西林/克拉维酸,替卡西林/克拉维酸|替卡西林克拉维酸,3,,manual_review
Drug::替可克肽,替可克肽,替可克肽,1,,manual_review
Drug::替吉奥,替吉奥,替吉奥|替吉奥胶囊,4,,manual_review
Drug::替尼泊苷,替尼泊苷,替尼泊苷注射液,3,,manual_review
Drug::替戈拉生,替戈拉生,替戈拉生,1,,manual_review
Drug::替扎卡托依伐卡托,替扎卡托/依伐卡托,替扎卡托/依伐卡托,1,,manual_review
Drug::替扎尼定,替扎尼定,替扎尼定,6,,manual_review
Drug::替拉普韦,替拉普韦,替拉普韦,1,,manual_review
Drug::替拉瑞韦,替拉瑞韦,替拉瑞韦,6,,manual_review
Drug::替拉那韦,替拉那韦,替拉那韦,10,,manual_review
Drug::替拉那韦利托那韦,替拉那韦/利托那韦,替拉那韦/利托那韦,1,,manual_review
Drug::替普瑞酮,替普瑞酮,替普瑞酮胶囊,3,,manual_review
Drug::替普那韦,替普那韦,替普那韦,4,,manual_review
Drug::替普那韦利托那韦,替普那韦/利托那韦,替普那韦/利托那韦,2,,manual_review
Drug::替格列汀,替格列汀,替格列汀,2,,manual_review
Drug::替格瑞洛,替格瑞洛,Ticagrelor|替格瑞洛,45,,manual_review
Drug::替比夫定,替比夫定,替比夫定片,3,,manual_review
Drug::替沃噻吨,替沃噻吨,替沃噻吨,1,,manual_review
Drug::替硝唑,替硝唑,替硝唑|替硝唑片|替硝唑胶囊,17,,manual_review
Drug::替米沙坦,替米沙坦,替米沙坦|替米沙坦分散片|替米沙坦片|替米沙坦胶囊,28,,manual_review
Drug::替米沙坦氢氯噻嗪,替米沙坦氢氯噻嗪,替米沙坦氢氯噻嗪|替米沙坦氢氯噻嗪片,3,,manual_review
Drug::替罗非班,替罗非班,替罗非班,1,,manual_review
Drug::替考拉宁,替考拉宁,替考拉宁,4,,manual_review
Drug::替芬泰,替芬泰,替芬泰,2,,manual_review
Drug::替莫唑胺,替莫唑胺,替莫唑胺|替莫唑胺胶囊,4,,manual_review
Drug::替诺昔康,替诺昔康,替诺昔康,1,,manual_review
Drug::替诺福韦,替诺福韦,TDF|替诺福韦,27,,manual_review
Drug::替诺福韦df,替诺福韦DF,替诺福韦DF,1,,manual_review
Drug::替诺福韦艾拉酚胺,替诺福韦艾拉酚胺,TAF|替诺福韦艾拉酚胺,1,,manual_review
Drug::替诺福韦酯,替诺福韦酯,TDF|替诺福韦酯,5,,manual_review
Drug::替马沙星,替马沙星,替马沙星,2,,manual_review
Drug::替马西泮,替马西泮,替马西泮|羟基安定,3,,manual_review
Drug::替鲁膦酸二钠,替鲁膦酸二钠,替鲁膦酸二钠,5,,manual_review
Drug::月桂醇硫酸钠,月桂醇硫酸钠,月桂醇硫酸钠,1,,manual_review
Drug::有机物,有机物,有机物,1,,manual_review
Drug::有机磷酸酯类,有机磷酸酯类,有机磷酸酯类,1,,manual_review
Drug::有机酸成分的药物,有机酸成分的药物,有机酸成分的药物,1,,manual_review
Drug::有机阳离子转运体2,有机阳离子转运体2,有机阳离子转运体2,1,,manual_review
Drug::有机阴离子转运体1,有机阴离子转运体1,有机阴离子转运体1,1,,manual_review
Drug::有机阴离子转运体3,有机阴离子转运体3,有机阴离子转运体3,1,,manual_review
Drug::有机阴离子转运多肽1b1,有机阴离子转运多肽1B1,有机阴离子转运多肽1B1,1,,manual_review
Drug::有机阴离子转运多肽1b3,有机阴离子转运多肽1B3,有机阴离子转运多肽1B3,1,,manual_review
Drug::朝藿定a,朝藿定A,朝藿定A,1,,manual_review
Drug::朝藿定b,朝藿定B,朝藿定B,1,,manual_review
Drug::朝藿定c,朝藿定C,朝藿定C,1,,manual_review
Drug::木兰花碱,木兰花碱,木兰花碱,1,,manual_review
Drug::木犀草素,木犀草素,木犀草素,1,,manual_review
Drug::木瓜,木瓜,木瓜,2,,manual_review
Drug::木糖醇,木糖醇,木糖醇,1,,manual_review
Drug::木通,木通,木通,2,,manual_review
Drug::木酚素,木酚素,木酚素,1,,manual_review
Drug::木香,木香,木香,1,,manual_review
Drug::本品,本品,本品,6,,manual_review
Drug::本妥因,本妥因,本妥因,1,,manual_review
Drug::本妥昔单抗,本妥昔单抗,本妥昔单抗,1,,manual_review
Drug::本芴醇,本芴醇,本芴醇,2,,manual_review
Drug::本药,本药,本药,1,,manual_review
Drug::朱砂,朱砂,朱砂,3,,manual_review
Drug::朴热息痛,朴热息痛,朴热息痛,1,,manual_review
Drug::杆菌肽,杆菌肽,杆菌肽,3,,manual_review
Drug::杏仁,杏仁,杏仁,2,,manual_review
Drug::杜仲,杜仲,杜仲,2,,manual_review
Drug::杜冷丁,杜冷丁,杜冷丁,9,,manual_review
Drug::杜鲁特韦,杜鲁特韦,杜鲁特韦,2,,manual_review
Drug::来匹卢定,来匹卢定,来匹卢定,2,,manual_review
Drug::来曲唑,来曲唑,来曲唑|来曲唑片,5,,manual_review
Drug::来氟米特,来氟米特,来氟米特|来氟米特片|来氟米特胶囊,12,,manual_review
Drug::来迪派韦,来迪派韦,来迪派韦,11,,manual_review
Drug::来迪派韦索磷布韦,来迪派韦/索磷布韦,来迪派韦/索磷布韦|来迪派韦索磷布韦,3,,manual_review
Drug::来那帕韦,来那帕韦,来那帕韦,1,,manual_review
Drug::来那度胺,来那度胺,来那度胺胶囊,2,,manual_review
Drug::来那替尼,来那替尼,来那替尼,1,,manual_review
Drug::杨梅素,杨梅素,杨梅素,1,,manual_review
Drug::杨梅酮,杨梅酮,杨梅酮,2,,manual_review
Drug::松果菊,松果菊,松果菊,1,,manual_review
Drug::松果菊提取物,松果菊提取物,松果菊提取物,1,,manual_review
Drug::松香酸,松香酸,松香酸,3,,manual_review
Drug::板蓝根,板蓝根,板蓝根,2,,manual_review
Drug::板蓝清热,板蓝清热,板蓝清热颗粒,3,,manual_review
Drug::枇杷叶,枇杷叶,枇杷叶,1,,manual_review
Drug::林可菌素,林可菌素,林可菌素,1,,manual_review
Drug::林可酰胺类,林可酰胺类,林可酰胺类,1,,manual_review
Drug::林可霉素,林可霉素,林可霉素|林肯霉素,73,,manual_review
Drug::林可霉素类,林可霉素类,林可霉素类,1,,manual_review
Drug::林可霉素维b6,林可霉素维B6,林可霉素维B6乳膏,2,,manual_review
Drug::林格氏液,林格氏液,林格氏液,2,,manual_review
Drug::林格氏溶液,林格氏溶液,林格氏溶液,3,,manual_review
Drug::林肯霉素,林肯霉素,林肯霉素,2,,manual_review
Drug::果糖,果糖,果糖,1,,manual_review
Drug::果糖二磷酸钙,果糖二磷酸钙,果糖二磷酸钙片,3,,manual_review
Drug::果糖二磷酸钠,果糖二磷酸钠,果糖二磷酸钠注射液|果糖二磷酸钠胶囊,6,,manual_review
Drug::果糖二磷酸钠口服溶液,果糖二磷酸钠口服溶液,果糖二磷酸钠口服溶液,3,,manual_review
Drug::果胶,果胶,果胶,4,,manual_review
Drug::果胶铋,果胶铋,果胶铋,2,,manual_review
Drug::枢兴奋剂,枢兴奋剂,枢兴奋剂,1,,manual_review
Drug::枣皮,枣皮,枣皮,1,,manual_review
Drug::枫蓼肠胃康,枫蓼肠胃康,枫蓼肠胃康片,3,,manual_review
Drug::枯草杆菌二联活菌,枯草杆菌二联活菌,枯草杆菌二联活菌颗粒,3,,manual_review
Drug::枯草芽孢杆菌,枯草芽孢杆菌,枯草芽孢杆菌,1,,manual_review
Drug::枳壳,枳壳,枳壳,4,,manual_review
Drug::枳实,枳实,枳实,20,,manual_review
Drug::枸地氯雷他定,枸地氯雷他定,枸地氯雷他定片,3,,manual_review
Drug::枸杞,枸杞,枸杞,2,,manual_review
Drug::枸椽酸铋钾,枸椽酸铋钾,枸椽酸铋钾,1,,manual_review
Drug::枸橼酸他莫昔芬,枸橼酸他莫昔芬,枸橼酸他莫昔芬片,3,,manual_review
Drug::枸橼酸他莫昔芬口服溶液,枸橼酸他莫昔芬口服溶液,枸橼酸他莫昔芬口服溶液,3,,manual_review
Drug::枸橼酸坦度螺酮,枸橼酸坦度螺酮,枸橼酸坦度螺酮片,3,,manual_review
Drug::枸橼酸托法替布,枸橼酸托法替布,枸橼酸托法替布片,3,,manual_review
Drug::枸橼酸托瑞米芬,枸橼酸托瑞米芬,枸橼酸托瑞米芬片,3,,manual_review
Drug::枸橼酸氢钾钠,枸橼酸氢钾钠,枸橼酸氢钾钠颗粒,3,,manual_review
Drug::枸橼酸盐,枸橼酸盐,枸椽酸盐|枸橼酸盐,8,,manual_review
Drug::枸橼酸芬太尼,枸橼酸芬太尼,枸橼酸芬太尼,2,,manual_review
Drug::枸橼酸苹果酸钙,枸橼酸苹果酸钙,枸橼酸苹果酸钙片,3,,manual_review
Drug::枸橼酸莫沙必利,枸橼酸莫沙必利,枸橼酸莫沙必利分散片|枸橼酸莫沙必利片|枸橼酸莫沙必利胶囊,10,,manual_review
Drug::枸橼酸西地那非,枸橼酸西地那非,枸橼酸西地那非,1,,manual_review
Drug::枸橼酸钠,枸橼酸钠,枸橼酸钠,10,,manual_review
Drug::枸橼酸钾,枸橼酸钾,枸橼酸钾|枸橼酸钾缓释片|枸橼酸钾颗粒,7,,manual_review
Drug::枸橼酸铋钾,枸橼酸铋钾,枸橼酸铋钾|枸橼酸铋钾片|枸橼酸铋钾胶囊|枸橼酸铋钾颗粒,14,,manual_review
Drug::枸橼酸铋雷尼替丁,枸橼酸铋雷尼替丁,枸橼酸铋雷尼替丁片|枸橼酸铋雷尼替丁胶囊,6,,manual_review
Drug::枸橼酸镁,枸橼酸镁,枸橼酸镁,1,,manual_review
Drug::柑橘属中药,柑橘属中药,柑橘属中药,1,,manual_review
Drug::染料木素,染料木素,染料木素,1,,manual_review
Drug::柔红霉素,柔红霉素,柔红霉素,7,,manual_review
Drug::柚汁,柚汁,柚汁,1,,manual_review
Drug::柚皮素,柚皮素,柚皮素,4,,manual_review
Drug::柚皮苷,柚皮苷,柚皮苷,5,,manual_review
Drug::柠檬苦素,柠檬苦素,柠檬苦素,4,,manual_review
Drug::柱晶白霉素,柱晶白霉素,柱晶白霉素,1,,manual_review
Drug::柳氮磺吡啶,柳氮磺吡啶,柳氮磺吡啶|柳氮磺吡啶肠溶片,12,,manual_review
Drug::柳氮磺吡啶栓,柳氮磺吡啶栓,柳氮磺吡啶栓,3,,manual_review
Drug::柳氮磺吡啶结肠溶,柳氮磺吡啶结肠溶,柳氮磺吡啶结肠溶胶囊,3,,manual_review
Drug::柳氮磺胺吡啶,柳氮磺胺吡啶,柳氮磺胺吡啶,10,,manual_review
Drug::柳氮磺胺嘧啶,柳氮磺胺嘧啶,柳氮磺胺嘧啶,2,,manual_review
Drug::柳烯酸溶液,柳烯酸溶液,柳烯酸溶液喷雾剂,3,,manual_review
Drug::柳胺苄心安,柳胺苄心安,柳胺苄心安,1,,manual_review
Drug::柳胺苄心定,柳胺苄心定,柳胺苄心定,1,,manual_review
Drug::柴石退热,柴石退热,柴石退热颗粒,3,,manual_review
Drug::柴胡,柴胡,柴胡,10,,manual_review
Drug::柴胡皂苷,柴胡皂苷,柴胡皂苷,1,,manual_review
Drug::柴苓汤,柴苓汤,柴苓汤,4,,manual_review
Drug::柴银感冒,柴银感冒,柴银感冒颗粒,3,,manual_review
Drug::栀子,栀子,栀子,4,,manual_review
Drug::栀子苷,栀子苷,栀子苷,2,,manual_review
Drug::树脂类药物,树脂类药物,树脂类药物,2,,manual_review
Drug::核黄素,核黄素,核黄素,5,,manual_review
Drug::格佐普韦艾尔巴韦,格佐普韦/艾尔巴韦,GZR/EBR|格佐普韦/艾尔巴韦,1,,manual_review
Drug::格列吡嗪,格列吡嗪,格列吡嗪|格列吡嗪分散片|格列吡嗪控释片|格列吡嗪胶囊,49,,manual_review
Drug::格列吡嗪缓释,格列吡嗪缓释,格列吡嗪缓释胶囊,3,,manual_review
Drug::格列喹酮,格列喹酮,格列喹酮|格列喹酮分散片|格列喹酮片,25,,manual_review
Drug::格列嘧啶,格列嘧啶,格列嘧啶,1,,manual_review
Drug::格列波糖,格列波糖,格列波糖,3,,manual_review
Drug::格列波脲,格列波脲,格列波脲,2,,manual_review
Drug::格列类降糖药,格列类降糖药,格列类降糖药,1,,manual_review
Drug::格列美脲,格列美脲,格列美脲|格列美脲分散片|格列美脲片|格列美脲胶囊,58,,manual_review
Drug::格列苯脲,格列苯脲,格列苯脲,20,,manual_review
Drug::格列齐特,格列齐特,格列齐特|格列齐特分散片|格列齐特片|格列齐特缓释片,46,,manual_review
Drug::格列齐特片ⅱ,格列齐特片Ⅱ,格列齐特片(Ⅱ),2,,manual_review
Drug::格列齐特缓释,格列齐特缓释,格列齐特缓释胶囊,3,,manual_review
Drug::格卡瑞韦,格卡瑞韦,格卡瑞韦,2,,manual_review
Drug::格卡瑞韦哌仑他韦,格卡瑞韦/哌仑他韦,格卡瑞韦/哌仑他韦,2,,manual_review
Drug::格帕沙星,格帕沙星,格帕沙星,9,,manual_review
Drug::格拉瑞韦,格拉瑞韦,GZR|grazoprevir|格拉瑞韦,11,,manual_review
Drug::格拉瑞韦艾尔巴韦,格拉瑞韦/艾尔巴韦,格拉瑞韦/艾尔巴韦,1,,manual_review
Drug::格来普韦哌仑他韦,格来普韦/哌仑他韦,格来普韦/哌仑他韦,3,,manual_review
Drug::格隆溴胺,格隆溴胺,格隆溴胺,1,,manual_review
Drug::格隆溴铵,格隆溴铵,格隆溴铵,1,,manual_review
Drug::格鲁米特,格鲁米特,格鲁米特,11,,manual_review
Drug::桂利嗪,桂利嗪,桂利嗪片,2,,manual_review
Drug::桂枝,桂枝,桂枝,2,,manual_review
Drug::桂枝人参汤,桂枝人参汤,桂枝人参汤,2,,manual_review
Drug::桂枝加芍药汤,桂枝加芍药汤,桂枝加芍药汤,1,,manual_review
Drug::桂枝汤,桂枝汤,桂枝汤,1,,manual_review
Drug::桃仁,桃仁,桃仁,3,,manual_review
Drug::桉柠蒎,桉柠蒎,桉柠蒎,1,,manual_review
Drug::桉树脑,桉树脑,桉树脑,1,,manual_review
Drug::桑椹,桑椹,桑椹,2,,manual_review
Drug::桑白皮,桑白皮,桑白皮,1,,manual_review
Drug::桑螵蛸,桑螵蛸,桑螵蛸,1,,manual_review
Drug::桑黄,桑黄,桑黄,2,,manual_review
Drug::桑黄提取液,桑黄提取液,桑黄提取液,1,,manual_review
Drug::桔梗,桔梗,桔梗,5,,manual_review
Drug::桦木素,桦木素,桦木素,3,,manual_review
Drug::棘白菌素类,棘白菌素类,棘白菌素类,1,,manual_review
Drug::榄香烯口服乳,榄香烯口服乳,榄香烯口服乳,3,,manual_review
Drug::槐花,槐花,槐花,2,,manual_review
Drug::槟榔,槟榔,槟榔,1,,manual_review
Drug::槲皮素,槲皮素,槲皮素,27,,manual_review
Drug::樟柳碱,樟柳碱,樟柳碱,1,,manual_review
Drug::橘核,橘核,橘核,1,,manual_review
Drug::橘皮素,橘皮素,橘皮素,6,,manual_review
Drug::橘红,橘红,橘红,2,,manual_review
Drug::橙皮素,橙皮素,橙皮素,5,,manual_review
Drug::橙皮苷,橙皮苷,橙皮苷,5,,manual_review
Drug::次丹参酮,次丹参酮,次丹参酮,2,,manual_review
Drug::次乌头碱,次乌头碱,次乌头碱,4,,manual_review
Drug::次水杨酸铋,次水杨酸铋,次水杨酸铋分散片,3,,manual_review
Drug::次硝酸铋,次硝酸铋,次硝酸铋,1,,manual_review
Drug::次碳酸铋,次碳酸铋,次碳酸铋,2,,manual_review
Drug::欧洲七叶树,欧洲七叶树,欧洲七叶树,1,,manual_review
Drug::欧龙马滴剂,欧龙马滴剂,欧龙马滴剂,3,,manual_review
Drug::款冬花,款冬花,款冬花,1,,manual_review
Drug::止吐药,止吐药,止吐药,1,,manual_review
Drug::止咳橘红,止咳橘红,止咳橘红,1,,manual_review
Drug::止咳祛痰,止咳祛痰,止咳祛痰颗粒,2,,manual_review
Drug::止咳糖浆类药物,止咳糖浆类药物,止咳糖浆类药物,1,,manual_review
Drug::止咳药,止咳药,止咳药,2,,manual_review
Drug::止泻剂,止泻剂,止泻剂,1,,manual_review
Drug::止泻药,止泻药,止泻药,4,,manual_review
Drug::止痛药,止痛药,止痛药,2,,manual_review
Drug::止血敏,止血敏,止血敏,1,,manual_review
Drug::止血药,止血药,止血药,1,,manual_review
Drug::正乙雄甾龙,正乙雄甾龙,正乙雄甾龙,1,,manual_review
Drug::正清风痛宁,正清风痛宁,正清风痛宁,1,,manual_review
Drug::正胃,正胃,正胃片,2,,manual_review
Drug::毒,毒,毒,1,,manual_review
Drug::毒扁豆碱,毒扁豆碱,毒扁豆碱,6,,manual_review
Drug::毒毛旋花子苷k,毒毛旋花子苷K,毒K|毒毛旋花子苷K,2,,manual_review
Drug::毒毛花苷k,毒毛花苷k,毒毛花苷k注射液,3,,manual_review
Drug::比伐卢定,比伐卢定,比伐卢定,2,,manual_review
Drug::比伐芦定,比伐芦定,比伐芦定,2,,manual_review
Drug::比克替拉韦,比克替拉韦,BIC|比克替拉韦,6,,manual_review
Drug::比卡鲁胺,比卡鲁胺,比卡鲁胺|比卡鲁胺片,8,,manual_review
Drug::比沙可啶,比沙可啶,比沙可啶片|比沙可啶肠溶片,6,,manual_review
Drug::比沙可啶栓,比沙可啶栓,比沙可啶栓,3,,manual_review
Drug::比索洛尔,比索洛尔,比索洛尔,14,,manual_review
Drug::比索洛尔氨氯地平,比索洛尔氨氯地平,比索洛尔氨氯地平片,3,,manual_review
Drug::比阿培南,比阿培南,比阿培南,16,,manual_review
Drug::毛地黄,毛地黄,毛地黄,1,,manual_review
Drug::毛地黄毒苷,毛地黄毒苷,毛地黄毒苷,1,,manual_review
Drug::毛果芸香碱,毛果芸香碱,毛果芸香碱,2,,manual_review
Drug::氟他胺,氟他胺,氟他胺|氟他胺片,5,,manual_review
Drug::氟伏草胺,氟伏草胺,氟伏草胺,1,,manual_review
Drug::氟伏草酸,氟伏草酸,氟伏草酸,1,,manual_review
Drug::氟伐他汀,氟伐他汀,fluvastatin|氟伐他汀,85,,manual_review
Drug::氟伐他汀钠,氟伐他汀钠,氟伐他汀钠缓释片|氟伐他汀钠胶囊,4,,manual_review
Drug::氟优沙明,氟优沙明,氟优沙明,1,,manual_review
Drug::氟化物,氟化物,氟化物,2,,manual_review
Drug::氟化钠,氟化钠,氟化钠,1,,manual_review
Drug::氟卡尼,氟卡尼,氟卡尼,17,,manual_review
Drug::氟卡胺,氟卡胺,氟卡胺,6,,manual_review
Drug::氟哌丁醇,氟哌丁醇,氟哌丁醇,1,,manual_review
Drug::氟哌啶醇,氟哌啶醇,HAL|氟哌啶醇|氟哌啶醇片,63,,manual_review
Drug::氟哌啶醇癸酸酯,氟哌啶醇癸酸酯,氟哌啶醇癸酸酯,1,,manual_review
Drug::氟哌噻吨,氟哌噻吨,氟哌噻吨,3,,manual_review
Drug::氟哌噻吨美利曲辛,氟哌噻吨美利曲辛,氟哌噻吨美利曲辛|氟哌噻吨美利曲辛片|氟哌噻吨美利曲辛胶囊,9,,manual_review
Drug::氟哌酸,氟哌酸,氟哌酸,19,,manual_review
Drug::氟哌醇,氟哌醇,氟哌醇,1,,manual_review
Drug::氟唑帕利,氟唑帕利,氟唑帕利,47,,manual_review
Drug::氟啶酸,氟啶酸,氟啶酸,11,,manual_review
Drug::氟喹诺酮类,氟喹诺酮类,氟喹诺酮类,5,,manual_review
Drug::氟喹诺酮类药物,氟喹诺酮类药物,氟喹诺酮类药物,1,,manual_review
Drug::氟嗪酸,氟嗪酸,氟嗪酸,14,,manual_review
Drug::氟奋乃静,氟奋乃静,氟奋乃静,4,,manual_review
Drug::氟奋乃静癸酸酯,氟奋乃静癸酸酯,氟奋乃静癸酸酯,2,,manual_review
Drug::氟尼缩松,氟尼缩松,氟尼缩松,1,,manual_review
Drug::氟尿嘧啶,氟尿嘧啶,5-FU|氟尿嘧啶,20,,manual_review
Drug::氟尿嘧啶苷,氟尿嘧啶苷,氟尿嘧啶苷,1,,manual_review
Drug::氟康唑,氟康唑,氟康唑|氟康唑片|氟康唑胶囊,207,,manual_review
Drug::氟康唑葡萄糖,氟康唑葡萄糖,氟康唑葡萄糖注射液,3,,manual_review
Drug::氟替卡松,氟替卡松,氟替卡松,10,,manual_review
Drug::氟比洛芬,氟比洛芬,氟比洛芬|氟联苯丙酸,1,,manual_review
Drug::氟比洛芬酯,氟比洛芬酯,氟比洛芬酯,5,,manual_review
Drug::氟氧头孢钠,氟氧头孢钠,氟氧头孢钠注射液,1,,manual_review
Drug::氟氯西林,氟氯西林,氟氯西林,12,,manual_review
Drug::氟氯西林钠,氟氯西林钠,氟氯西林钠胶囊,3,,manual_review
Drug::氟沙星,氟沙星,氟沙星,1,,manual_review
Drug::氟派酸,氟派酸,氟派酸,1,,manual_review
Drug::氟灭酸,氟灭酸,氟灭酸,1,,manual_review
Drug::氟烷,氟烷,氟烷,13,,manual_review
Drug::氟班色林,氟班色林,氟班色林,3,,manual_review
Drug::氟硝安定,氟硝安定,氟硝安定,1,,manual_review
Drug::氟红霉素,氟红霉素,氟红霉素,4,,manual_review
Drug::氟维司群,氟维司群,氟维司群,1,,manual_review
Drug::氟罗沙星,氟罗沙星,FLOX|氟罗沙星|氟罗沙星注射液|氟罗沙星片,17,,manual_review
Drug::氟罗沙星甘露醇,氟罗沙星甘露醇,氟罗沙星甘露醇注射液,3,,manual_review
Drug::氟罗沙星葡萄糖,氟罗沙星葡萄糖,氟罗沙星葡萄糖注射液,3,,manual_review
Drug::氟羟强的松龙,氟羟强的松龙,氟羟强的松龙,1,,manual_review
Drug::氟联苯丙酸,氟联苯丙酸,氟联苯丙酸,1,,manual_review
Drug::氟胞嘧啶,氟胞嘧啶,氟胞嘧啶|氟胞嘧啶片,34,,manual_review
Drug::氟胺安定,氟胺安定,氟胺安定,2,,manual_review
Drug::氟脲嘧啶,氟脲嘧啶,氟脲嘧啶|氟脲嘧啶注射液,2,,manual_review
Drug::氟苯丙胺,氟苯丙胺,氟苯丙胺,2,,manual_review
Drug::氟苯尼考,氟苯尼考,氟苯尼考,9,,manual_review
Drug::氟茚二酮,氟茚二酮,氟茚二酮,1,,manual_review
Drug::氟西丁,氟西丁,氟西丁,1,,manual_review
Drug::氟西汀,氟西汀,fluoxetine|氟西汀,208,,manual_review
Drug::氟西泮,氟西泮,氟西泮,6,,manual_review
Drug::氟达拉滨,氟达拉滨,氟达拉滨,1,,manual_review
Drug::氟非那嗪,氟非那嗪,氟非那嗪,1,,manual_review
Drug::氟马替尼,氟马替尼,氟马替尼,2,,manual_review
Drug::氟马西尼,氟马西尼,氟马西尼注射液,3,,manual_review
Drug::氢化可的松,氢化可的松,氢化可的松|氢化可的松注射液|氢化考的松,27,,manual_review
Drug::氢化可的松琥珀酸盐,氢化可的松琥珀酸盐,氢化可的松琥珀酸盐,1,,manual_review
Drug::氢化可的松琥珀酸钠,氢化可的松琥珀酸钠,氢化可的松琥珀酸钠,1,,manual_review
Drug::氢化泼尼松,氢化泼尼松,氢化泼尼松,6,,manual_review
Drug::氢化考的松,氢化考的松,氢化考的松,3,,manual_review
Drug::氢化镁,氢化镁,氢化镁,1,,manual_review
Drug::氢可酮,氢可酮,氢可酮,2,,manual_review
Drug::氢氧化钙,氢氧化钙,氢氧化钙,1,,manual_review
Drug::氢氧化铝三硅酸镁,氢氧化铝-三硅酸镁,氢氧化铝-三硅酸镁,1,,manual_review
Drug::氢氧化铝凝胶,氢氧化铝凝胶,氢氧化铝凝胶,8,,manual_review
Drug::氢氧化铝镁,氢氧化铝镁,氢氧化铝镁,2,,manual_review
Drug::氢氧化镁,氢氧化镁,氢氧化镁,16,,manual_review
Drug::氢氯吡格雷,氢氯吡格雷,氢氯吡格雷,3,,manual_review
Drug::氢溴酸右美沙芬口服溶液,氢溴酸右美沙芬口服溶液,氢溴酸右美沙芬口服溶液,3,,manual_review
Drug::氢溴酸右美沙芬滴鼻液,氢溴酸右美沙芬滴鼻液,氢溴酸右美沙芬滴鼻液,3,,manual_review
Drug::氢溴酸西酞普兰,氢溴酸西酞普兰,氢溴酸西酞普兰|氢溴酸西酞普兰片,3,,manual_review
Drug::氢醌,氢醌,氢醌,2,,manual_review
Drug::氢麦角胺,氢麦角胺,氢麦角胺,1,,manual_review
Drug::氧化亚氮,氧化亚氮,N2O|氧化亚氮,1,,manual_review
Drug::氧化性药物,氧化性药物,具有氧化作用的药物|氧化性药物,1,,manual_review
Drug::氧化物,氧化物,氧化物,3,,manual_review
Drug::氧化琥珀胆碱,氧化琥珀胆碱,氧化琥珀胆碱,7,,manual_review
Drug::氧化苦参碱,氧化苦参碱,氧化苦参碱,5,,manual_review
Drug::氧化锌硫,氧化锌硫,氧化锌硫软膏,3,,manual_review
Drug::氧化镁,氧化镁,氧化镁,7,,manual_review
Drug::氧哌嗪青霉素,氧哌嗪青霉素,氧哌嗪青霉素,1,,manual_review
Drug::氧气,氧气,氧气,1,,manual_review
Drug::氧氟沙星,氧氟沙星,OFLX|氟嗪酸|氧氟沙星|氧氟沙星滴眼液|氧氟沙星片,59,,manual_review
Drug::氧氟沙星凝胶,氧氟沙星凝胶,氧氟沙星凝胶,3,,manual_review
Drug::氧氟沙星氯化钠,氧氟沙星氯化钠,氧氟沙星氯化钠注射液,3,,manual_review
Drug::氧氟沙星滴耳液,氧氟沙星滴耳液,氧氟沙星滴耳液,3,,manual_review
Drug::氧氯吡格雷,氧氯吡格雷,氧氯吡格雷,1,,manual_review
Drug::氧烯洛尔,氧烯洛尔,oxprenolol|氧烯洛尔,3,,manual_review
Drug::氧疗,氧疗,氧疗,1,,manual_review
Drug::氨体舒通,氨体舒通,氨体舒通,1,,manual_review
Drug::氨利酮,氨利酮,氨利酮,1,,manual_review
Drug::氨卡噻哌啶,氨卡噻哌啶,氨卡噻哌啶,1,,manual_review
Drug::氨吡啶,氨吡啶,氨吡啶,1,,manual_review
Drug::氨吡酮,氨吡酮,氨吡酮,1,,manual_review
Drug::氨咖愈敏溶液,氨咖愈敏溶液,氨咖愈敏溶液,3,,manual_review
Drug::氨咖黄敏,氨咖黄敏,氨咖黄敏片|氨咖黄敏胶囊,6,,manual_review
Drug::氨咖黄敏口服溶液,氨咖黄敏口服溶液,氨咖黄敏口服溶液,3,,manual_review
Drug::氨基匹林,氨基匹林,氨基匹林,1,,manual_review
Drug::氨基己酸,氨基己酸,氨基己酸注射液|氨基己酸片,4,,manual_review
Drug::氨基比林,氨基比林,氨基比林,52,,manual_review
Drug::氨基水杨酸,氨基水杨酸,氨基水杨酸,2,,manual_review
Drug::氨基水杨酸盐,氨基水杨酸盐,氨基水杨酸盐,1,,manual_review
Drug::氨基水杨酸衍生物,氨基水杨酸衍生物,氨基水杨酸衍生物,1,,manual_review
Drug::氨基甙类,氨基甙类,氨基甙类,2,,manual_review
Drug::氨基甙类抗菌素,氨基甙类抗菌素,氨基甙类抗菌素,1,,manual_review
Drug::氨基类抗菌素,氨基类抗菌素,氨基类抗菌素,2,,manual_review
Drug::氨基糖甙类,氨基糖甙类,氨基糖甙类,1,,manual_review
Drug::氨基糖甙类抗生素,氨基糖甙类抗生素,氨基糖甙类抗生素,1,,manual_review
Drug::氨基糖甙类药物,氨基糖甙类药物,氨基糖甙类药物,1,,manual_review
Drug::氨基糖苷,氨基糖苷,氨基糖苷,1,,manual_review
Drug::氨基糖苷类,氨基糖苷类,氨基糖甙类|氨基糖苷类,8,,manual_review
Drug::氨基糖苷类抗生素,氨基糖苷类抗生素,氨基糖甙类抗菌素|氨基糖苷类抗生素|氨基贰类抗生素,4,,manual_review
Drug::氨基糖苷类抗菌药物,氨基糖苷类抗菌药物,氨基糖苷类抗菌药物,24,,manual_review
Drug::氨基苯乙哌啶酮,氨基苯乙哌啶酮,氨基苯乙哌啶酮,4,,manual_review
Drug::氨基苷,氨基苷,氨基苷,1,,manual_review
Drug::氨基葡萄糖,氨基葡萄糖,氨基葡萄糖,3,,manual_review
Drug::氨基酸,氨基酸,氨基酸|氨基酸注射液,3,,manual_review
Drug::氨己烯酸,氨己烯酸,氨己烯酸,3,,manual_review
Drug::氨普那韦,氨普那韦,氨普那韦,2,,manual_review
Drug::氨曲南,氨曲南,氨曲南,3,,manual_review
Drug::氨替比林,氨替比林,氨替比林,1,,manual_review
Drug::氨来呫诺糊剂,氨来呫诺糊剂,氨来呫诺糊剂,3,,manual_review
Drug::氨氯吡咪,氨氯吡咪,氨氯吡咪,3,,manual_review
Drug::氨氯吡脒,氨氯吡脒,氨氯吡脒,2,,manual_review
Drug::氨氯地平阿托伐他汀钙,氨氯地平阿托伐他汀钙,氨氯地平阿托伐他汀钙片,3,,manual_review
Drug::氨溴特罗,氨溴特罗,氨溴特罗|氨溴特罗口服液|氨溴特罗片,7,,manual_review
Drug::氨甲丙酯,氨甲丙酯,氨甲丙酯,1,,manual_review
Drug::氨甲喋令,氨甲喋令,氨甲喋令,1,,manual_review
Drug::氨甲喋呤,氨甲喋呤,氨甲喋呤,27,,manual_review
Drug::氨甲环酸氯化钠,氨甲环酸氯化钠,氨甲环酸氯化钠注射液,3,,manual_review
Drug::氨甲苯酸,氨甲苯酸,氨甲苯酸|氨甲苯酸注射液|氨甲苯酸片,8,,manual_review
Drug::氨甲苯酸氯化钠,氨甲苯酸氯化钠,氨甲苯酸氯化钠注射液,3,,manual_review
Drug::氨甲蝶呤,氨甲蝶呤,氨甲蝶呤,11,,manual_review
Drug::氨甲酰氮草,氨甲酰氮草,氨甲酰氮草,1,,manual_review
Drug::氨甲酰苯唑,氨甲酰苯唑,氨甲酰苯唑,1,,manual_review
Drug::氨砜噻吨,氨砜噻吨,氨砜噻吨,2,,manual_review
Drug::氨硫脲,氨硫脲,氨硫脲|氨硫脲片,6,,manual_review
Drug::氨碘肽,氨碘肽,氨碘肽滴眼液,3,,manual_review
Drug::氨磷汀,氨磷汀,氨磷汀,19,,manual_review
Drug::氨磺必利,氨磺必利,氨磺必利|氨磺必利片,7,,manual_review
Drug::氨芐西林,氨芐西林,氨芐西林,1,,manual_review
Drug::氨苄噻哌啶,氨苄噻哌啶,氨苄噻哌啶,2,,manual_review
Drug::氨苄西林丙磺舒口腔崩解,氨苄西林丙磺舒口腔崩解,氨苄西林丙磺舒口腔崩解片,3,,manual_review
Drug::氨苄西林干混悬剂,氨苄西林干混悬剂,氨苄西林干混悬剂,3,,manual_review
Drug::氨苄西林钠,氨苄西林钠,氨苄西林钠|氨苄青霉素钠,2,,manual_review
Drug::氨苄青霉素,氨苄青霉素,氨苄青霉素,34,,manual_review
Drug::氨苄青霉素丙磺舒,氨苄青霉素/丙磺舒,氨苄青霉素/丙磺舒胶囊,3,,manual_review
Drug::氨苄青霉素钠,氨苄青霉素钠,氨苄青霉素钠,1,,manual_review
Drug::氨苯喋呤,氨苯喋呤,氨苯喋呤,1,,manual_review
Drug::氨苯喋咤,氨苯喋咤,氨苯喋咤,1,,manual_review
Drug::氨苯砜,氨苯砜,氨苯砜,24,,manual_review
Drug::氨苯蝶啶,氨苯蝶啶,氨苯喋啶|氨苯蝶啶|氨苯蝶啶片|氨苯螺定,35,,manual_review
Drug::氨苯蝶啶氢氯噻嗪,氨苯蝶啶氢氯噻嗪,氨苯蝶啶氢氯噻嗪片,3,,manual_review
Drug::氨苯靛红醋酸酯,氨苯靛红醋酸酯,氨苯靛红醋酸酯,1,,manual_review
Drug::氨茶硷,氨茶硷,氨茶硷,1,,manual_review
Drug::氨茶碱,氨茶碱,氨茶碱|氨茶碱注射液|氨茶碱片|氨茶碱缓释片,143,,manual_review
Drug::氨茶碱氯化钠,氨茶碱氯化钠,氨茶碱氯化钠注射液,3,,manual_review
Drug::氨酚伪麻,氨酚伪麻,氨酚伪麻胶囊,5,,manual_review
Drug::氨酚伪麻氯汀,氨酚伪麻氯汀,氨酚伪麻氯汀片,3,,manual_review
Drug::氨酚伪麻片ⅰ,氨酚伪麻片Ⅰ,氨酚伪麻片(Ⅰ),3,,manual_review
Drug::氨酚伪麻片ⅱ,氨酚伪麻片Ⅱ,氨酚伪麻片(Ⅱ)|氨酚伪麻片（Ⅱ）,6,,manual_review
Drug::氨酚伪麻美芬片ⅱ,氨酚伪麻美芬片Ⅱ,氨酚伪麻美芬片(Ⅱ)|氨酚伪麻美芬片Ⅱ|氨酚伪麻美芬片（Ⅱ）,9,,manual_review
Drug::氨酚伪麻美芬片ⅱ氨麻苯美,氨酚伪麻美芬片Ⅱ/氨麻苯美,氨酚伪麻美芬片Ⅱ/氨麻苯美片,3,,manual_review
Drug::氨酚伪麻那敏口服溶液,氨酚伪麻那敏口服溶液,氨酚伪麻那敏口服溶液,3,,manual_review
Drug::氨酚伪麻那敏片iii,氨酚伪麻那敏片III,氨酚伪麻那敏片(III),3,,manual_review
Drug::氨酚伪麻那敏片ⅱ,氨酚伪麻那敏片Ⅱ,氨酚伪麻那敏片(Ⅱ),3,,manual_review
Drug::氨酚双氢可待因,氨酚双氢可待因,氨酚双氢可待因片,3,,manual_review
Drug::氨酚咖匹林,氨酚咖匹林,氨酚咖匹林片,3,,manual_review
Drug::氨酚咖那敏,氨酚咖那敏,氨酚咖那敏片,3,,manual_review
Drug::氨酚咖黄烷胺,氨酚咖黄烷胺,氨酚咖黄烷胺片,3,,manual_review
Drug::氨酚喹,氨酚喹,氨酚喹,1,,manual_review
Drug::氨酚待因片i,氨酚待因片I,氨酚待因片(I),3,,manual_review
Drug::氨酚待因片ⅰ,氨酚待因片Ⅰ,氨酚待因片(Ⅰ),3,,manual_review
Drug::氨酚待因片ⅱ,氨酚待因片Ⅱ,氨酚待因片(Ⅱ),3,,manual_review
Drug::氨酚比林,氨酚比林,氨酚比林注射液,3,,manual_review
Drug::氨酚氯汀伪麻,氨酚氯汀伪麻,氨酚氯汀伪麻片,3,,manual_review
Drug::氨酚氯雷伪麻,氨酚氯雷伪麻,氨酚氯雷伪麻缓释片,3,,manual_review
Drug::氨酚沙芬口服溶液,氨酚沙芬口服溶液,氨酚沙芬口服溶液,3,,manual_review
Drug::氨酚烷胺那敏,氨酚烷胺那敏,氨酚烷胺那敏胶囊,3,,manual_review
Drug::氨酚维c,氨酚维C,氨酚维C分散片,3,,manual_review
Drug::氨酚美伪麻,氨酚美伪麻,氨酚美伪麻片,3,,manual_review
Drug::氨酚羟考酮,氨酚羟考酮,氨酚羟考酮,2,,manual_review
Drug::氨酚那敏三味浸膏,氨酚那敏三味浸膏,氨酚那敏三味浸膏胶囊,3,,manual_review
Drug::氨酚麻美口服溶液,氨酚麻美口服溶液,氨酚麻美口服溶液,3,,manual_review
Drug::氨酚麻美干混悬剂,氨酚麻美干混悬剂,氨酚麻美干混悬剂,3,,manual_review
Drug::氨酰心安,氨酰心安,氨酰心安,3,,manual_review
Drug::氨金黄敏,氨金黄敏,氨金黄敏颗粒,3,,manual_review
Drug::氨鲁米特,氨鲁米特,氨鲁米特|氨鲁米特片,9,,manual_review
Drug::氨麻美敏片ⅱ,氨麻美敏片Ⅱ,氨麻美敏片Ⅱ,1,,manual_review
Drug::氨麻苯美,氨麻苯美,氨麻苯美片,3,,manual_review
Drug::氮䓬斯汀,氮䓬斯汀,氮䓬斯汀,1,,manual_review
Drug::氮烯咪胺,氮烯咪胺,氮烯咪胺,1,,manual_review
Drug::氮芥,氮芥,氮芥,2,,manual_review
Drug::氯丙咪嗪,氯丙咪嗪,氯丙咪嗪,7,,manual_review
Drug::氯丙嗪,氯丙嗪,chlorpromazine|氯丙嗪|盐酸氯丙嗪注射液,84,,manual_review
Drug::氯丙米嗪,氯丙米嗪,氯丙米嗪,2,,manual_review
Drug::氯乙烷,氯乙烷,氯乙烷,1,,manual_review
Drug::氯乙醛,氯乙醛,氯乙醛,1,,manual_review
Drug::氯仿,氯仿,氯仿,3,,manual_review
Drug::氯化汞,氯化汞,氯化汞,1,,manual_review
Drug::氯化物,氯化物,氯化物,2,,manual_review
Drug::氯化琥珀酰胆碱,氯化琥珀酰胆碱,氯化琥珀酰胆碱,1,,manual_review
Drug::氯化琥酰胆碱,氯化琥酰胆碱,氯化琥酰胆碱,2,,manual_review
Drug::氯化胆碱,氯化胆碱,氯化胆碱,2,,manual_review
Drug::氯化胺,氯化胺,氯化胺,1,,manual_review
Drug::氯化苯甲烃铵,氯化苯甲烃铵,氯化苯甲烃铵,2,,manual_review
Drug::氯化钙,氯化钙,氯化钙,9,,manual_review
Drug::氯化钠,氯化钠,0.9%氯化钠注射液|氯化钠|氯化钠注射液,10,,manual_review
Drug::氯化钴,氯化钴,氯化钴,1,,manual_review
Drug::氯化钾,氯化钾,氯化钾|氯化钾注射液|氯化钾缓释片,29,,manual_review
Drug::氯化铵,氯化铵,氯化铵,14,,manual_review
Drug::氯卡色林,氯卡色林,氯卡色林,1,,manual_review
Drug::氯压定,氯压定,氯压定,2,,manual_review
Drug::氯吉兰,氯吉兰,氯吉兰,4,,manual_review
Drug::氯呱啶醇,氯呱啶醇,氯呱啶醇,1,,manual_review
Drug::氯唑沙宗,氯唑沙宗,氯唑沙宗|氯唑沙宗片,5,,manual_review
Drug::氯唑西林,氯唑西林,氯唑西林,12,,manual_review
Drug::氯喹,氯喹,氯喹,15,,manual_review
Drug::氯噻酮,氯噻酮,氯噻酮,16,,manual_review
Drug::氯奎,氯奎,氯奎,1,,manual_review
Drug::氯安定,氯安定,氯安定,1,,manual_review
Drug::氯屈膦酸纳,氯屈膦酸纳,氯屈膦酸纳,1,,manual_review
Drug::氯己定,氯己定,氯己定,1,,manual_review
Drug::氯已定,氯已定,氯已定,1,,manual_review
Drug::氯普吗嗪,氯普吗嗪,氯普吗嗪,1,,manual_review
Drug::氯普噻吨,氯普噻吨,氯普噻吨,1,,manual_review
Drug::氯林肯霉素,氯林肯霉素,氯林肯霉素,1,,manual_review
Drug::氯氟菲醇,氯氟菲醇,氯氟菲醇,1,,manual_review
Drug::氯氧喹,氯氧喹,氯氧喹胶囊,3,,manual_review
Drug::氯氧平,氯氧平,氯氧平,1,,manual_review
Drug::氯氨卓,氯氨卓,氯氨卓,1,,manual_review
Drug::氯氮䓬,氯氮䓬,氯氮䓬,2,,manual_review
Drug::氯氮平,氯氮平,氯氮平|氯氮平片,89,,manual_review
Drug::氯氮草,氯氮草,氯氮草,2,,manual_review
Drug::氯沙坦,氯沙坦,氯沙坦,32,,manual_review
Drug::氯沙坦钾,氯沙坦钾,氯沙坦钾|氯沙坦钾片|氯沙坦钾胶囊,9,,manual_review
Drug::氯沙坦钾氢氯噻嗪,氯沙坦钾氢氯噻嗪,氯沙坦钾氢氯噻嗪|氯沙坦钾氢氯噻嗪片,5,,manual_review
Drug::氯法齐明,氯法齐明,氯法齐明,8,,manual_review
Drug::氯洁霉素,氯洁霉素,氯洁霉素,1,,manual_review
Drug::氯环嗪,氯环嗪,氯环嗪,1,,manual_review
Drug::氯琥珀胆碱,氯琥珀胆碱,氯琥功胆碱|氯琥珀胆碱,1,,manual_review
Drug::氯瑞唑,氯瑞唑,氯瑞唑,1,,manual_review
Drug::氯甲噻唑,氯甲噻唑,氯甲噻唑,3,,manual_review
Drug::氯甲噻嗪,氯甲噻嗪,氯甲噻嗪,1,,manual_review
Drug::氯甲苯噻嗪,氯甲苯噻嗪,氯甲苯噻嗪,3,,manual_review
Drug::氯硝安定,氯硝安定,氯硝安定,1,,manual_review
Drug::氯硝西泮,氯硝西泮,氯硝西泮,20,,manual_review
Drug::氯硫安定,氯硫安定,氯硫安定,1,,manual_review
Drug::氯磷定,氯磷定,氯磷定,1,,manual_review
Drug::氯磺丁脲,氯磺丁脲,氯磺丁脲,1,,manual_review
Drug::氯磺丙脲,氯磺丙脲,氯磺丙尿|氯磺丙脲,51,,manual_review
Drug::氯米帕明,氯米帕明,氯米帕明,12,,manual_review
Drug::氯羟去甲安定,氯羟去甲安定,氯羟去甲安定,1,,manual_review
Drug::氯羟安定,氯羟安定,氯羟安定,9,,manual_review
Drug::氯胺酮,氯胺酮,氯胺酮,11,,manual_review
Drug::氯膦酸二钠,氯膦酸二钠,氯膦酸二钠|氯膦酸二钠胶囊,7,,manual_review
Drug::氯膦酸盐,氯膦酸盐,氯膦酸盐,1,,manual_review
Drug::氯芬黄敏,氯芬黄敏,氯芬黄敏片,2,,manual_review
Drug::氯苯丁胺,氯苯丁胺,氯苯丁胺,3,,manual_review
Drug::氯苯丁酯,氯苯丁酯,氯苯丁酯,3,,manual_review
Drug::氯苯氨丁酸,氯苯氨丁酸,氯苯氨丁酸,1,,manual_review
Drug::氯苯酚嗪,氯苯酚嗪,氯苯酚嗪,1,,manual_review
Drug::氯苯醋胺咪,氯苯醋胺咪,氯苯醋胺咪,1,,manual_review
Drug::氯西汀,氯西汀,氯西汀,1,,manual_review
Drug::氯诺昔康,氯诺昔康,氯诺昔康片,3,,manual_review
Drug::氯贝丁酯,氯贝丁酯,安妥明|氯贝丁酯,19,,manual_review
Drug::氯贝丁酸,氯贝丁酸,氯贝丁酸,1,,manual_review
Drug::氯贝特,氯贝特,氯贝特,2,,manual_review
Drug::氯雷他定,氯雷他定,氯雷他定|氯雷他定分散片|氯雷他定片|氯雷他定糖浆|氯雷他定胶囊|氯雷他定颗粒,33,,manual_review
Drug::氯雷他定口腔崩解,氯雷他定口腔崩解,氯雷他定口腔崩解片,2,,manual_review
Drug::氯霉类,氯霉类,氯霉类,1,,manual_review
Drug::氯霉素,氯霉素,氯霉素|氯霉素滴眼液,441,,manual_review
Drug::氯霉素滴耳液,氯霉素滴耳液,氯霉素滴耳液,3,,manual_review
Drug::氯霉素琥珀酸盐,氯霉素琥珀酸盐,氯霉素琥珀酸盐,1,,manual_review
Drug::氯霉素琥珀酸钠,氯霉素琥珀酸钠,氯霉素琥珀酸钠,1,,manual_review
Drug::氰化物,氰化物,氰化物,2,,manual_review
Drug::氰钴胺,氰钴胺,氰钴胺|氰钴胺片,1,,manual_review
Drug::水合氯醛,水合氯醛,水合氯醛,34,,manual_review
Drug::水扬酸剂,水扬酸剂,水扬酸剂,2,,manual_review
Drug::水扬酸类,水扬酸类,水扬酸类,1,,manual_review
Drug::水杨酰胺,水杨酰胺,水杨酰胺,1,,manual_review
Drug::水杨酸毒扁豆碱,水杨酸毒扁豆碱,水杨酸毒扁豆碱,1,,manual_review
Drug::水杨酸甲酯,水杨酸甲酯,水杨酸甲酯,1,,manual_review
Drug::水杨酸盐,水杨酸盐,水杨酸盐,29,,manual_review
Drug::水杨酸盐类,水杨酸盐类,水杨酸盐类,2,,manual_review
Drug::水杨酸类,水杨酸类,水杨酸类,24,,manual_review
Drug::水杨酸类药,水杨酸类药,水杨酸类药,2,,manual_review
Drug::水杨酸类药物,水杨酸类药物,水杨酸类药物,4,,manual_review
Drug::水杨酸钠,水杨酸钠,水扬酸钠|水杨酸钠,19,,manual_review
Drug::水杨酸钠合剂,水杨酸钠合剂,水杨酸钠合剂,1,,manual_review
Drug::水溶性胰岛素,水溶性胰岛素,水溶性胰岛素,1,,manual_review
Drug::水痘疫苗,水痘疫苗,水痘疫苗,1,,manual_review
Drug::水蛭,水蛭,水蛭,2,,manual_review
Drug::水蛭素,水蛭素,水蛭素,1,,manual_review
Drug::水解蛋白,水解蛋白,水解蛋白,2,,manual_review
Drug::水飞蓟,水飞蓟,水飞蓟,1,,manual_review
Drug::水飞蓟宾,水飞蓟宾,水飞蓟宾,6,,manual_review
Drug::水飞蓟提取物,水飞蓟提取物,水飞蓟提取物,1,,manual_review
Drug::水飞蓟素,水飞蓟素,水飞蓟素,11,,manual_review
Drug::汉防己,汉防己,汉防己,1,,manual_review
Drug::汉防己甲素,汉防己甲素,汉防己甲素|汉防己甲素片,4,,manual_review
Drug::汉防己碱,汉防己碱,汉防己碱,2,,manual_review
Drug::汉黄芩素,汉黄芩素,汉黄芩素,4,,manual_review
Drug::汉黄芩苷,汉黄芩苷,汉黄芩苷,1,,manual_review
Drug::汞利尿剂,汞利尿剂,汞利尿剂,1,,manual_review
Drug::汞撒利,汞撒利,汞撒利,1,,manual_review
Drug::汞溴红,汞溴红,汞溴红,1,,manual_review
Drug::汞溴红溶液,汞溴红溶液,汞溴红溶液,3,,manual_review
Drug::沃拉帕沙,沃拉帕沙,沃拉帕沙,1,,manual_review
Drug::沃罗孢素,沃罗孢素,沃罗孢素,1,,manual_review
Drug::沉香降气,沉香降气,沉香降气丸,3,,manual_review
Drug::沙丁胺醇,沙丁胺醇,沙丁胺醇|舒喘灵,9,,manual_review
Drug::沙丁胺醇气雾剂,沙丁胺醇气雾剂,沙丁胺醇气雾剂,3,,manual_review
Drug::沙丁醇胺,沙丁醇胺,沙丁醇胺,1,,manual_review
Drug::沙利度胺,沙利度胺,沙利度胺|沙利度胺片|沙利度胺胶囊,32,,manual_review
Drug::沙喹那韦,沙喹那韦,沙喹那韦,2,,manual_review
Drug::沙坦类药物,沙坦类药物,沙坦类药物,1,,manual_review
Drug::沙奎那韦,沙奎那韦,saquinavir|沙奎那韦,75,,manual_review
Drug::沙奎那韦利托那韦,沙奎那韦/利托那韦,沙奎那韦/利托那韦,3,,manual_review
Drug::沙库巴曲,沙库巴曲,沙库巴曲,7,,manual_review
Drug::沙库巴曲缬沙坦,沙库巴曲/缬沙坦,沙库巴曲/缬沙坦|沙库巴曲缬沙坦,14,,manual_review
Drug::沙库巴曲缬沙坦钠,沙库巴曲缬沙坦钠,沙库巴曲缬沙坦钠片,3,,manual_review
Drug::沙库必曲缬沙坦,沙库必曲/缬沙坦,沙库必曲/缬沙坦,1,,manual_review
Drug::沙格列汀,沙格列汀,沙格列汀|沙格列汀片,53,,manual_review
Drug::沙格列汀二甲双胍缓释片i,沙格列汀二甲双胍缓释片I,沙格列汀二甲双胍缓释片(I),3,,manual_review
Drug::沙格列汀二甲双胍缓释片iii,沙格列汀二甲双胍缓释片III,沙格列汀二甲双胍缓释片(III),2,,manual_review
Drug::沙美特罗,沙美特罗,沙美特罗,2,,manual_review
Drug::沙美特罗替卡松吸入气雾剂,沙美特罗替卡松吸入气雾剂,沙美特罗替卡松吸入气雾剂,3,,manual_review
Drug::沙美特罗替卡松吸入粉雾剂,沙美特罗替卡松吸入粉雾剂,沙美特罗替卡松吸入粉雾剂,3,,manual_review
Drug::沙芬酰胺,沙芬酰胺,沙芬酰胺,2,,manual_review
Drug::没药,没药,没药,1,,manual_review
Drug::没食子酸丙酯,没食子酸丙酯,没食子酸丙酯,1,,manual_review
Drug::油状树脂,油状树脂,油状树脂,1,,manual_review
Drug::治疗adhd药品,治疗ADHD药品,治疗ADHD药品,1,,manual_review
Drug::治疗痤疮药,治疗痤疮药,治疗痤疮药,2,,manual_review
Drug::泊沙康唑,泊沙康唑,泊沙康唑,51,,manual_review
Drug::法半夏,法半夏,法半夏,3,,manual_review
Drug::法华令,法华令,法华令,3,,manual_review
Drug::法华林,法华林,法华林,2,,manual_review
Drug::法莫替丁,法莫替丁,法莫替丁|法莫替丁咀嚼片|法莫替丁片|法莫替丁胶囊,25,,manual_review
Drug::法莫替丁氯化钠,法莫替丁氯化钠,法莫替丁氯化钠注射液,3,,manual_review
Drug::法莫替丁葡萄糖,法莫替丁葡萄糖,法莫替丁葡萄糖注射液,3,,manual_review
Drug::泛影葡胺,泛影葡胺,泛影葡胺|泛影葡胺注射液,6,,manual_review
Drug::泛昔洛韦,泛昔洛韦,泛昔洛韦|泛昔洛韦分散片|泛昔洛韦片|泛昔洛韦胶囊,13,,manual_review
Drug::泛配子酸,泛配子酸,泛配子酸,1,,manual_review
Drug::泛酸钙,泛酸钙,泛酸钙,4,,manual_review
Drug::波普瑞韦,波普瑞韦,波普瑞韦,6,,manual_review
Drug::波生坦,波生坦,波生坦,32,,manual_review
Drug::注射型霍乱疫苗,注射型霍乱疫苗,注射型霍乱疫苗,1,,manual_review
Drug::注射用七叶皂苷钠,注射用七叶皂苷钠,注射用七叶皂苷钠,3,,manual_review
Drug::注射用丙戊酸钠,注射用丙戊酸钠,注射用丙戊酸钠,3,,manual_review
Drug::注射用丝裂霉素c,注射用丝裂霉素C,注射用丝裂霉素C,1,,manual_review
Drug::注射用丹参,注射用丹参,注射用丹参,7,,manual_review
Drug::注射用乳糖酸阿奇霉素,注射用乳糖酸阿奇霉素,注射用乳糖酸阿奇霉素,3,,manual_review
Drug::注射用乳酸左氧氟沙星,注射用乳酸左氧氟沙星,注射用乳酸左氧氟沙星,3,,manual_review
Drug::注射用亚叶酸钙,注射用亚叶酸钙,注射用亚叶酸钙,2,,manual_review
Drug::注射用伏立康唑,注射用伏立康唑,注射用伏立康唑,2,,manual_review
Drug::注射用倍他米松磷酸钠,注射用倍他米松磷酸钠,注射用倍他米松磷酸钠,3,,manual_review
Drug::注射用克林霉素磷酸酯,注射用克林霉素磷酸酯,注射用克林霉素磷酸酯,3,,manual_review
Drug::注射用前列地尔,注射用前列地尔,注射用前列地尔,3,,manual_review
Drug::注射用加替沙星,注射用加替沙星,注射用加替沙星,3,,manual_review
Drug::注射用单硝酸异山梨酯,注射用单硝酸异山梨酯,注射用单硝酸异山梨酯,3,,manual_review
Drug::注射用右丙亚胺,注射用右丙亚胺,注射用右丙亚胺,3,,manual_review
Drug::注射用呋布西林钠,注射用呋布西林钠,注射用呋布西林钠,1,,manual_review
Drug::注射用哌拉西林钠舒巴坦钠,注射用哌拉西林钠舒巴坦钠,注射用哌拉西林钠舒巴坦钠,3,,manual_review
Drug::注射用唑来膦酸,注射用唑来膦酸,注射用唑来膦酸,3,,manual_review
Drug::注射用四环素,注射用四环素,注射用四环素,1,,manual_review
Drug::注射用地塞米松磷酸钠,注射用地塞米松磷酸钠,注射用地塞米松磷酸钠,3,,manual_review
Drug::注射用多西他赛,注射用多西他赛,注射用多西他赛,3,,manual_review
Drug::注射用头孢他啶,注射用头孢他啶,注射用头孢他啶,3,,manual_review
Drug::注射用头孢匹胺,注射用头孢匹胺,注射用头孢匹胺,3,,manual_review
Drug::注射用头孢呋辛钠,注射用头孢呋辛钠,注射用头孢呋辛钠,4,,manual_review
Drug::注射用头孢哌酮钠,注射用头孢哌酮钠,注射用头孢哌酮钠,3,,manual_review
Drug::注射用头孢哌酮钠舒巴坦钠,注射用头孢哌酮钠舒巴坦钠,注射用头孢哌酮钠舒巴坦钠,1,,manual_review
Drug::注射用头孢哌酮钠舒巴坦钠21,注射用头孢哌酮钠舒巴坦钠2:1,注射用头孢哌酮钠舒巴坦钠(2:1),3,,manual_review
Drug::注射用头孢唑肟钠,注射用头孢唑肟钠,注射用头孢唑肟钠,3,,manual_review
Drug::注射用头孢噻吩钠,注射用头孢噻吩钠,注射用头孢噻吩钠,3,,manual_review
Drug::注射用头孢噻肟钠,注射用头孢噻肟钠,注射用头孢噻肟钠,3,,manual_review
Drug::注射用头孢曲松钠,注射用头孢曲松钠,注射用头孢曲松钠,3,,manual_review
Drug::注射用头孢硫脒,注射用头孢硫脒,注射用头孢硫脒,4,,manual_review
Drug::注射用头孢西丁钠,注射用头孢西丁钠,注射用头孢西丁钠,3,,manual_review
Drug::注射用奈达铂,注射用奈达铂,注射用奈达铂,3,,manual_review
Drug::注射用奥扎格雷钠,注射用奥扎格雷钠,注射用奥扎格雷钠,3,,manual_review
Drug::注射用奥沙利铂,注射用奥沙利铂,注射用奥沙利铂,3,,manual_review
Drug::注射用奥美拉唑,注射用奥美拉唑,注射用奥美拉唑,1,,manual_review
Drug::注射用奥美拉唑钠,注射用奥美拉唑钠,注射用奥美拉唑钠,4,,manual_review
Drug::注射用尼莫地平,注射用尼莫地平,注射用尼莫地平,3,,manual_review
Drug::注射用左卡尼汀,注射用左卡尼汀,注射用左卡尼汀,3,,manual_review
Drug::注射用己酮可可碱,注射用己酮可可碱,注射用己酮可可碱,3,,manual_review
Drug::注射用布美他尼,注射用布美他尼,注射用布美他尼,3,,manual_review
Drug::注射用帕米膦酸二钠,注射用帕米膦酸二钠,注射用帕米膦酸二钠,3,,manual_review
Drug::注射用异戊巴比妥钠,注射用异戊巴比妥钠,注射用异戊巴比妥钠,1,,manual_review
Drug::注射用曲普瑞林,注射用曲普瑞林,曲普瑞林|注射用曲普瑞林,4,,manual_review
Drug::注射用替卡西林钠克拉维酸钾,注射用替卡西林钠克拉维酸钾,替卡西林钠克拉维酸钾|注射用替卡西林钠克拉维酸钾,5,,manual_review
Drug::注射用果糖二磷酸钠,注射用果糖二磷酸钠,注射用果糖二磷酸钠,3,,manual_review
Drug::注射用比阿培南,注射用比阿培南,注射用比阿培南,3,,manual_review
Drug::注射用氨甲环酸,注射用氨甲环酸,注射用氨甲环酸,3,,manual_review
Drug::注射用氨甲苯酸,注射用氨甲苯酸,注射用氨甲苯酸,3,,manual_review
Drug::注射用氨磷汀,注射用氨磷汀,注射用氨磷汀,3,,manual_review
Drug::注射用氨苄西林钠氯唑西林钠,注射用氨苄西林钠氯唑西林钠,注射用氨苄西林钠氯唑西林钠,1,,manual_review
Drug::注射用氯唑西林钠,注射用氯唑西林钠,注射用氯唑西林钠,3,,manual_review
Drug::注射用法莫替丁,注射用法莫替丁,注射用法莫替丁,3,,manual_review
Drug::注射用派拉西林钠,注射用派拉西林钠,注射用派拉西林钠,1,,manual_review
Drug::注射用烟酸占替诺,注射用烟酸占替诺,注射用烟酸占替诺,3,,manual_review
Drug::注射用甘草酸二铵,注射用甘草酸二铵,注射用甘草酸二铵,3,,manual_review
Drug::注射用甲硫氨酸维b1,注射用甲硫氨酸维B1,注射用甲硫氨酸维B1,3,,manual_review
Drug::注射用甲磺酸加替沙星,注射用甲磺酸加替沙星,注射用甲磺酸加替沙星,3,,manual_review
Drug::注射用甲磺酸去铁胺,注射用甲磺酸去铁胺,注射用甲磺酸去铁胺,3,,manual_review
Drug::注射用甲磺酸左氧氟沙星,注射用甲磺酸左氧氟沙星,注射用甲磺酸左氧氟沙星,3,,manual_review
Drug::注射用甲磺酸帕珠沙星,注射用甲磺酸帕珠沙星,注射用甲磺酸帕珠沙星,3,,manual_review
Drug::注射用盐酸丁卡因,注射用盐酸丁卡因,注射用盐酸丁卡因,3,,manual_review
Drug::注射用盐酸伊立替康,注射用盐酸伊立替康,注射用盐酸伊立替康,3,,manual_review
Drug::注射用盐酸伊达比星,注射用盐酸伊达比星,注射用盐酸伊达比星,3,,manual_review
Drug::注射用盐酸倍他司汀,注射用盐酸倍他司汀,注射用盐酸倍他司汀,3,,manual_review
Drug::注射用盐酸克林霉素,注射用盐酸克林霉素,注射用盐酸克林霉素,3,,manual_review
Drug::注射用盐酸地尔硫卓,注射用盐酸地尔硫卓,注射用盐酸地尔硫卓,3,,manual_review
Drug::注射用盐酸多巴酚丁胺,注射用盐酸多巴酚丁胺,注射用盐酸多巴酚丁胺,3,,manual_review
Drug::注射用盐酸头孢吡肟,注射用盐酸头孢吡肟,注射用盐酸头孢吡肟,3,,manual_review
Drug::注射用盐酸头孢甲肟,注射用盐酸头孢甲肟,注射用盐酸头孢甲肟,3,,manual_review
Drug::注射用盐酸托泊替康,注射用盐酸托泊替康,注射用盐酸托泊替康,3,,manual_review
Drug::注射用盐酸柔红霉素,注射用盐酸柔红霉素,注射用盐酸柔红霉素,3,,manual_review
Drug::注射用盐酸氨溴索,注射用盐酸氨溴索,注射用盐酸氨溴索,4,,manual_review
Drug::注射用盐酸洛美沙星,注射用盐酸洛美沙星,注射用盐酸洛美沙星,3,,manual_review
Drug::注射用盐酸艾司洛尔,注射用盐酸艾司洛尔,注射用盐酸艾司洛尔,3,,manual_review
Drug::注射用盐酸表柔比星,注射用盐酸表柔比星,注射用盐酸表柔比星,3,,manual_review
Drug::注射用盐酸雷尼替丁,注射用盐酸雷尼替丁,注射用盐酸雷尼替丁,3,,manual_review
Drug::注射用盐酸雷莫司琼,注射用盐酸雷莫司琼,注射用盐酸雷莫司琼,3,,manual_review
Drug::注射用硫辛酸,注射用硫辛酸,注射用硫辛酸,3,,manual_review
Drug::注射用硫酸依替米星,注射用硫酸依替米星,注射用硫酸依替米星,3,,manual_review
Drug::注射用硫酸头孢匹罗,注射用硫酸头孢匹罗,注射用硫酸头孢匹罗,3,,manual_review
Drug::注射用硫酸奈替米星,注射用硫酸奈替米星,注射用硫酸奈替米星,3,,manual_review
Drug::注射用硫酸特布他林,注射用硫酸特布他林,注射用硫酸特布他林,3,,manual_review
Drug::注射用硫酸西索米星,注射用硫酸西索米星,注射用硫酸西索米星,3,,manual_review
Drug::注射用磷酸川芎嗪,注射用磷酸川芎嗪,注射用磷酸川芎嗪,3,,manual_review
Drug::注射用红花黄色素,注射用红花黄色素,注射用红花黄色素,3,,manual_review
Drug::注射用细辛脑,注射用细辛脑,注射用细辛脑,3,,manual_review
Drug::注射用美洛西林钠,注射用美洛西林钠,注射用美洛西林钠,3,,manual_review
Drug::注射用美罗培南,注射用美罗培南,注射用美罗培南,3,,manual_review
Drug::注射用肌苷,注射用肌苷,注射用肌苷,2,,manual_review
Drug::注射用胸腺五肽,注射用胸腺五肽,注射用胸腺五肽,3,,manual_review
Drug::注射用脂溶性维生素ⅱ,注射用脂溶性维生素Ⅱ,注射用脂溶性维生素(Ⅱ),3,,manual_review
Drug::注射用脑蛋白水解物,注射用脑蛋白水解物,注射用脑蛋白水解物,3,,manual_review
Drug::注射用苦参素,注射用苦参素,注射用苦参素,3,,manual_review
Drug::注射用苯巴比妥钠,注射用苯巴比妥钠,注射用苯巴比妥钠,1,,manual_review
Drug::注射用葛根素,注射用葛根素,注射用葛根素,3,,manual_review
Drug::注射用葡萄糖酸依诺沙星,注射用葡萄糖酸依诺沙星,注射用葡萄糖酸依诺沙星,3,,manual_review
Drug::注射用藻酸双酯钠,注射用藻酸双酯钠,注射用藻酸双酯钠,3,,manual_review
Drug::注射用赖氨匹林,注射用赖氨匹林,注射用赖氨匹林|赖氨匹林,5,,manual_review
Drug::注射用达卡巴嗪,注射用达卡巴嗪,注射用达卡巴嗪,3,,manual_review
Drug::注射用还原型谷胱甘肽,注射用还原型谷胱甘肽,注射用还原型谷胱甘肽,3,,manual_review
Drug::注射用酚磺乙胺,注射用酚磺乙胺,注射用酚磺乙胺,2,,manual_review
Drug::注射用醋酸曲普瑞林,注射用醋酸曲普瑞林,注射用醋酸曲普瑞林,3,,manual_review
Drug::注射用重组人干扰素α2b,注射用重组人干扰素α2b,注射用重组人干扰素α2b,3,,manual_review
Drug::注射用重组人生长激素,注射用重组人生长激素,注射用重组人生长激素,3,,manual_review
Drug::注射用重组人绒促性素,注射用重组人绒促性素,注射用重组人绒促性素,3,,manual_review
Drug::注射用长春西汀,注射用长春西汀,注射用长春西汀,3,,manual_review
Drug::注射用门冬氨酸钾镁,注射用门冬氨酸钾镁,注射用门冬氨酸钾镁,3,,manual_review
Drug::注射用门冬氨酸阿奇霉素,注射用门冬氨酸阿奇霉素,注射用门冬氨酸阿奇霉素,3,,manual_review
Drug::注射用阿奇霉素,注射用阿奇霉素,注射用阿奇霉素,3,,manual_review
Drug::注射用阿昔洛韦,注射用阿昔洛韦,注射用阿昔洛韦,3,,manual_review
Drug::注射用阿替普酶,注射用阿替普酶,注射用阿替普酶,3,,manual_review
Drug::注射用阿洛西林钠,注射用阿洛西林钠,注射用阿洛西林钠,3,,manual_review
Drug::注射用阿莫西林钠,注射用阿莫西林钠,注射用阿莫西林钠,3,,manual_review
Drug::注射用阿莫西林钠舒巴坦钠,注射用阿莫西林钠舒巴坦钠,注射用阿莫西林钠舒巴坦钠,1,,manual_review
Drug::泮库溴胺,泮库溴胺,泮库溴胺,1,,manual_review
Drug::泮库溴铵,泮库溴铵,泮库溴铵,22,,manual_review
Drug::泮托拉唑,泮托拉唑,泮托拉唑|泮托拉唑肠溶片,64,,manual_review
Drug::泮托拉唑钠,泮托拉唑钠,泮托拉唑钠|泮托拉唑钠肠溶片,3,,manual_review
Drug::泮托拉唑钠肠溶,泮托拉唑钠肠溶,泮托拉唑钠肠溶胶囊,3,,manual_review
Drug::泰佳平,泰佳平,泰佳平,1,,manual_review
Drug::泰利霉素,泰利霉素,泰利霉素,18,,manual_review
Drug::泰尔登,泰尔登,泰尔登,1,,manual_review
Drug::泰松,泰松,泰松,1,,manual_review
Drug::泰洛平,泰洛平,泰洛平,2,,manual_review
Drug::泰而登,泰而登,泰而登,1,,manual_review
Drug::泰胃美,泰胃美,泰胃美,1,,manual_review
Drug::泰诺,泰诺,泰诺,2,,manual_review
Drug::泰诺林,泰诺林,泰诺林,1,,manual_review
Drug::泻心汤,泻心汤,泻心汤,1,,manual_review
Drug::泻痢停,泻痢停,泻痢停,1,,manual_review
Drug::泻药,泻药,泻药,1,,manual_review
Drug::泼尼松,泼尼松,泼尼松,48,,manual_review
Drug::泼尼龙,泼尼龙,泼尼龙,2,,manual_review
Drug::泼纳替尼,泼纳替尼,泼纳替尼,2,,manual_review
Drug::泽兰,泽兰,泽兰,1,,manual_review
Drug::泽布替尼,泽布替尼,BRUKINSA|泽布替尼,16,,manual_review
Drug::泽泻,泽泻,泽泻,1,,manual_review
Drug::洁厕灵,洁厕灵,洁厕灵,1,,manual_review
Drug::洁维乐,洁维乐,洁维乐,3,,manual_review
Drug::洁霉素,洁霉素,洁霉素,3,,manual_review
Drug::洋地黄毒式,洋地黄毒式,洋地黄毒式,1,,manual_review
Drug::洋地黄毒甙,洋地黄毒甙,洋地黄毒甙,29,,manual_review
Drug::洋地黄毒苷,洋地黄毒苷,洋地黄毒甙|洋地黄毒苷,8,,manual_review
Drug::洋地黄类,洋地黄类,洋地黄类,3,,manual_review
Drug::洋地黄类强心苷,洋地黄类强心苷,洋地黄类强心苷,1,,manual_review
Drug::洋地黄类药,洋地黄类药,洋地黄类药,15,,manual_review
Drug::洋地黄类药物,洋地黄类药物,洋地黄类药物,45,,manual_review
Drug::洋地黄糖甙,洋地黄糖甙,洋地黄糖甙,1,,manual_review
Drug::洋地黄糖苷类,洋地黄糖苷类,洋地黄糖苷类,1,,manual_review
Drug::洋地黄苷,洋地黄苷,洋地黄苷,1,,manual_review
Drug::洋地黄霉素,洋地黄霉素,洋地黄霉素,1,,manual_review
Drug::洋金花,洋金花,洋金花,2,,manual_review
Drug::洗必太,洗必太,洗必太,2,,manual_review
Drug::洛伐他丁,洛伐他丁,洛伐他丁,4,,manual_review
Drug::洛伐他汀,洛伐他汀,Lovastatin|洛伐他汀|洛伐他汀分散片|洛伐他汀胶囊,166,,manual_review
Drug::洛匹卡韦利托那韦,洛匹卡韦-利托那韦,洛匹卡韦-利托那韦,1,,manual_review
Drug::洛匹那韦,洛匹那韦,LPV|洛匹那韦,48,,manual_review
Drug::洛匹那韦利托那韦,洛匹那韦/利托那韦,LPV/r|克力芝|洛匹那韦-利托那韦|洛匹那韦/利托那韦|洛匹那韦利托那韦,49,,manual_review
Drug::洛匹那韦那托那韦,洛匹那韦那托那韦,洛匹那韦那托那韦,1,,manual_review
Drug::洛呱丁胺,洛呱丁胺,洛呱丁胺,1,,manual_review
Drug::洛哌丁胺,洛哌丁胺,洛哌丁胺,19,,manual_review
Drug::洛拉替尼,洛拉替尼,洛拉替尼片,3,,manual_review
Drug::洛汀新,洛汀新,洛汀新,1,,manual_review
Drug::洛沙坦,洛沙坦,洛沙坦,5,,manual_review
Drug::洛米他派,洛米他派,洛米他派,1,,manual_review
Drug::洛索洛芬钠,洛索洛芬钠,洛索洛芬钠|洛索洛芬钠分散片|洛索洛芬钠片|洛索洛芬钠胶囊,10,,manual_review
Drug::洛美他派,洛美他派,洛美他派,2,,manual_review
Drug::洛美沙星,洛美沙星,洛美沙星,17,,manual_review
Drug::洛赛克,洛赛克,洛赛克,1,,manual_review
Drug::活力康唑,活力康唑,活力康唑,2,,manual_review
Drug::活性漂白土,活性漂白土,活性漂白土,1,,manual_review
Drug::活性炭,活性炭,活性炭,15,,manual_review
Drug::活性碳,活性碳,活性碳,7,,manual_review
Drug::活性维生素d,活性维生素D,活性维生素D,1,,manual_review
Drug::活性维生素d类似物,活性维生素D类似物,活性维生素D类似物,1,,manual_review
Drug::活疫苗,活疫苗,活疫苗,1,,manual_review
Drug::派仑西平,派仑西平,派仑西平,2,,manual_review
Drug::派克惜林,派克惜林,派克惜林,1,,manual_review
Drug::流感嗜血杆菌疫苗,流感嗜血杆菌疫苗,流感嗜血杆菌疫苗,1,,manual_review
Drug::流感疫苗,流感疫苗,流感疫苗,6,,manual_review
Drug::流感药,流感药,流感药,1,,manual_review
Drug::流行性腮腺炎疫苗,流行性腮腺炎疫苗,流行性腮腺炎疫苗,1,,manual_review
Drug::浓替硝唑含漱液,浓替硝唑含漱液,浓替硝唑含漱液,3,,manual_review
Drug::浓维磷,浓维磷,浓维磷糖浆,3,,manual_review
Drug::浙贝母,浙贝母,浙贝母,5,,manual_review
Drug::海捷亚,海捷亚,海捷亚,1,,manual_review
Drug::海桐皮,海桐皮,海桐皮,1,,manual_review
Drug::海洛因,海洛因,海洛因,1,,manual_review
Drug::海索比妥,海索比妥,海索比妥,20,,manual_review
Drug::海索比安,海索比安,海索比安,1,,manual_review
Drug::海藻,海藻,海藻,10,,manual_review
Drug::海藻酸钠,海藻酸钠,海藻酸钠,3,,manual_review
Drug::海螵蛸,海螵蛸,海螵蛸,2,,manual_review
Drug::海金沙,海金沙,海金沙,1,,manual_review
Drug::消化性溃疡药,消化性溃疡药,消化性溃疡药,1,,manual_review
Drug::消化科药,消化科药,消化科药,1,,manual_review
Drug::消化酶类,消化酶类,消化酶类,1,,manual_review
Drug::消咳宁,消咳宁,消咳宁片,4,,manual_review
Drug::消心痛,消心痛,消心痛,1,,manual_review
Drug::消旋卡多曲,消旋卡多曲,消旋卡多曲|消旋卡多曲颗粒,4,,manual_review
Drug::消旋山莨菪碱,消旋山莨菪碱,消旋山莨菪碱片,3,,manual_review
Drug::消炎痛,消炎痛,消炎痛,33,,manual_review
Drug::消炎痛栓剂,消炎痛栓剂,消炎痛栓剂,1,,manual_review
Drug::消炎药,消炎药,消炎药,4,,manual_review
Drug::消炎镇痛药,消炎镇痛药,消炎镇痛药,1,,manual_review
Drug::消胆胺,消胆胺,消胆胺,44,,manual_review
Drug::润肠,润肠,润肠胶囊,3,,manual_review
Drug::液体石蜡,液体石蜡,液体石腊|液体石蜡,4,,manual_review
Drug::液体钙,液体钙,液体钙,1,,manual_review
Drug::淀粉,淀粉,淀粉,2,,manual_review
Drug::淀粉酶,淀粉酶,淀粉酶,3,,manual_review
Drug::淡豆豉,淡豆豉,淡豆豉,1,,manual_review
Drug::淫羊藿,淫羊藿,淫羊藿,4,,manual_review
Drug::淫羊藿提取物,淫羊藿提取物,淫羊藿提取物,1,,manual_review
Drug::淫羊藿次苷ii,淫羊藿次苷II,淫羊藿次苷II,1,,manual_review
Drug::淫羊藿次苷ⅱ,淫羊藿次苷Ⅱ,淫羊藿次苷Ⅱ,4,,manual_review
Drug::淫羊藿素,淫羊藿素,淫羊藿素,1,,manual_review
Drug::淫羊藿苷,淫羊藿苷,淫羊藿苷,3,,manual_review
Drug::清洁剂,清洁剂,清洁剂,2,,manual_review
Drug::清火栀麦,清火栀麦,清火栀麦片,3,,manual_review
Drug::溴丙胺太林,溴丙胺太林,溴丙胺太林|溴丙胺太林片,10,,manual_review
Drug::溴化物,溴化物,溴化物,1,,manual_review
Drug::溴化钙,溴化钙,溴化钙,1,,manual_review
Drug::溴化钠,溴化钠,溴化钠,3,,manual_review
Drug::溴化钾,溴化钾,溴化钾,1,,manual_review
Drug::溴哌利多,溴哌利多,溴哌利多,1,,manual_review
Drug::溴夫定,溴夫定,溴夫定,1,,manual_review
Drug::溴己新,溴己新,溴己新,2,,manual_review
Drug::溴法罗明,溴法罗明,溴法罗明,1,,manual_review
Drug::溴甲酚绿,溴甲酚绿,溴甲酚绿,1,,manual_review
Drug::溴磺酞钠,溴磺酞钠,溴磺酞钠,1,,manual_review
Drug::溴芬酸钠水合物,溴芬酸钠水合物,溴芬酸钠水合物滴眼液,3,,manual_review
Drug::溴苄乙铵,溴苄乙铵,溴苄乙铵,1,,manual_review
Drug::溴苄胺,溴苄胺,溴芋胺|溴苄胺,2,,manual_review
Drug::溴苄铵,溴苄铵,溴苄铵,1,,manual_review
Drug::溴苯胺,溴苯胺,溴苯胺,1,,manual_review
Drug::溴西泮,溴西泮,溴西泮,1,,manual_review
Drug::溴隐亭,溴隐亭,溴隐亭|溴隐停,40,,manual_review
Drug::溴麦角环肽,溴麦角环肽,溴麦角环肽,1,,manual_review
Drug::溴麦角隐亭,溴麦角隐亭,溴麦角隐亭,1,,manual_review
Drug::溶栓剂,溶栓剂,溶栓剂,6,,manual_review
Drug::溶栓药,溶栓药,溶栓药,5,,manual_review
Drug::溶栓药物,溶栓药物,溶栓药物,7,,manual_review
Drug::溶肉溜素,溶肉溜素,溶肉溜素,1,,manual_review
Drug::溶血栓药,溶血栓药,溶血栓药,4,,manual_review
Drug::滋补性中药,滋补性中药,滋补性中药,1,,manual_review
Drug::滋补类中药,滋补类中药,滋补类中药,1,,manual_review
Drug::滑石,滑石,滑石,1,,manual_review
Drug::滴灭灵,滴灭灵,滴灭灵,1,,manual_review
Drug::滴眼用利福平,滴眼用利福平,滴眼用利福平,2,,manual_review
Drug::潘寇罗宁,潘寇罗宁,潘寇罗宁,1,,manual_review
Drug::潘库溴铵,潘库溴铵,潘库溴铵,1,,manual_review
Drug::潘托拉唑,潘托拉唑,潘托拉唑,2,,manual_review
Drug::潘生丁,潘生丁,潘生丁,7,,manual_review
Drug::潘立酮,潘立酮,潘立酮,2,,manual_review
Drug::潴钾利尿剂,潴钾利尿剂,潴钾利尿剂,1,,manual_review
Drug::澳抒达环酯红霉素干混悬剂,澳抒达环酯红霉素干混悬剂,澳抒达环酯红霉素干混悬剂,3,,manual_review
Drug::激素,激素,激素,6,,manual_review
Drug::激素类避孕药,激素类避孕药,激素类避孕药,2,,manual_review
Drug::激素避孕剂,激素避孕剂,激素避孕剂,1,,manual_review
Drug::火麻仁,火麻仁,火麻仁,1,,manual_review
Drug::灭吐灵,灭吐灵,灭吐灵,11,,manual_review
Drug::灭滴灵,灭滴灵,灭滴灵,4,,manual_review
Drug::灯盏花乙素,灯盏花乙素,灯盏花乙素,3,,manual_review
Drug::灯盏花乙素苷元,灯盏花乙素苷元,灯盏花乙素苷元,2,,manual_review
Drug::灯盏花素,灯盏花素,灯盏花素,8,,manual_review
Drug::灰黄霉毒,灰黄霉毒,灰黄霉毒,1,,manual_review
Drug::灰黄霉素,灰黄霉素,灰黄霉素|灰黄霉素片,98,,manual_review
Drug::灵芝,灵芝,灵芝,2,,manual_review
Drug::炉甘石,炉甘石,炉甘石,1,,manual_review
Drug::炎琥宁,炎琥宁,炎琥宁,1,,manual_review
Drug::炎痛喜康,炎痛喜康,炎痛喜康,3,,manual_review
Drug::炔丙雌醇,炔丙雌醇,炔丙雌醇,3,,manual_review
Drug::炔羟雄烯异噁唑,炔羟雄烯异噁唑,炔羟雄烯异噁唑,3,,manual_review
Drug::炔诺孕酮,炔诺孕酮,炔诺孕酮,1,,manual_review
Drug::炔诺酮,炔诺酮,炔诺酮|炔诺酮片,15,,manual_review
Drug::炔诺酮乙烯雌二醇,炔诺酮/乙烯雌二醇,炔诺酮/乙烯雌二醇,1,,manual_review
Drug::炔诺酮炔雌醇,炔诺酮/炔雌醇,炔诺酮/炔雌醇,1,,manual_review
Drug::炔雌醇,炔雌醇,炔雌醇,14,,manual_review
Drug::炔雌醇环丙孕酮,炔雌醇环丙孕酮,炔雌醇环丙孕酮|炔雌醇环丙孕酮片,5,,manual_review
Drug::炙甘草,炙甘草,炙甘草,2,,manual_review
Drug::炭,炭,炭,1,,manual_review
Drug::烟曲霉毒素c,烟曲霉毒素C,烟曲霉毒素C,2,,manual_review
Drug::烟曲霉素,烟曲霉素,烟曲霉素,2,,manual_review
Drug::烟碱,烟碱,烟碱,2,,manual_review
Drug::烟酰胺,烟酰胺,烟酰胺,16,,manual_review
Drug::烟酸,烟酸,烟酸|烟酸片|烟酸缓释片,40,,manual_review
Drug::烟酸占替诺,烟酸占替诺,烟酸占替诺片,3,,manual_review
Drug::烟酸占替诺氯化钠,烟酸占替诺氯化钠,烟酸占替诺氯化钠注射液,3,,manual_review
Drug::烟酸肼酞嗪,烟酸肼酞嗪,烟酸肼酞嗪,1,,manual_review
Drug::烟酸谷氨酸,烟酸谷氨酸,烟酸谷氨酸,1,,manual_review
Drug::烯丙吗啡,烯丙吗啡,烯丙吗啡,1,,manual_review
Drug::烯丙雌醇,烯丙雌醇,烯丙雌醇片,3,,manual_review
Drug::烷化抗癌药,烷化抗癌药,烷化抗癌药,8,,manual_review
Drug::焦山楂,焦山楂,焦山楂,1,,manual_review
Drug::焦性没食子酸,焦性没食子酸,焦性没食子酸,1,,manual_review
Drug::煅牡蛎,煅牡蛎,煅牡蛎,3,,manual_review
Drug::煅龙骨,煅龙骨,煅龙骨,3,,manual_review
Drug::熊去氧胆酸,熊去氧胆酸,熊去氧胆酸|熊去氧胆酸片|熊去氧胆酸胶囊,19,,manual_review
Drug::熊去氧胆酸软,熊去氧胆酸软,熊去氧胆酸软胶囊,3,,manual_review
Drug::熊果酸,熊果酸,熊果酸,1,,manual_review
Drug::熟地黄,熟地黄,熟地黄,2,,manual_review
Drug::爱乐维,爱乐维,爱乐维,3,,manual_review
Drug::牛痘疫苗接种家兔炎症皮肤提取物,牛痘疫苗接种家兔炎症皮肤提取物,牛痘疫苗接种家兔炎症皮肤提取物片,3,,manual_review
Drug::牛磺熊去氧胆酸,牛磺熊去氧胆酸,牛磺熊去氧胆酸胶囊,3,,manual_review
Drug::牛磺酸,牛磺酸,牛磺酸颗粒,3,,manual_review
Drug::牛膝,牛膝,牛膝,2,,manual_review
Drug::牛蒡苷元,牛蒡苷元,牛蒡苷元,1,,manual_review
Drug::牛黄,牛黄,牛黄,1,,manual_review
Drug::牡丹皮,牡丹皮,牡丹皮,2,,manual_review
Drug::牡丹酚,牡丹酚,牡丹酚,2,,manual_review
Drug::牡蛎,牡蛎,牡蛎,7,,manual_review
Drug::牡蛎碳酸钙,牡蛎碳酸钙,牡蛎碳酸钙咀嚼片|牡蛎碳酸钙泡腾片|牡蛎碳酸钙颗粒,9,,manual_review
Drug::牵牛,牵牛,牵牛,1,,manual_review
Drug::特利加压素,特利加压素,特利加压素注射液,3,,manual_review
Drug::特利霉素,特利霉素,特利霉素,1,,manual_review
Drug::特布他林,特布他林,特布他林,1,,manual_review
Drug::特康唑,特康唑,特康唑乳膏,3,,manual_review
Drug::特异性甲肝或乙肝免疫球蛋白,特异性甲肝或乙肝免疫球蛋白,特异性甲肝或乙肝免疫球蛋白,1,,manual_review
Drug::特拉唑嗪,特拉唑嗪,特拉唑嗪,4,,manual_review
Drug::特拉普韦,特拉普韦,特拉普韦,3,,manual_review
Drug::特拉珠玛,特拉珠玛,特拉珠玛,1,,manual_review
Drug::特比萘芬,特比萘芬,特比萘芬,9,,manual_review
Drug::特立氟胺,特立氟胺,特立氟胺,2,,manual_review
Drug::特立齐酮,特立齐酮,特立齐酮,1,,manual_review
Drug::特罗凯,特罗凯,特罗凯,2,,manual_review
Drug::特美汀,特美汀,特美汀,1,,manual_review
Drug::特非拉丁,特非拉丁,特非拉丁,15,,manual_review
Drug::特非那定,特非那定,特非那丁|特非那定|特非那定片,110,,manual_review
Drug::特非那汀,特非那汀,特非那汀,1,,manual_review
Drug::犀角,犀角,犀角,1,,manual_review
Drug::狂犬病疫苗,狂犬病疫苗,狂犬病疫苗,1,,manual_review
Drug::狄戈辛,狄戈辛,狄戈辛,6,,manual_review
Drug::狄高辛,狄高辛,狄高辛,2,,manual_review
Drug::独活,独活,独活,2,,manual_review
Drug::独活草,独活草,独活草,1,,manual_review
Drug::狼毒,狼毒,狼毒,1,,manual_review
Drug::猪苓,猪苓,猪苓,1,,manual_review
Drug::猫爪草,猫爪草,猫爪草,1,,manual_review
Drug::玄参,玄参,玄参,3,,manual_review
Drug::玛巴洛沙韦,玛巴洛沙韦,玛巴洛沙韦,1,,manual_review
Drug::环丙孕酮,环丙孕酮,环丙孕酮,1,,manual_review
Drug::环丙氟哌酸,环丙氟哌酸,环丙氟哌酸,19,,manual_review
Drug::环丙沙星,环丙沙星,CPFX|乳酸环丙沙星|环丙氟哌酸|环丙沙星,241,,manual_review
Drug::环丙烷,环丙烷,环丙烷,7,,manual_review
Drug::环丙砂星,环丙砂星,环丙砂星,1,,manual_review
Drug::环丝氨酸,环丝氨酸,环丝氨酸,12,,manual_review
Drug::环吡酮胺,环吡酮胺,环吡酮胺,1,,manual_review
Drug::环孢素a,环孢素A,CsA|环孢素A|环胞菌素A,75,,manual_review
Drug::环孢素a微乳剂,环孢素A微乳剂,环孢素A微乳剂,2,,manual_review
Drug::环孢素口服溶液,环孢素口服溶液,环孢素口服溶液,3,,manual_review
Drug::环孢素软,环孢素软,环孢素软胶囊,3,,manual_review
Drug::环孢菌素,环孢菌素,环孢菌素,52,,manual_review
Drug::环孢菌素a,环孢菌素A,环孢菌素A,13,,manual_review
Drug::环孢霉素,环孢霉素,环孢霉素,57,,manual_review
Drug::环孢霉素a,环孢霉素A,环孢霉素A,5,,manual_review
Drug::环己亚硝脲,环己亚硝脲,环己亚硝脲,2,,manual_review
Drug::环己巴比妥,环己巴比妥,环己巴比妥,3,,manual_review
Drug::环己甲肼,环己甲肼,环己甲肼,1,,manual_review
Drug::环已巴比妥,环已巴比妥,环已巴比妥,3,,manual_review
Drug::环戊噻嗪,环戊噻嗪,环戊噻嗪|环戊氯噻嗪|环戊甲噻嗪,3,,manual_review
Drug::环戊氯噻嗪,环戊氯噻嗪,环戊氯噻嗪,1,,manual_review
Drug::环抱素,环抱素,环抱素,1,,manual_review
Drug::环泊酚,环泊酚,环泊酚,3,,manual_review
Drug::环磷酰胺,环磷酰胺,CTX|Cy|cyclophosphamide|环磷酰胺|环磷酰胺片,129,,manual_review
Drug::环磷酸胺,环磷酸胺,环磷酸胺,1,,manual_review
Drug::环索奈德,环索奈德,环索奈德,2,,manual_review
Drug::环索奈德气雾剂,环索奈德气雾剂,环索奈德气雾剂,3,,manual_review
Drug::环胞素,环胞素,环胞素,6,,manual_review
Drug::环胞苷,环胞苷,环胞苷,1,,manual_review
Drug::环胞霉素,环胞霉素,环胞霉素,1,,manual_review
Drug::环酯红霉素,环酯红霉素,环酯红霉素|环酯红霉素片,6,,manual_review
Drug::玻璃酸钠,玻璃酸钠,玻璃酸钠注射液|玻璃酸钠滴眼液,6,,manual_review
Drug::珍珠母,珍珠母,珍珠母,1,,manual_review
Drug::琥乙红霉素,琥乙红霉素,琥乙红霉素|琥乙红霉素胶囊,8,,manual_review
Drug::琥乙红霉素口腔崩解,琥乙红霉素口腔崩解,琥乙红霉素口腔崩解片,3,,manual_review
Drug::琥乙红霉素醋酸麦迪霉素,琥乙红霉素醋酸麦迪霉素,琥乙红霉素醋酸麦迪霉素,1,,manual_review
Drug::琥珀,琥珀,琥珀,2,,manual_review
Drug::琥珀安神,琥珀安神,琥珀安神丸,3,,manual_review
Drug::琥珀胆碱,琥珀胆碱,琥珀胆碱,19,,manual_review
Drug::琥珀酰明胶,琥珀酰明胶,琥珀酰明胶注射液,3,,manual_review
Drug::琥珀酰胆硷,琥珀酰胆硷,琥珀酰胆硷,1,,manual_review
Drug::琥珀酰胆碱,琥珀酰胆碱,琥珀酰胆硷|琥珀酰胆碱|琥珀酰胆碱型药物,12,,manual_review
Drug::琥珀酰胆碱型肌松剂,琥珀酰胆碱型肌松剂,琥珀酰胆碱型肌松剂,1,,manual_review
Drug::琥珀酸亚铁,琥珀酸亚铁,琥珀酸亚铁|琥珀酸亚铁片|琥珀酸亚铁缓释片,8,,manual_review
Drug::琥珀酸盐,琥珀酸盐,琥珀酸盐,1,,manual_review
Drug::琥珀酸索利那新,琥珀酸索利那新,琥珀酸索利那新片,2,,manual_review
Drug::琥珀酸美托洛尔,琥珀酸美托洛尔,琥珀酸美托洛尔|琥珀酸美托洛尔缓释片,6,,manual_review
Drug::琥珀酸舒马普坦,琥珀酸舒马普坦,琥珀酸舒马普坦片,3,,manual_review
Drug::琥酰胆碱,琥酰胆碱,琥酰胆碱,1,,manual_review
Drug::瑞培林,瑞培林,瑞培林,1,,manual_review
Drug::瑞宁得,瑞宁得,瑞宁得,1,,manual_review
Drug::瑞德西韦,瑞德西韦,瑞德西韦,1,,manual_review
Drug::瑞戈非尼,瑞戈非尼,瑞戈非尼,4,,manual_review
Drug::瑞替加滨,瑞替加滨,瑞替加滨,1,,manual_review
Drug::瑞格列奈,瑞格列奈,瑞格列奈|瑞格列奈分散片|瑞格列奈片,72,,manual_review
Drug::瑞格列汀,瑞格列汀,瑞格列汀,1,,manual_review
Drug::瑞格列齐,瑞格列齐,瑞格列齐,1,,manual_review
Drug::瑞格菲尼,瑞格菲尼,瑞格菲尼,1,,manual_review
Drug::瑞波西利,瑞波西利,瑞波西利,20,,manual_review
Drug::瑞波西汀,瑞波西汀,瑞波西汀,10,,manual_review
Drug::瑞美吉泮,瑞美吉泮,瑞美吉泮,1,,manual_review
Drug::瑞舒伐他丁,瑞舒伐他丁,瑞舒伐他丁,1,,manual_review
Drug::瑞舒伐他汀,瑞舒伐他汀,瑞舒伐他汀,126,,manual_review
Drug::瑞舒伐他汀钙,瑞舒伐他汀钙,瑞舒伐他汀钙|瑞舒伐他汀钙片,6,,manual_review
Drug::瑞芬太尼,瑞芬太尼,瑞芬太尼,4,,manual_review
Drug::瑞苏伐他汀,瑞苏伐他汀,瑞苏伐他汀,1,,manual_review
Drug::瓜拉拿藤,瓜拉拿藤,瓜拉拿藤,1,,manual_review
Drug::瓜萎,瓜萎,瓜萎,1,,manual_review
Drug::瓜蒌,瓜蒌,瓜蒌,4,,manual_review
Drug::瓦楞子,瓦楞子,瓦楞子,1,,manual_review
Drug::甘利欣,甘利欣,甘利欣,1,,manual_review
Drug::甘替司匹布,甘替司匹布,甘替司匹布,1,,manual_review
Drug::甘氨酸,甘氨酸,甘氨酸,1,,manual_review
Drug::甘汞,甘汞,甘汞|甘汞制剂,1,,manual_review
Drug::甘油果糖,甘油果糖,甘油果糖|甘油果糖注射液,3,,manual_review
Drug::甘珀酸钠,甘珀酸钠,甘珀酸钠,1,,manual_review
Drug::甘精胰岛素,甘精胰岛素,甘精胰岛素,4,,manual_review
Drug::甘草,甘草,甘草,67,,manual_review
Drug::甘草合剂,甘草合剂,甘草合剂,1,,manual_review
Drug::甘草提取物,甘草提取物,甘草提取物,2,,manual_review
Drug::甘草查尔酮a,甘草查尔酮A,甘草查尔酮A,3,,manual_review
Drug::甘草查耳酮a,甘草查耳酮A,甘草查耳酮A,1,,manual_review
Drug::甘草次酸,甘草次酸,甘草次酸,10,,manual_review
Drug::甘草甜素,甘草甜素,甘草甜素,3,,manual_review
Drug::甘草皂苷,甘草皂苷,甘草皂苷,2,,manual_review
Drug::甘草素,甘草素,甘草素,1,,manual_review
Drug::甘草苷,甘草苷,甘草苷,2,,manual_review
Drug::甘草酸,甘草酸,甘草酸,21,,manual_review
Drug::甘草酸二铵,甘草酸二铵,甘草酸二铵,1,,manual_review
Drug::甘草酸苷,甘草酸苷,甘草酸苷,2,,manual_review
Drug::甘草锌,甘草锌,甘草锌胶囊|甘草锌颗粒,6,,manual_review
Drug::甘遂,甘遂,甘遂,17,,manual_review
Drug::甘露醇,甘露醇,甘露醇|甘露醇注射液,7,,manual_review
Drug::生半夏,生半夏,生半夏,1,,manual_review
Drug::生命鸟复方维生素u,生命鸟复方维生素U,生命鸟 复方维生素U胶囊,3,,manual_review
Drug::生命鸟维生素e软,生命鸟维生素E软,生命鸟 维生素E软胶囊,3,,manual_review
Drug::生地黄,生地黄,生地黄,2,,manual_review
Drug::生姜,生姜,生姜,1,,manual_review
Drug::生姜泻心汤,生姜泻心汤,生姜泻心汤,2,,manual_review
Drug::生山楂,生山楂,生山楂,1,,manual_review
Drug::生川乌,生川乌,生川乌,4,,manual_review
Drug::生成素,生成素,生成素,1,,manual_review
Drug::生物制品,生物制品,生物制品,1,,manual_review
Drug::生物碱,生物碱,生物碱,4,,manual_review
Drug::生物碱的盐,生物碱的盐,生物碱的盐,1,,manual_review
Drug::生物碱类,生物碱类,生物碱类,1,,manual_review
Drug::生理盐水,生理盐水,生理盐水,17,,manual_review
Drug::生理药代动力学模型,生理药代动力学模型,生理药代动力学模型,1,,manual_review
Drug::生甘草,生甘草,生甘草,3,,manual_review
Drug::生育三烯酚类,生育三烯酚类,生育三烯酚类,1,,manual_review
Drug::生胃酮,生胃酮,生胃酮,1,,manual_review
Drug::生长抑素八肽,生长抑素八肽,生长抑素八肽,1,,manual_review
Drug::生长激素,生长激素,生长激素,1,,manual_review
Drug::甲丙氨酯,甲丙氨酯,甲丙氨酯,8,,manual_review
Drug::甲丙氨酸,甲丙氨酸,甲丙氨酸,1,,manual_review
Drug::甲丙氯酯,甲丙氯酯,甲丙氯酯,1,,manual_review
Drug::甲丙脯氨酸,甲丙脯氨酸,甲丙脯氨酸,1,,manual_review
Drug::甲亢平,甲亢平,甲亢平,1,,manual_review
Drug::甲哌氯丙嗪,甲哌氯丙嗪,甲哌氯丙嗪,1,,manual_review
Drug::甲哌酮,甲哌酮,甲哌酮,2,,manual_review
Drug::甲唑酰胺,甲唑酰胺,甲唑酰胺,1,,manual_review
Drug::甲喹酮,甲喹酮,甲喹酮,1,,manual_review
Drug::甲地孕酮,甲地孕酮,甲地孕酮,2,,manual_review
Drug::甲型乙型肝炎联合疫苗,甲型乙型肝炎联合疫苗,甲型乙型肝炎联合疫苗,3,,manual_review
Drug::甲型肝炎灭活疫苗,甲型肝炎灭活疫苗,甲型肝炎灭活疫苗,3,,manual_review
Drug::甲基地高辛,甲基地高辛,甲基地高辛,1,,manual_review
Drug::甲基多巴,甲基多巴,甲基多巴,68,,manual_review
Drug::甲基多巴肼,甲基多巴肼,甲基多巴肼,3,,manual_review
Drug::甲基强的松龙,甲基强的松龙,甲基强的松龙,10,,manual_review
Drug::甲基氢化泼尼松,甲基氢化泼尼松,甲基氢化泼尼松,1,,manual_review
Drug::甲基泼尼松,甲基泼尼松,甲基泼尼松,1,,manual_review
Drug::甲基泼尼松龙,甲基泼尼松龙,甲基泼尼松龙,3,,manual_review
Drug::甲基泼尼龙,甲基泼尼龙,甲基泼尼龙,2,,manual_review
Drug::甲基睾丸素,甲基睾丸素,甲基睾丸素,3,,manual_review
Drug::甲基睾丸酮,甲基睾丸酮,甲基睾丸酮,1,,manual_review
Drug::甲基苄肼,甲基苄肼,甲基苄肼,10,,manual_review
Drug::甲基苯丙胺,甲基苯丙胺,甲基苯丙胺,1,,manual_review
Drug::甲基麦角新碱,甲基麦角新碱,甲基麦角新碱,2,,manual_review
Drug::甲巯丙脯酸,甲巯丙脯酸,甲巯丙脯酸,1,,manual_review
Drug::甲巯咪唑,甲巯咪唑,甲巯咪唑|甲巯咪唑乳膏|甲巯咪唑片,9,,manual_review
Drug::甲强龙,甲强龙,甲强龙,5,,manual_review
Drug::甲氟哌酸,甲氟哌酸,甲氟哌酸,9,,manual_review
Drug::甲氟喹,甲氟喹,甲氟喹,2,,manual_review
Drug::甲氧卞氨嘧啶,甲氧卞氨嘧啶,甲氧卞氨嘧啶,1,,manual_review
Drug::甲氧卡巴莫,甲氧卡巴莫,甲氧卡巴莫,1,,manual_review
Drug::甲氧异搏停,甲氧异搏停,甲氧异搏停,1,,manual_review
Drug::甲氧普胺,甲氧普胺,甲氧普胺,2,,manual_review
Drug::甲氧氟烷,甲氧氟烷,甲氧氟烷,44,,manual_review
Drug::甲氧氯普安,甲氧氯普安,甲氧氯普安,1,,manual_review
Drug::甲氧氯普胺,甲氧氯普胺,甲氧氯普胺|甲氧氯普胺片|胃复安,65,,manual_review
Drug::甲氧沙林,甲氧沙林,甲氧沙林片,3,,manual_review
Drug::甲氧沙林溶液,甲氧沙林溶液,甲氧沙林溶液,3,,manual_review
Drug::甲氧胺,甲氧胺,甲氧胺,4,,manual_review
Drug::甲氧芐啶,甲氧芐啶,甲氧芐啶,1,,manual_review
Drug::甲氧苄啶,甲氧苄啶,TMP|三甲氧苄胺嘧啶|甲氧苄啶|甲氧苄胺嘧啶,71,,manual_review
Drug::甲氧苄啶磺胺,甲氧苄啶-磺胺,甲氧苄啶-磺胺,5,,manual_review
Drug::甲氧苄啶磺胺甲噁唑,甲氧苄啶-磺胺甲噁唑,甲氧苄啶-磺胺甲噁唑,1,,manual_review
Drug::甲氧苄啶磺胺甲基异噁唑,甲氧苄啶/磺胺甲基异噁唑,甲氧苄啶/磺胺甲基异噁唑,1,,manual_review
Drug::甲氧苄啶磺胺甲恶唑,甲氧苄啶/磺胺甲恶唑,甲氧苄啶/磺胺甲恶唑,3,,manual_review
Drug::甲氧苄定,甲氧苄定,甲氧苄定,1,,manual_review
Drug::甲氧苄氨嘧啶,甲氧苄氨嘧啶,甲氧苄氨嘧啶,7,,manual_review
Drug::甲氧苄氨嘧啶磺胺甲恶唑,甲氧苄氨嘧啶/磺胺甲恶唑,甲氧苄氨嘧啶/磺胺甲恶唑,1,,manual_review
Drug::甲氧苄胺嘧啶,甲氧苄胺嘧啶,甲氧苄胺嘧啶,4,,manual_review
Drug::甲氧苯青霉素,甲氧苯青霉素,甲氧苯青霉素,4,,manual_review
Drug::甲氧萘丙酸,甲氧萘丙酸,甲氧萘丙酸,1,,manual_review
Drug::甲氧西林,甲氧西林,甲氧苯青霉素|甲氧西林,29,,manual_review
Drug::甲氨苄啶,甲氨苄啶,甲氨苄啶,1,,manual_review
Drug::甲氯芬那酸,甲氯芬那酸,甲氯芬那酸,1,,manual_review
Drug::甲氰咪呱,甲氰咪呱,甲氰咪呱,4,,manual_review
Drug::甲氰咪胺,甲氰咪胺,甲氰咪胺,2,,manual_review
Drug::甲氰脒胍,甲氰脒胍,甲氰脒胍,4,,manual_review
Drug::甲泼尼松,甲泼尼松,甲泼尼松,1,,manual_review
Drug::甲泼尼龙,甲泼尼龙,甲泼尼龙|甲泼尼龙片|甲泼尼龙琥珀酸钠,55,,manual_review
Drug::甲泼尼龙琥珀酸钠,甲泼尼龙琥珀酸钠,甲泼尼龙琥珀酸钠,3,,manual_review
Drug::甲灭酸,甲灭酸,甲灭酸,3,,manual_review
Drug::甲烯二氧甲苯丙胺,甲烯二氧甲苯丙胺,甲烯二氧甲苯丙胺,3,,manual_review
Drug::甲烯土霉素,甲烯土霉素,甲烯土霉素,7,,manual_review
Drug::甲状腺,甲状腺,甲状腺|甲状腺片,3,,manual_review
Drug::甲状腺激素,甲状腺激素,甲状腺激素,18,,manual_review
Drug::甲状腺激素替代治疗,甲状腺激素替代治疗,甲状腺激素替代治疗,1,,manual_review
Drug::甲状腺激素替代治疗药物,甲状腺激素替代治疗药物,甲状腺激素替代治疗药物,1,,manual_review
Drug::甲状腺素,甲状腺素,甲状腺素,26,,manual_review
Drug::甲疏咪唑,甲疏咪唑,甲疏咪唑,1,,manual_review
Drug::甲砜霉素,甲砜霉素,甲砜霉素,2,,manual_review
Drug::甲硝呋胍,甲硝呋胍,甲硝呋胍,1,,manual_review
Drug::甲硝唑口腔粘,甲硝唑口腔粘,甲硝唑口腔粘贴片,3,,manual_review
Drug::甲硝唑口颊,甲硝唑口颊,甲硝唑口颊片,3,,manual_review
Drug::甲硝唑呋喃唑酮栓,甲硝唑呋喃唑酮栓,甲硝唑呋喃唑酮栓,3,,manual_review
Drug::甲硝唑维b6,甲硝唑维B6,甲硝唑维B6片,3,,manual_review
Drug::甲硝唑芬布芬,甲硝唑芬布芬,甲硝唑芬布芬胶囊,3,,manual_review
Drug::甲硫哒嗪,甲硫哒嗪,甲硫哒嗪,8,,manual_review
Drug::甲硫达嗪,甲硫达嗪,甲硫达嗪,2,,manual_review
Drug::甲硫酸新斯的明,甲硫酸新斯的明,甲硫酸新斯的明,1,,manual_review
Drug::甲磺司特,甲磺司特,甲磺司特颗粒,3,,manual_review
Drug::甲磺氮卓脲,甲磺氮卓脲,甲磺氮卓脲,1,,manual_review
Drug::甲磺胺心定,甲磺胺心定,甲磺胺心定,2,,manual_review
Drug::甲磺西脲,甲磺西脲,甲磺西脲,1,,manual_review
Drug::甲磺酸伊马替尼,甲磺酸伊马替尼,甲磺酸伊马替尼片|甲磺酸伊马替尼胶囊,6,,manual_review
Drug::甲磺酸倍他司汀,甲磺酸倍他司汀,甲磺酸倍他司汀,3,,manual_review
Drug::甲磺酸加替沙星,甲磺酸加替沙星,甲磺酸加替沙星分散片|甲磺酸加替沙星注射液|甲磺酸加替沙星片,9,,manual_review
Drug::甲磺酸加替沙星葡萄糖,甲磺酸加替沙星葡萄糖,甲磺酸加替沙星葡萄糖注射液,3,,manual_review
Drug::甲磺酸吉米沙星,甲磺酸吉米沙星,甲磺酸吉米沙星片,3,,manual_review
Drug::甲磺酸培氟沙星,甲磺酸培氟沙星,甲磺酸培氟沙星|甲磺酸培氟沙星乳膏|甲磺酸培氟沙星注射液,4,,manual_review
Drug::甲磺酸多沙唑嗪,甲磺酸多沙唑嗪,甲磺酸多沙唑嗪片|甲磺酸多沙唑嗪缓释片,5,,manual_review
Drug::甲磺酸左氧氟沙星,甲磺酸左氧氟沙星,甲磺酸左氧氟沙星片,3,,manual_review
Drug::甲磺酸帕珠沙星,甲磺酸帕珠沙星,甲磺酸帕珠沙星|甲磺酸帕珠沙星注射液,5,,manual_review
Drug::甲磺酸帕珠沙星氯化钠,甲磺酸帕珠沙星氯化钠,甲磺酸帕珠沙星氯化钠注射液,3,,manual_review
Drug::甲磺酸溴隐亭,甲磺酸溴隐亭,甲磺酸溴隐亭片,3,,manual_review
Drug::甲磺酸罗哌卡因,甲磺酸罗哌卡因,甲磺酸罗哌卡因注射液,3,,manual_review
Drug::甲磺酸贝舒地尔,甲磺酸贝舒地尔,甲磺酸贝舒地尔片,3,,manual_review
Drug::甲磺酸酚妥拉明,甲磺酸酚妥拉明,甲磺酸酚妥拉明片|甲磺酸酚妥拉明胶囊,6,,manual_review
Drug::甲磺酸雷沙吉兰,甲磺酸雷沙吉兰,甲磺酸雷沙吉兰片,2,,manual_review
Drug::甲福明,甲福明,甲福明,5,,manual_review
Drug::甲素,甲素,甲素,1,,manual_review
Drug::甲紫溶液,甲紫溶液,甲紫溶液,3,,manual_review
Drug::甲红霉素,甲红霉素,甲红霉素,1,,manual_review
Drug::甲肝疫苗,甲肝疫苗,甲肝疫苗,1,,manual_review
Drug::甲腈咪胍,甲腈咪胍,甲腈咪胍,3,,manual_review
Drug::甲芬的肼,甲芬的肼,甲芬的肼,1,,manual_review
Drug::甲芬那酸,甲芬那酸,甲灭酸|甲芬那酸|甲芬那酸片,6,,manual_review
Drug::甲苯咪唑,甲苯咪唑,甲苯咪唑片,3,,manual_review
Drug::甲苯喹唑磺胺,甲苯喹唑磺胺,甲苯喹唑磺胺,2,,manual_review
Drug::甲苯比妥,甲苯比妥,甲苯比妥,1,,manual_review
Drug::甲苯磺丁胺,甲苯磺丁胺,甲苯磺丁胺,1,,manual_review
Drug::甲苯磺丁酰胺,甲苯磺丁酰胺,甲苯磺丁酰胺,1,,manual_review
Drug::甲苯磺酸妥舒沙星,甲苯磺酸妥舒沙星,甲苯磺酸妥舒沙星片,3,,manual_review
Drug::甲苯磺酸托氟沙星,甲苯磺酸托氟沙星,甲苯磺酸托氟沙星胶囊,3,,manual_review
Drug::甲苯磺酸瑞马唑仑,甲苯磺酸瑞马唑仑,甲苯磺酸瑞马唑仑,2,,manual_review
Drug::甲苯磺酸索拉非尼,甲苯磺酸索拉非尼,甲苯磺酸索拉非尼片,3,,manual_review
Drug::甲苯达唑,甲苯达唑,甲苯达唑,1,,manual_review
Drug::甲萘醌,甲萘醌,甲萘醌,2,,manual_review
Drug::甲酰四氢叶酸,甲酰四氢叶酸,甲酰四氢叶酸,1,,manual_review
Drug::甲钴胺,甲钴胺,甲钴胺,2,,manual_review
Drug::甲雄甾烷诺龙,甲雄甾烷诺龙,甲雄甾烷诺龙,1,,manual_review
Drug::电解质溶液,电解质溶液,电解质溶液,1,,manual_review
Drug::电解质输液,电解质输液,电解质输液,1,,manual_review
Drug::甾体激素,甾体激素,甾体激素,1,,manual_review
Drug::甾体激素避孕药,甾体激素避孕药,甾体激素避孕药,1,,manual_review
Drug::甾体避孕药,甾体避孕药,甾体避孕药,4,,manual_review
Drug::畅凡芦比前列酮软,畅凡芦比前列酮软,畅凡 芦比前列酮软胶囊,3,,manual_review
Drug::畅鼻通,畅鼻通,畅鼻通颗粒,3,,manual_review
Drug::留钾利尿剂,留钾利尿剂,留钾利尿剂,1,,manual_review
Drug::番泻叶,番泻叶,番泻叶,6,,manual_review
Drug::番泻苷,番泻苷,番泻苷,2,,manual_review
Drug::番泻苷a,番泻苷A,番泻苷A,2,,manual_review
Drug::番泻苷元,番泻苷元,番泻苷元,2,,manual_review
Drug::疏基嘌呤,疏基嘌呤,疏基嘌呤,1,,manual_review
Drug::疏甲丙脯酸,疏甲丙脯酸,疏甲丙脯酸,1,,manual_review
Drug::疏肝益阳,疏肝益阳,疏肝益阳胶囊,2,,manual_review
Drug::疏血通,疏血通,疏血通,1,,manual_review
Drug::疫苗,疫苗,疫苗,1,,manual_review
Drug::病毒灵,病毒灵,病毒灵,1,,manual_review
Drug::痛惊宁,痛惊宁,痛惊宁,1,,manual_review
Drug::痛痉平,痛痉平,痛痉平,4,,manual_review
Drug::痛风药,痛风药,痛风药,2,,manual_review
Drug::痢特灵,痢特灵,痢特灵,13,,manual_review
Drug::痢疾杆菌,痢疾杆菌,痢疾杆菌,1,,manual_review
Drug::癃闭舒,癃闭舒,癃闭舒胶囊,3,,manual_review
Drug::癸氟奋乃静,癸氟奋乃静,癸氟奋乃静注射液,3,,manual_review
Drug::癸酸诺龙,癸酸诺龙,癸酸诺龙,1,,manual_review
Drug::白介素,白介素,白介素,1,,manual_review
Drug::白介素2,白介素-2,白介素-2,3,,manual_review
Drug::白加黑,白加黑,白加黑,3,,manual_review
Drug::白及,白及,白及,4,,manual_review
Drug::白喉破伤风百日咳疫苗,白喉、破伤风-百日咳疫苗,白喉、破伤风-百日咳疫苗,1,,manual_review
Drug::白喉抗毒素,白喉抗毒素,白喉抗毒素,1,,manual_review
Drug::白屈菜赤碱,白屈菜赤碱,白屈菜赤碱,1,,manual_review
Drug::白术,白术,白术,6,,manual_review
Drug::白杏,白杏,白杏片,3,,manual_review
Drug::白杨黄素,白杨黄素,白杨黄素,1,,manual_review
Drug::白桦树过敏原提取物,白桦树过敏原提取物,白桦树过敏原提取物,1,,manual_review
Drug::白毛茛,白毛茛,白毛茛,1,,manual_review
Drug::白毛茛提取物,白毛茛提取物,白毛茛提取物,1,,manual_review
Drug::白消安,白消安,白消安|白消安注射液|白消安片,7,,manual_review
Drug::白石清热,白石清热,白石清热颗粒,3,,manual_review
Drug::白细胞间素2,白细胞间素-2,白细胞间素-2,1,,manual_review
Drug::白芍,白芍,白芍,8,,manual_review
Drug::白芨,白芨,白芨,5,,manual_review
Drug::白花前胡丁素,白花前胡丁素,白花前胡丁素,1,,manual_review
Drug::白花前胡丙素,白花前胡丙素,白花前胡丙素,1,,manual_review
Drug::白花前胡甲素,白花前胡甲素,白花前胡甲素,1,,manual_review
Drug::白芷,白芷,白芷,3,,manual_review
Drug::白茅根,白茅根,白茅根,2,,manual_review
Drug::白茅花,白茅花,白茅花,1,,manual_review
Drug::白葡萄球菌,白葡萄球菌,白葡萄球菌片,3,,manual_review
Drug::白蔹,白蔹,白蔹,4,,manual_review
Drug::白薇,白薇,白薇,1,,manual_review
Drug::白藜芦醇,白藜芦醇,白藜芦醇,5,,manual_review
Drug::白虎加人参汤,白虎加人参汤,白虎加人参汤,1,,manual_review
Drug::白虎汤,白虎汤,白虎汤,1,,manual_review
Drug::白血宁,白血宁,白血宁,1,,manual_review
Drug::白谷肽,白谷肽,白谷肽,1,,manual_review
Drug::白陶土,白陶土,白陶土,12,,manual_review
Drug::白陶土果胶,白陶土-果胶,白陶土-果胶,1,,manual_review
Drug::白霉素,白霉素,白霉素,2,,manual_review
Drug::白鲜皮,白鲜皮,白鲜皮,1,,manual_review
Drug::百合,百合,百合,1,,manual_review
Drug::百合康牌维生素ad软,百合康牌维生素AD软,百合康牌维生素AD软胶囊,3,,manual_review
Drug::百咳静糖浆低糖型,百咳静糖浆低糖型,百咳静糖浆(低糖型),3,,manual_review
Drug::百毒解,百毒解,百毒解,1,,manual_review
Drug::百花膏,百花膏,百花膏,3,,manual_review
Drug::百草枯,百草枯,百草枯,1,,manual_review
Drug::百邦牌多种维生素,百邦牌多种维生素,百邦牌多种维生素片,3,,manual_review
Drug::皂荚,皂荚,皂荚,38,,manual_review
Drug::皮质激素,皮质激素,皮质激素,13,,manual_review
Drug::皮质类固醇,皮质类固醇,corticosteroids|皮质类固醇,6,,manual_review
Drug::皮质类固醇激素,皮质类固醇激素,皮质类固醇激素,3,,manual_review
Drug::盆炎清栓,盆炎清栓,盆炎清栓,3,,manual_review
Drug::益智康脑,益智康脑,益智康脑丸,3,,manual_review
Drug::益母草,益母草,益母草,4,,manual_review
Drug::益生菌,益生菌,益生菌,7,,manual_review
Drug::益肺,益肺,益肺胶囊,3,,manual_review
Drug::盐皮质激素,盐皮质激素,盐皮质激素,4,,manual_review
Drug::盐皮质类固醇,盐皮质类固醇,盐皮质类固醇,1,,manual_review
Drug::盐酸丁卡因胶浆,盐酸丁卡因胶浆,盐酸丁卡因胶浆,3,,manual_review
Drug::盐酸丁咯地尔,盐酸丁咯地尔,盐酸丁咯地尔缓释片,3,,manual_review
Drug::盐酸丁咯地尔氯化钠,盐酸丁咯地尔氯化钠,盐酸丁咯地尔氯化钠注射液,3,,manual_review
Drug::盐酸丁螺环酮,盐酸丁螺环酮,盐酸丁螺环酮片,3,,manual_review
Drug::盐酸丙卡特罗,盐酸丙卡特罗,盐酸丙卡特罗片|盐酸丙卡特罗胶囊,6,,manual_review
Drug::盐酸丙卡特罗口服溶液,盐酸丙卡特罗口服溶液,盐酸丙卡特罗口服溶液,3,,manual_review
Drug::盐酸乙哌立松,盐酸乙哌立松,盐酸乙哌立松片,3,,manual_review
Drug::盐酸乙哌立松片薄膜衣,盐酸乙哌立松片薄膜衣,盐酸乙哌立松片(薄膜衣),3,,manual_review
Drug::盐酸乙胺丁醇,盐酸乙胺丁醇,盐酸乙胺丁醇|盐酸乙胺丁醇片,4,,manual_review
Drug::盐酸二氢埃托啡,盐酸二氢埃托啡,盐酸二氢埃托啡|盐酸二氢埃托啡片,1,,manual_review
Drug::盐酸二甲双胍,盐酸二甲双胍,盐酸二甲双胍片|盐酸二甲双胍缓释片|盐酸二甲双胍肠溶片,9,,manual_review
Drug::盐酸二甲双胍缓释,盐酸二甲双胍缓释,盐酸二甲双胍缓释胶囊,3,,manual_review
Drug::盐酸二甲双胍缓释片ⅱ,盐酸二甲双胍缓释片Ⅱ,盐酸二甲双胍缓释片(Ⅱ),3,,manual_review
Drug::盐酸二甲双胍肠溶,盐酸二甲双胍肠溶,盐酸二甲双胍肠溶胶囊,3,,manual_review
Drug::盐酸伊托必利,盐酸伊托必利,盐酸伊托必利片|盐酸伊托必利胶囊,5,,manual_review
Drug::盐酸伊曲康唑,盐酸伊曲康唑,盐酸伊曲康唑胶囊,3,,manual_review
Drug::盐酸伊立替康,盐酸伊立替康,盐酸伊立替康,1,,manual_review
Drug::盐酸伐地那非,盐酸伐地那非,盐酸伐地那非|盐酸伐地那非片,3,,manual_review
Drug::盐酸伐昔洛韦,盐酸伐昔洛韦,盐酸伐昔洛韦分散片|盐酸伐昔洛韦片|盐酸伐昔洛韦缓释片|盐酸伐昔洛韦胶囊,12,,manual_review
Drug::盐酸伪麻黄碱,盐酸伪麻黄碱,盐酸伪麻黄碱,2,,manual_review
Drug::盐酸依匹斯汀,盐酸依匹斯汀,盐酸依匹斯汀片|盐酸依匹斯汀胶囊,6,,manual_review
Drug::盐酸倍他洛尔,盐酸倍他洛尔,盐酸倍他洛尔滴眼液,3,,manual_review
Drug::盐酸克林霉素,盐酸克林霉素,盐酸克林霉素胶囊,3,,manual_review
Drug::盐酸克林霉素棕榈酸酯,盐酸克林霉素棕榈酸酯,盐酸克林霉素棕榈酸酯分散片|盐酸克林霉素棕榈酸酯颗粒,6,,manual_review
Drug::盐酸利多卡因,盐酸利多卡因,盐酸利多卡因注射液,1,,manual_review
Drug::盐酸利托君,盐酸利托君,盐酸利托君片,2,,manual_review
Drug::盐酸加替沙星,盐酸加替沙星,盐酸加替沙星胶囊,3,,manual_review
Drug::盐酸卡替洛尔,盐酸卡替洛尔,盐酸卡替洛尔滴眼液,3,,manual_review
Drug::盐酸去氧肾上腺素,盐酸去氧肾上腺素,盐酸去氧肾上腺素,1,,manual_review
Drug::盐酸去甲麻黄碱,盐酸去甲麻黄碱,盐酸去甲麻黄碱,1,,manual_review
Drug::盐酸可乐定,盐酸可乐定,盐酸可乐定|盐酸可乐定片,4,,manual_review
Drug::盐酸司他斯汀,盐酸司他斯汀,盐酸司他斯汀片,3,,manual_review
Drug::盐酸司来吉兰,盐酸司来吉兰,盐酸司来吉兰片,3,,manual_review
Drug::盐酸吡格列酮,盐酸吡格列酮,盐酸吡格列酮分散片|盐酸吡格列酮片|盐酸吡格列酮胶囊,9,,manual_review
Drug::盐酸吡格列酮口腔崩解,盐酸吡格列酮口腔崩解,盐酸吡格列酮口腔崩解片,3,,manual_review
Drug::盐酸咪达普利,盐酸咪达普利,盐酸咪达普利片,3,,manual_review
Drug::盐酸哌唑嗪,盐酸哌唑嗪,盐酸哌唑嗪|盐酸哌唑嗪片,4,,manual_review
Drug::盐酸哌替啶,盐酸哌替啶,盐酸哌替啶注射液,3,,manual_review
Drug::盐酸哌罗匹隆,盐酸哌罗匹隆,盐酸哌罗匹隆片,3,,manual_review
Drug::盐酸噻氯匹定,盐酸噻氯匹定,抵克立得|盐酸噻氯匹定|盐酸噻氯匹定片|盐酸噻氯匹定胶囊,7,,manual_review
Drug::盐酸地尔硫,盐酸地尔硫,盐酸地尔硫,1,,manual_review
Drug::盐酸地尔硫草,盐酸地尔硫草,盐酸地尔硫草,1,,manual_review
Drug::盐酸地尔硫缓释,盐酸地尔硫缓释,盐酸地尔硫缓释胶囊,1,,manual_review
Drug::盐酸坦洛新,盐酸坦洛新,盐酸坦洛新缓释片,3,,manual_review
Drug::盐酸坦洛新缓释,盐酸坦洛新缓释,盐酸坦洛新缓释胶囊,3,,manual_review
Drug::盐酸坦索罗辛缓释,盐酸坦索罗辛缓释,盐酸坦索罗辛缓释胶囊,3,,manual_review
Drug::盐酸塞利洛尔,盐酸塞利洛尔,盐酸塞利洛尔片,3,,manual_review
Drug::盐酸多塞平,盐酸多塞平,盐酸多塞平乳膏|盐酸多塞平片,6,,manual_review
Drug::盐酸多奈哌齐,盐酸多奈哌齐,盐酸多奈哌齐分散片|盐酸多奈哌齐片|盐酸多奈哌齐胶囊,8,,manual_review
Drug::盐酸多奈哌齐口腔崩解,盐酸多奈哌齐口腔崩解,盐酸多奈哌齐口腔崩解片,2,,manual_review
Drug::盐酸多沙普仑,盐酸多沙普仑,盐酸多沙普仑注射液,3,,manual_review
Drug::盐酸多西环素,盐酸多西环素,盐酸多西环素|盐酸多西环素片,4,,manual_review
Drug::盐酸多西环素肠溶胶囊肠溶微丸型,盐酸多西环素肠溶胶囊肠溶微丸型,盐酸多西环素肠溶胶囊(肠溶微丸型),3,,manual_review
Drug::盐酸头孢他美酯,盐酸头孢他美酯,盐酸头孢他美酯片,3,,manual_review
Drug::盐酸头孢他美酯干混悬剂,盐酸头孢他美酯干混悬剂,盐酸头孢他美酯干混悬剂,3,,manual_review
Drug::盐酸奎尼丁,盐酸奎尼丁,盐酸奎尼丁,1,,manual_review
Drug::盐酸奥布卡因,盐酸奥布卡因,盐酸奥布卡因滴眼液,3,,manual_review
Drug::盐酸奥昔布宁,盐酸奥昔布宁,盐酸奥昔布宁缓释片,3,,manual_review
Drug::盐酸妥洛特罗,盐酸妥洛特罗,盐酸妥洛特罗片,2,,manual_review
Drug::盐酸安妥沙星,盐酸安妥沙星,盐酸安妥沙星片,3,,manual_review
Drug::盐酸小檗碱,盐酸小檗碱,小檗碱|盐酸小檗碱|盐酸小檗碱片,12,,manual_review
Drug::盐酸小檗胺,盐酸小檗胺,盐酸小檗胺|盐酸小檗胺片,7,,manual_review
Drug::盐酸尼卡地平,盐酸尼卡地平,盐酸尼卡地平|盐酸尼卡地平注射液,4,,manual_review
Drug::盐酸尼卡地平葡萄糖,盐酸尼卡地平葡萄糖,盐酸尼卡地平葡萄糖注射液,3,,manual_review
Drug::盐酸屈他维林,盐酸屈他维林,盐酸屈他维林片,3,,manual_review
Drug::盐酸川芎嗪氯化钠,盐酸川芎嗪氯化钠,盐酸川芎嗪氯化钠注射液,3,,manual_review
Drug::盐酸左卡巴斯汀鼻喷剂,盐酸左卡巴斯汀鼻喷剂,盐酸左卡巴斯汀鼻喷剂,3,,manual_review
Drug::盐酸左布诺洛尔,盐酸左布诺洛尔,盐酸左布诺洛尔滴眼液,3,,manual_review
Drug::盐酸左旋咪唑搽剂,盐酸左旋咪唑搽剂,盐酸左旋咪唑搽剂,3,,manual_review
Drug::盐酸左氧氟沙星,盐酸左氧氟沙星,盐酸左氧氟沙星|盐酸左氧氟沙星注射液|盐酸左氧氟沙星滴眼液|盐酸左氧氟沙星片|盐酸左氧氟沙星胶囊,15,,manual_review
Drug::盐酸左氧氟沙星氯化钠,盐酸左氧氟沙星氯化钠,盐酸左氧氟沙星氯化钠注射液,3,,manual_review
Drug::盐酸左西替利嗪口服溶液,盐酸左西替利嗪口服溶液,盐酸左西替利嗪口服溶液,3,,manual_review
Drug::盐酸布那唑嗪,盐酸布那唑嗪,盐酸布那唑嗪片,3,,manual_review
Drug::盐酸帕罗西汀,盐酸帕罗西汀,盐酸帕罗西汀片,3,,manual_review
Drug::盐酸度洛西汀,盐酸度洛西汀,盐酸度洛西汀肠溶片,3,,manual_review
Drug::盐酸度洛西汀肠溶,盐酸度洛西汀肠溶,盐酸度洛西汀肠溶胶囊,3,,manual_review
Drug::盐酸异丙嗪,盐酸异丙嗪,盐酸异丙嗪|盐酸异丙嗪片,5,,manual_review
Drug::盐酸强力霉素,盐酸强力霉素,盐酸强力霉素,1,,manual_review
Drug::盐酸恩诺沙星,盐酸恩诺沙星,盐酸恩诺沙星,2,,manual_review
Drug::盐酸戊乙奎醚,盐酸戊乙奎醚,盐酸戊乙奎醚注射液,3,,manual_review
Drug::盐酸托烷司琼,盐酸托烷司琼,盐酸托烷司琼胶囊,3,,manual_review
Drug::盐酸托莫西汀,盐酸托莫西汀,盐酸托莫西汀胶囊,3,,manual_review
Drug::盐酸拉贝洛尔,盐酸拉贝洛尔,盐酸拉贝洛尔片,3,,manual_review
Drug::盐酸文拉法辛,盐酸文拉法辛,盐酸文拉法辛|盐酸文拉法辛胶囊,4,,manual_review
Drug::盐酸文拉法辛缓释,盐酸文拉法辛缓释,盐酸文拉法辛缓释胶囊,3,,manual_review
Drug::盐酸昂丹司琼,盐酸昂丹司琼,盐酸昂丹司琼片|盐酸昂丹司琼胶囊,5,,manual_review
Drug::盐酸普拉克索,盐酸普拉克索,盐酸普拉克索片|盐酸普拉克索缓释片,5,,manual_review
Drug::盐酸普罗帕酮,盐酸普罗帕酮,盐酸普罗帕酮片,2,,manual_review
Drug::盐酸普萘洛尔,盐酸普萘洛尔,盐酸普萘洛尔片|盐酸普萘洛尔缓释片,6,,manual_review
Drug::盐酸普鲁卡因,盐酸普鲁卡因,盐酸普鲁卡因,1,,manual_review
Drug::盐酸曲唑酮,盐酸曲唑酮,盐酸曲唑酮片,3,,manual_review
Drug::盐酸曲普利啶,盐酸曲普利啶,盐酸曲普利啶胶囊,3,,manual_review
Drug::盐酸曲马多,盐酸曲马多,盐酸曲马多缓释片,3,,manual_review
Drug::盐酸替扎尼定,盐酸替扎尼定,盐酸替扎尼定片,3,,manual_review
Drug::盐酸替罗非班,盐酸替罗非班,盐酸替罗非班注射液,2,,manual_review
Drug::盐酸林可霉素,盐酸林可霉素,盐酸林可霉素胶囊,3,,manual_review
Drug::盐酸格拉司琼,盐酸格拉司琼,盐酸格拉司琼注射液,3,,manual_review
Drug::盐酸格拉司琼氯化钠,盐酸格拉司琼氯化钠,盐酸格拉司琼氯化钠注射液,3,,manual_review
Drug::盐酸氟西汀,盐酸氟西汀,盐酸氟西汀胶囊,3,,manual_review
Drug::盐酸氨基葡萄糖,盐酸氨基葡萄糖,氨糖|盐酸氨基葡萄糖|盐酸氨基葡萄糖片|盐酸氨基葡萄糖胶囊,7,,manual_review
Drug::盐酸氨溴索,盐酸氨溴索,盐酸氨溴索|盐酸氨溴索分散片|盐酸氨溴索片|盐酸氨溴索糖浆|盐酸氨溴索胶囊|盐酸氨溴索颗粒,21,,manual_review
Drug::盐酸氨溴索口服溶液,盐酸氨溴索口服溶液,盐酸氨溴索口服溶液,3,,manual_review
Drug::盐酸氨溴索口服溶液无糖型,盐酸氨溴索口服溶液无糖型,盐酸氨溴索口服溶液(无糖型),2,,manual_review
Drug::盐酸氨溴索缓释,盐酸氨溴索缓释,盐酸氨溴索缓释胶囊,3,,manual_review
Drug::盐酸氨溴索葡萄糖,盐酸氨溴索葡萄糖,盐酸氨溴索葡萄糖注射液,3,,manual_review
Drug::盐酸氨茶碱水合物,盐酸氨茶碱水合物,盐酸氨茶碱水合物,1,,manual_review
Drug::盐酸氮卓斯汀,盐酸氮卓斯汀,盐酸氮卓斯汀片,3,,manual_review
Drug::盐酸氮卓斯汀鼻,盐酸氮卓斯汀鼻,氮卓斯汀|盐酸氮卓斯汀鼻喷雾剂,5,,manual_review
Drug::盐酸氮斯汀,盐酸氮斯汀,盐酸氮斯汀,2,,manual_review
Drug::盐酸氯丙嗪,盐酸氯丙嗪,盐酸氯丙嗪|盐酸氯丙嗪片,5,,manual_review
Drug::盐酸氯米帕明,盐酸氯米帕明,盐酸氯米帕明片,3,,manual_review
Drug::盐酸沙格雷酯,盐酸沙格雷酯,盐酸沙格雷酯片,3,,manual_review
Drug::盐酸法舒地尔,盐酸法舒地尔,盐酸法舒地尔注射液,3,,manual_review
Drug::盐酸洛哌丁胺,盐酸洛哌丁胺,盐酸洛哌丁胺胶囊,3,,manual_review
Drug::盐酸洛美沙星,盐酸洛美沙星,盐酸洛美沙星分散片|盐酸洛美沙星胶囊,6,,manual_review
Drug::盐酸溴己新,盐酸溴己新,盐酸溴己新|盐酸溴己新片,5,,manual_review
Drug::盐酸溴已新,盐酸溴已新,盐酸溴已新,1,,manual_review
Drug::盐酸特拉唑嗪,盐酸特拉唑嗪,盐酸特拉唑嗪片|盐酸特拉唑嗪胶囊,6,,manual_review
Drug::盐酸特比萘芬,盐酸特比萘芬,盐酸特比萘芬散|盐酸特比萘芬片,5,,manual_review
Drug::盐酸特比萘芬阴道,盐酸特比萘芬阴道,盐酸特比萘芬阴道泡腾片,3,,manual_review
Drug::盐酸环丙沙星,盐酸环丙沙星,盐酸环丙沙星滴眼液|盐酸环丙沙星片,6,,manual_review
Drug::盐酸班布特罗,盐酸班布特罗,盐酸班布特罗片|盐酸班布特罗胶囊,6,,manual_review
Drug::盐酸甲硝唑,盐酸甲硝唑,盐酸甲硝唑,1,,manual_review
Drug::盐酸甲苯哌丙酮,盐酸甲苯哌丙酮,盐酸甲苯哌丙酮,1,,manual_review
Drug::盐酸硫必利,盐酸硫必利,盐酸硫必利片,2,,manual_review
Drug::盐酸米多君,盐酸米多君,盐酸米多君片,3,,manual_review
Drug::盐酸米诺环素,盐酸米诺环素,盐酸米诺环素|盐酸米诺环素胶囊,3,,manual_review
Drug::盐酸米贝拉地尔,盐酸米贝拉地尔,盐酸米贝拉地尔|米贝拉地尔,1,,manual_review
Drug::盐酸精氨酸,盐酸精氨酸,盐酸精氨酸,2,,manual_review
Drug::盐酸纳洛酮舌下,盐酸纳洛酮舌下,盐酸纳洛酮舌下片,3,,manual_review
Drug::盐酸维拉帕米,盐酸维拉帕米,盐酸维拉帕米|盐酸维拉帕米片|盐酸维拉帕米缓释片,6,,manual_review
Drug::盐酸维拉帕米缓释,盐酸维拉帕米缓释,盐酸维拉帕米缓释胶囊,3,,manual_review
Drug::盐酸罗匹尼罗,盐酸罗匹尼罗,盐酸罗匹尼罗片,3,,manual_review
Drug::盐酸罗格列酮,盐酸罗格列酮,盐酸罗格列酮片|盐酸罗格列酮胶囊,6,,manual_review
Drug::盐酸美他环素,盐酸美他环素,盐酸美他环素片|盐酸美他环素胶囊,6,,manual_review
Drug::盐酸美西律,盐酸美西律,盐酸美西律片,3,,manual_review
Drug::盐酸美金刚,盐酸美金刚,盐酸美金刚片,3,,manual_review
Drug::盐酸美金刚缓释,盐酸美金刚缓释,盐酸美金刚缓释胶囊,2,,manual_review
Drug::盐酸羟嗪,盐酸羟嗪,盐酸羟嗪|盐酸羟嗪片,4,,manual_review
Drug::盐酸羟甲唑啉,盐酸羟甲唑啉,盐酸羟甲唑啉喷雾剂,3,,manual_review
Drug::盐酸羟甲唑啉滴鼻液,盐酸羟甲唑啉滴鼻液,盐酸羟甲唑啉滴鼻液,2,,manual_review
Drug::盐酸羟考酮,盐酸羟考酮,盐酸羟考酮缓释片,3,,manual_review
Drug::盐酸肼肽嗪,盐酸肼肽嗪,盐酸肼肽嗪,1,,manual_review
Drug::盐酸肼酞嗪,盐酸肼酞嗪,盐酸肼酞嗪,4,,manual_review
Drug::盐酸胺碘酮,盐酸胺碘酮,盐酸胺碘酮片,3,,manual_review
Drug::盐酸舍曲林片薄膜衣,盐酸舍曲林片薄膜衣,盐酸舍曲林片（薄膜衣片）,3,,manual_review
Drug::盐酸艾司洛尔,盐酸艾司洛尔,盐酸艾司洛尔注射液,3,,manual_review
Drug::盐酸苯丙醇胺,盐酸苯丙醇胺,盐酸苯丙醇胺,1,,manual_review
Drug::盐酸苯海拉明,盐酸苯海拉明,盐酸苯海拉明|盐酸苯海拉明片,4,,manual_review
Drug::盐酸苯海索,盐酸苯海索,盐酸苯海索片,3,,manual_review
Drug::盐酸莫索尼定,盐酸莫索尼定,盐酸莫索尼定片,3,,manual_review
Drug::盐酸莫西沙星,盐酸莫西沙星,盐酸莫西沙星|盐酸莫西沙星片,5,,manual_review
Drug::盐酸莫雷西嗪,盐酸莫雷西嗪,盐酸莫雷西嗪片,3,,manual_review
Drug::盐酸萘甲唑啉,盐酸萘甲唑啉,盐酸萘甲唑啉滴眼液,3,,manual_review
Drug::盐酸萘甲唑啉滴鼻液,盐酸萘甲唑啉滴鼻液,盐酸萘甲唑啉滴鼻液,3,,manual_review
Drug::盐酸西替利嗪,盐酸西替利嗪,盐酸西替利嗪片|盐酸西替利嗪糖浆,6,,manual_review
Drug::盐酸西替利嗪滴剂,盐酸西替利嗪滴剂,盐酸西替利嗪滴剂,3,,manual_review
Drug::盐酸贝尼地平,盐酸贝尼地平,盐酸贝尼地平片,3,,manual_review
Drug::盐酸赛庚啶,盐酸赛庚啶,盐酸赛庚啶片,3,,manual_review
Drug::盐酸赛洛唑啉鼻用,盐酸赛洛唑啉鼻用,盐酸赛洛唑啉鼻用喷雾剂,3,,manual_review
Drug::盐酸达泊西汀,盐酸达泊西汀,盐酸达泊西汀|盐酸达泊西汀片,6,,manual_review
Drug::盐酸酚苄明,盐酸酚苄明,盐酸酚苄明片,3,,manual_review
Drug::盐酸金刚烷胺,盐酸金刚烷胺,盐酸金刚烷胺片,3,,manual_review
Drug::盐酸金霉素眼膏,盐酸金霉素眼膏,盐酸金霉素眼膏,3,,manual_review
Drug::盐酸阿夫唑嗪,盐酸阿夫唑嗪,盐酸阿夫唑嗪缓释片,3,,manual_review
Drug::盐酸阿扎司琼氯化钠,盐酸阿扎司琼氯化钠,盐酸阿扎司琼氯化钠注射液,3,,manual_review
Drug::盐酸阿扑吗啡舌下,盐酸阿扑吗啡舌下,盐酸阿扑吗啡舌下片,3,,manual_review
Drug::盐酸阿米替林,盐酸阿米替林,盐酸阿米替林片,3,,manual_review
Drug::盐酸阿米洛利,盐酸阿米洛利,盐酸阿米洛利片,3,,manual_review
Drug::盐酸阿罗洛尔,盐酸阿罗洛尔,盐酸阿罗洛尔片,3,,manual_review
Drug::盐酸雷尼替丁,盐酸雷尼替丁,盐酸雷尼替丁泡腾片|盐酸雷尼替丁胶囊,6,,manual_review
Drug::盐酸雷洛昔芬,盐酸雷洛昔芬,盐酸雷洛昔芬|盐酸雷洛昔芬片,4,,manual_review
Drug::盐酸非索非那定,盐酸非索非那定,盐酸非索非那定片,2,,manual_review
Drug::盐酸非那吡啶,盐酸非那吡啶,盐酸非那吡啶胶囊,3,,manual_review
Drug::盐酸鱼精蛋白,盐酸鱼精蛋白,盐酸鱼精蛋白,1,,manual_review
Drug::盐酸麻黄碱,盐酸麻黄碱,盐酸麻黄碱,3,,manual_review
Drug::盐酸黄连素,盐酸黄连素,盐酸黄连素,1,,manual_review
Drug::盐酸齐拉西酮,盐酸齐拉西酮,盐酸齐拉西酮片|盐酸齐拉西酮胶囊,6,,manual_review
Drug::直接作用抗病毒药物,直接作用抗病毒药物,直接作用抗病毒药物,2,,manual_review
Drug::直接口服抗凝药,直接口服抗凝药,DOAC|直接口服抗凝药,1,,manual_review
Drug::直接抗病毒药物,直接抗病毒药物,直接抗病毒药物,3,,manual_review
Drug::直立百部非生物碱成分,直立百部非生物碱成分,直立百部非生物碱成分,1,,manual_review
Drug::相思子,相思子,相思子,1,,manual_review
Drug::眠尔通,眠尔通,眠尔通,3,,manual_review
Drug::睫状肌麻痹剂,睫状肌麻痹剂,睫状肌麻痹剂,1,,manual_review
Drug::睾丸酮,睾丸酮,睾丸酮,1,,manual_review
Drug::睾酮,睾酮,睾酮,4,,manual_review
Drug::知母,知母,知母,3,,manual_review
Drug::短效支气管扩张剂,短效支气管扩张剂,短效支气管扩张剂,3,,manual_review
Drug::短效胰岛素,短效胰岛素,短效胰岛素,2,,manual_review
Drug::短杆菌肽,短杆菌肽,短杆菌肽,1,,manual_review
Drug::短肽型肠内营养剂,短肽型肠内营养剂,短肽型肠内营养剂,2,,manual_review
Drug::石榴皮,石榴皮,石榴皮,3,,manual_review
Drug::石胆酸,石胆酸,石胆酸,1,,manual_review
Drug::石脂,石脂,石脂,1,,manual_review
Drug::石膏,石膏,石膏,9,,manual_review
Drug::石菖蒲,石菖蒲,石菖蒲,2,,manual_review
Drug::石韦,石韦,石韦,1,,manual_review
Drug::矽炭银,矽炭银,矽炭银,1,,manual_review
Drug::矽碳银,矽碳银,矽碳银,1,,manual_review
Drug::矿物油,矿物油,矿物油,13,,manual_review
Drug::砜类,砜类,砜类,1,,manual_review
Drug::破伤风疫苗,破伤风疫苗,破伤风疫苗,1,,manual_review
Drug::硝吡胺甲脂,硝吡胺甲脂,硝吡胺甲脂,1,,manual_review
Drug::硝基咪唑类药物,硝基咪唑类药物,硝基咪唑类药物,1,,manual_review
Drug::硝基安定,硝基安定,硝基安定,5,,manual_review
Drug::硝康唑,硝康唑,硝康唑,1,,manual_review
Drug::硝普盐,硝普盐,硝普盐,1,,manual_review
Drug::硝普钠,硝普钠,硝普钠,7,,manual_review
Drug::硝胆胺,硝胆胺,硝胆胺,1,,manual_review
Drug::硝胺胆脂,硝胺胆脂,硝胺胆脂,2,,manual_review
Drug::硝苄丙酮香豆素,硝苄丙酮香豆素,硝苄丙酮香豆素,2,,manual_review
Drug::硝苄香豆素,硝苄香豆素,硝苄香豆素,2,,manual_review
Drug::硝苯地平,硝苯地平,心痛定|硝苯吡啶|硝苯啶|硝苯地平|硝苯地平CR|硝苯地平控释片|硝苯地平片|硝苯地平缓释片,230,,manual_review
Drug::硝苯地平缓释片i,硝苯地平缓释片I,硝苯地平缓释片(I),3,,manual_review
Drug::硝苯地平缓释片ι,硝苯地平缓释片Ι,硝苯地平缓释片(Ι),3,,manual_review
Drug::硝苯地平缓释片ⅰ,硝苯地平缓释片Ⅰ,硝苯地平缓释片(Ⅰ),2,,manual_review
Drug::硝苯地平缓释片ⅱ,硝苯地平缓释片Ⅱ,硝苯地平缓释片（Ⅱ）,3,,manual_review
Drug::硝苯定,硝苯定,硝苯定,2,,manual_review
Drug::硝苯苄胺啶,硝苯苄胺啶,硝苯苄胺啶,1,,manual_review
Drug::硝西泮,硝西泮,硝西泮,4,,manual_review
Drug::硝酸咪康唑,硝酸咪康唑,硝酸咪康唑乳膏|硝酸咪康唑散,6,,manual_review
Drug::硝酸咪康唑栓,硝酸咪康唑栓,硝酸咪康唑栓,3,,manual_review
Drug::硝酸咪康唑阴道软,硝酸咪康唑阴道软,硝酸咪康唑阴道软胶囊,2,,manual_review
Drug::硝酸异山梨酯,硝酸异山梨酯,硝酸异山梨酯|硝酸异山梨酯片|硝酸异山梨酯缓释片|硝酸异山梨醇,13,,manual_review
Drug::硝酸异山梨酯缓释,硝酸异山梨酯缓释,硝酸异山梨酯缓释胶囊,3,,manual_review
Drug::硝酸异山梨酯葡萄糖,硝酸异山梨酯葡萄糖,硝酸异山梨酯葡萄糖注射液,3,,manual_review
Drug::硝酸异山梨醇酯,硝酸异山梨醇酯,硝酸异山梨醇酯,3,,manual_review
Drug::硝酸毛果芸香碱,硝酸毛果芸香碱,硝酸毛果芸香碱,1,,manual_review
Drug::硝酸甘油,硝酸甘油,硝酸甘油|硝酸甘油喷雾剂|硝酸甘油片|硝酸甘油软膏,66,,manual_review
Drug::硝酸甘油气雾剂,硝酸甘油气雾剂,硝酸甘油气雾剂,3,,manual_review
Drug::硝酸甘油舌下,硝酸甘油舌下,硝酸甘油舌下片,3,,manual_review
Drug::硝酸盐,硝酸盐,硝酸盐,2,,manual_review
Drug::硝酸盐类药物,硝酸盐类药物,硝酸盐类药物,1,,manual_review
Drug::硝酸酯,硝酸酯,硝酸酯,1,,manual_review
Drug::硝酸酯类,硝酸酯类,硝酸酯类,1,,manual_review
Drug::硝酸酯类药物,硝酸酯类药物,硝酸酯类药物,2,,manual_review
Drug::硫,硫,硫|硫软膏,4,,manual_review
Drug::硫代丁二酸二辛酯钠,硫代丁二酸二辛酯钠,硫代丁二酸二辛酯钠,1,,manual_review
Drug::硫代硫酸钠,硫代硫酸钠,硫代硫酸钠,6,,manual_review
Drug::硫利达嗪,硫利达嗪,硫利达嗪,14,,manual_review
Drug::硫唑嘌呤,硫唑嘌呤,AZA|硫唑嘌呤|硫唑嘌呤片,45,,manual_review
Drug::硫喷妥钠,硫喷妥钠,Thi|硫喷妥钠,31,,manual_review
Drug::硫普罗宁,硫普罗宁,硫普罗宁注射液|硫普罗宁片|硫普罗宁肠溶片,8,,manual_review
Drug::硫柳汞,硫柳汞,硫柳汞,1,,manual_review
Drug::硫氧唑酮,硫氧唑酮,硫氧唑酮,26,,manual_review
Drug::硫氮卓酮,硫氮卓酮,硫氮卓酮,2,,manual_review
Drug::硫氮唑酮,硫氮唑酮,硫氮唑酮,33,,manual_review
Drug::硫氮草酮,硫氮草酮,硫氮草酮,15,,manual_review
Drug::硫氮酮,硫氮酮,硫氮酮,1,,manual_review
Drug::硫磺,硫磺,硫磺,2,,manual_review
Drug::硫糖铝,硫糖铝,硫糖铝,64,,manual_review
Drug::硫糖铝口服混悬液,硫糖铝口服混悬液,硫糖铝口服混悬液,3,,manual_review
Drug::硫糖铝混悬凝胶,硫糖铝混悬凝胶,硫糖铝混悬凝胶,3,,manual_review
Drug::硫糖铝混悬液,硫糖铝混悬液,硫糖铝混悬液,3,,manual_review
Drug::硫辛酸,硫辛酸,硫辛酸|硫辛酸注射液|硫辛酸胶囊,7,,manual_review
Drug::硫达利嗪,硫达利嗪,硫达利嗪,1,,manual_review
Drug::硫酸丁胺卡那霉素,硫酸丁胺卡那霉素,硫酸丁胺卡那霉素,2,,manual_review
Drug::硫酸乙基紫苏霉素,硫酸乙基紫苏霉素,硫酸乙基紫苏霉素,1,,manual_review
Drug::硫酸亚铁,硫酸亚铁,硫酸亚铁,49,,manual_review
Drug::硫酸低铁,硫酸低铁,硫酸低铁,1,,manual_review
Drug::硫酸依替米星,硫酸依替米星,硫酸依替米星注射液,3,,manual_review
Drug::硫酸依替米星氯化钠,硫酸依替米星氯化钠,硫酸依替米星氯化钠注射液,3,,manual_review
Drug::硫酸依达拉奉,硫酸依达拉奉,硫酸依达拉奉,1,,manual_review
Drug::硫酸奈替米星葡萄糖,硫酸奈替米星葡萄糖,硫酸奈替米星葡萄糖注射液,3,,manual_review
Drug::硫酸妥布霉素,硫酸妥布霉素,硫酸妥布霉素,1,,manual_review
Drug::硫酸庆大霉素,硫酸庆大霉素,硫酸庆大霉素|硫酸庆大霉素片,10,,manual_review
Drug::硫酸氢氯吡格雷,硫酸氢氯吡格雷,硫酸氢氯吡格雷|硫酸氢氯吡格雷片,6,,manual_review
Drug::硫酸氨基葡萄糖,硫酸氨基葡萄糖,硫酸氨基葡萄糖片|硫酸氨基葡萄糖胶囊|硫酸氨基葡萄糖颗粒,8,,manual_review
Drug::硫酸氨基葡萄糖钾,硫酸氨基葡萄糖钾,硫酸氨基葡萄糖钾胶囊,3,,manual_review
Drug::硫酸沙丁胺醇吸入气雾剂,硫酸沙丁胺醇吸入气雾剂,硫酸沙丁胺醇吸入气雾剂,2,,manual_review
Drug::硫酸沙丁胺醇气雾剂,硫酸沙丁胺醇气雾剂,沙丁胺醇|硫酸沙丁胺醇气雾剂,4,,manual_review
Drug::硫酸沙丁胺醇缓释,硫酸沙丁胺醇缓释,硫酸沙丁胺醇缓释胶囊,3,,manual_review
Drug::硫酸沙丁胺醇雾化吸入溶液,硫酸沙丁胺醇雾化吸入溶液,硫酸沙丁胺醇雾化吸入溶液,3,,manual_review
Drug::硫酸特布他林气雾剂,硫酸特布他林气雾剂,硫酸特布他林气雾剂,3,,manual_review
Drug::硫酸特布他林氯化钠,硫酸特布他林氯化钠,硫酸特布他林氯化钠注射液,3,,manual_review
Drug::硫酸特布他林雾化吸入用溶液,硫酸特布他林雾化吸入用溶液,硫酸特布他林雾化吸入用溶液,3,,manual_review
Drug::硫酸特布他林雾化液,硫酸特布他林雾化液,硫酸特布他林雾化液,3,,manual_review
Drug::硫酸盐,硫酸盐,硫酸盐,6,,manual_review
Drug::硫酸纤维,硫酸纤维,硫酸纤维,1,,manual_review
Drug::硫酸纤维素,硫酸纤维素,硫酸纤维素,1,,manual_review
Drug::硫酸羟氯喹,硫酸羟氯喹,硫酸羟氯喹|硫酸羟氯喹片,3,,manual_review
Drug::硫酸胍生,硫酸胍生,硫酸胍生,1,,manual_review
Drug::硫酸艾沙康唑,硫酸艾沙康唑,硫酸艾沙康唑,1,,manual_review
Drug::硫酸苯乙肼,硫酸苯乙肼,硫酸苯乙肼,1,,manual_review
Drug::硫酸茚地那韦,硫酸茚地那韦,硫酸茚地那韦胶囊,3,,manual_review
Drug::硫酸钠,硫酸钠,硫酸钠,1,,manual_review
Drug::硫酸钡混悬液,硫酸钡混悬液,硫酸钡混悬液,3,,manual_review
Drug::硫酸铜,硫酸铜,硫酸铜,1,,manual_review
Drug::硫酸铝,硫酸铝,硫酸铝,2,,manual_review
Drug::硫酸锂,硫酸锂,硫酸锂,1,,manual_review
Drug::硫酸锌,硫酸锌,硫酸锌|硫酸锌糖浆,4,,manual_review
Drug::硫酸镁,硫酸镁,注射用硫酸镁|硫酸镁,24,,manual_review
Drug::硫酸阿托品眼用凝胶,硫酸阿托品眼用凝胶,硫酸阿托品眼用凝胶,3,,manual_review
Drug::硫酸鱼精蛋白,硫酸鱼精蛋白,硫酸鱼精蛋白,2,,manual_review
Drug::硫铵类,硫铵类,硫铵类,1,,manual_review
Drug::硬酯酸红霉素,硬酯酸红霉素,硬酯酸红霉素,1,,manual_review
Drug::硼替佐米,硼替佐米,硼替佐米,4,,manual_review
Drug::硼砂,硼砂,硼砂,13,,manual_review
Drug::硼酸,硼酸,硼酸,1,,manual_review
Drug::硼酸洗液,硼酸洗液,硼酸洗液,2,,manual_review
Drug::碘伏,碘伏,碘伏,1,,manual_review
Drug::碘佛醇,碘佛醇,碘佛醇注射液,3,,manual_review
Drug::碘化油,碘化油,碘化油,2,,manual_review
Drug::碘化物,碘化物,碘化物,5,,manual_review
Drug::碘化钠,碘化钠,碘化钠,1,,manual_review
Drug::碘化钾,碘化钾,碘化钾|碘化钾片,13,,manual_review
Drug::碘吡啦啥,碘吡啦啥,碘吡啦啥,1,,manual_review
Drug::碘帕醇,碘帕醇,碘帕醇|碘帕醇注射液,4,,manual_review
Drug::碘甘油,碘甘油,碘甘油,3,,manual_review
Drug::碘苷,碘苷,碘苷|碘苷滴眼液,4,,manual_review
Drug::碘解磷定,碘解磷定,碘解磷定,1,,manual_review
Drug::碘造影剂,碘造影剂,碘造影剂,3,,manual_review
Drug::碘酊,碘酊,碘酊,7,,manual_review
Drug::碘酒,碘酒,碘酒,4,,manual_review
Drug::碱,碱,碱,4,,manual_review
Drug::碱性溶液,碱性溶液,碱性溶液,2,,manual_review
Drug::碱性药,碱性药,碱性药,5,,manual_review
Drug::碱性药物,碱性药物,碱性药物,1,,manual_review
Drug::碳酸司维拉姆,碳酸司维拉姆,碳酸司维拉姆片,3,,manual_review
Drug::碳酸氢盐,碳酸氢盐,碳酸氢盐,6,,manual_review
Drug::碳酸氢钠,碳酸氢钠,小苏打|碳酸氢钠|碳酸氢钠注射液|碳酸氢钠片|重碳酸钠,130,,manual_review
Drug::碳酸盐,碳酸盐,碳酸盐,8,,manual_review
Drug::碳酸酐酶抑制药,碳酸酐酶抑制药,碳酸酐酶抑制药,1,,manual_review
Drug::碳酸钙,碳酸钙,碳酸钙|碳酸钙咀嚼片|碳酸钙片,29,,manual_review
Drug::碳酸钙d3,碳酸钙D3,碳酸钙D3片,3,,manual_review
Drug::碳酸钙d3片ⅱ,碳酸钙D3片Ⅱ,碳酸钙D3片(Ⅱ),3,,manual_review
Drug::碳酸钙维d3元素片4,碳酸钙维D3元素片4,碳酸钙维D3元素片(4),3,,manual_review
Drug::碳酸钠,碳酸钠,碳酸钠,1,,manual_review
Drug::碳酸锂,碳酸锂,碳酸锂|碳酸锂片,52,,manual_review
Drug::碳酸镁,碳酸镁,碳酸镁,2,,manual_review
Drug::碳酸镁铝,碳酸镁铝,碳酸镁铝,1,,manual_review
Drug::碳酸镧,碳酸镧,碳酸镧|碳酸镧咀嚼片,6,,manual_review
Drug::碳铂,碳铂,碳铂,1,,manual_review
Drug::碳青霉烯类,碳青霉烯类,碳青霉烯类,3,,manual_review
Drug::碳青霉烯类药物,碳青霉烯类药物,碳青霉烯类药物,2,,manual_review
Drug::磷剂,磷剂,磷剂,1,,manual_review
Drug::磷苯妥英,磷苯妥英,磷苯妥英,3,,manual_review
Drug::磷酸二氢钠,磷酸二氢钠,磷酸二氢钠,1,,manual_review
Drug::磷酸二氢钾,磷酸二氢钾,磷酸二氢钾,1,,manual_review
Drug::磷酸吡多醛,磷酸吡多醛,磷酸吡多醛,1,,manual_review
Drug::磷酸哌嗪宝塔糖,磷酸哌嗪宝塔糖,磷酸哌嗪宝塔糖,3,,manual_review
Drug::磷酸安普那韦,磷酸安普那韦,磷酸安普那韦,1,,manual_review
Drug::磷酸川芎嗪,磷酸川芎嗪,磷酸川芎嗪,3,,manual_review
Drug::磷酸川芎嗪葡萄糖,磷酸川芎嗪葡萄糖,磷酸川芎嗪葡萄糖注射液,3,,manual_review
Drug::磷酸氯喹,磷酸氯喹,磷酸氯喹|磷酸氯喹片,7,,manual_review
Drug::磷酸氯林霉素,磷酸氯林霉素,磷酸氯林霉素,1,,manual_review
Drug::磷酸瑞格列汀,磷酸瑞格列汀,磷酸瑞格列汀,2,,manual_review
Drug::磷酸盐,磷酸盐,磷酸盐,10,,manual_review
Drug::磷酸盐氢氧化物,磷酸盐氢氧化物,磷酸盐氢氧化物,1,,manual_review
Drug::磷酸盐类,磷酸盐类,磷酸盐类,3,,manual_review
Drug::磷酸盐结合剂,磷酸盐结合剂,磷酸盐结合剂,1,,manual_review
Drug::磷酸西格列汀,磷酸西格列汀,磷酸西格列汀片|西格列汀,5,,manual_review
Drug::磷酸钠,磷酸钠,磷酸钠,3,,manual_review
Drug::磷酸钾,磷酸钾,磷酸钾,1,,manual_review
Drug::磷酸铝凝胶,磷酸铝凝胶,磷酸铝凝胶,2,,manual_review
Drug::磷霉素,磷霉素,磷霉素,10,,manual_review
Drug::磷霉素氨丁三醇,磷霉素氨丁三醇,磷霉素氨丁三醇散,3,,manual_review
Drug::磷霉素钠,磷霉素钠,磷霉素钠,1,,manual_review
Drug::磺吡酮,磺吡酮,磺吡酮,13,,manual_review
Drug::磺溴酞钠,磺溴酞钠,磺溴酞钠,3,,manual_review
Drug::磺胺,磺胺,磺胺,13,,manual_review
Drug::磺胺二甲嘧啶,磺胺二甲嘧啶,磺胺二甲嘧啶,5,,manual_review
Drug::磺胺吡唑二酮,磺胺吡唑二酮,磺胺吡唑二酮,1,,manual_review
Drug::磺胺吡啶,磺胺吡啶,磺胺吡啶,1,,manual_review
Drug::磺胺嘧啶,磺胺嘧啶,磺胺嘧啶|磺胺嘧啶钠注射液,35,,manual_review
Drug::磺胺嘧啶锌,磺胺嘧啶锌,磺胺嘧啶锌软膏,3,,manual_review
Drug::磺胺增效剂,磺胺增效剂,磺胺增效剂,1,,manual_review
Drug::磺胺多辛,磺胺多辛,磺胺多辛,2,,manual_review
Drug::磺胺异口噁唑,磺胺异口噁唑,磺胺异口噁唑,1,,manual_review
Drug::磺胺异噁唑,磺胺异噁唑,磺胺异噁唑,3,,manual_review
Drug::磺胺异恶唑,磺胺异恶唑,磺胺异恶唑,3,,manual_review
Drug::磺胺甲?唑,磺胺甲?唑,磺胺甲?唑,1,,manual_review
Drug::磺胺甲噁唑,磺胺甲噁唑,SMX|sulphamethoxazol|磺胺甲噁唑|磺胺甲异噁唑|磺胺甲异恶唑,19,,manual_review
Drug::磺胺甲噁唑甲氧苄啶,磺胺甲噁唑/甲氧苄啶,磺胺甲噁唑/甲氧苄啶,3,,manual_review
Drug::磺胺甲噻二唑,磺胺甲噻二唑,磺胺甲噻二唑,1,,manual_review
Drug::磺胺甲基异口恶唑,磺胺甲基异口恶唑,磺胺甲基异口恶唑,1,,manual_review
Drug::磺胺甲基异唑,磺胺甲基异唑,磺胺甲基异唑,1,,manual_review
Drug::磺胺甲基异噁唑,磺胺甲基异噁唑,磺胺甲基异噁唑,5,,manual_review
Drug::磺胺甲基异恶唑,磺胺甲基异恶唑,磺胺甲基异恶唑,1,,manual_review
Drug::磺胺甲恶唑,磺胺甲恶唑,磺胺甲恶唑,4,,manual_review
Drug::磺胺类抗生素,磺胺类抗生素,磺胺类抗生素,2,,manual_review
Drug::磺胺类抗菌药,磺胺类抗菌药,磺胺类抗菌药,1,,manual_review
Drug::磺胺类药,磺胺类药,磺胺类药,4,,manual_review
Drug::磺胺类药物,磺胺类药物,磺胺族药|磺胺类药物,10,,manual_review
Drug::磺胺类降糖药物,磺胺类降糖药物,磺胺类降糖药物,1,,manual_review
Drug::磺胺粉,磺胺粉,磺胺粉,3,,manual_review
Drug::磺胺苯吡唑,磺胺苯吡唑,磺胺苯吡唑,22,,manual_review
Drug::磺胺苯唑,磺胺苯唑,磺胺苯唑,1,,manual_review
Drug::磺胺苯比唑,磺胺苯比唑,磺胺苯比唑,1,,manual_review
Drug::磺胺药,磺胺药,磺胺药,101,,manual_review
Drug::磺胺醋酰钠,磺胺醋酰钠,磺胺醋酰钠,1,,manual_review
Drug::磺脲类,磺脲类,磺脲类,2,,manual_review
Drug::磺脲类药物,磺脲类药物,磺脲类药物,4,,manual_review
Drug::磺脲降糖药,磺脲降糖药,磺脲降糖药,1,,manual_review
Drug::磺苄青霉素,磺苄青霉素,磺苄青霉素,1,,manual_review
Drug::磺达肝癸钠,磺达肝癸钠,磺达肝癸钠|磺达肝癸钠注射液,8,,manual_review
Drug::磺达肝葵钠,磺达肝葵钠,磺达肝葵钠,1,,manual_review
Drug::磺酰脲,磺酰脲,磺酰脲,2,,manual_review
Drug::磺酰脲类,磺酰脲类,磺酰脲类,2,,manual_review
Drug::磺酰脲类药物,磺酰脲类药物,磺酰脲类药物,4,,manual_review
Drug::磺酰脲类降糖药,磺酰脲类降糖药,磺酰脲类降糖药,3,,manual_review
Drug::磺酰脲类降血糖药,磺酰脲类降血糖药,磺酰脲类降血糖药,1,,manual_review
Drug::神曲,神曲,神曲,2,,manual_review
Drug::神曲胃痛,神曲胃痛,神曲胃痛胶囊,2,,manual_review
Drug::神经肌肉阻断剂,神经肌肉阻断剂,神经肌肉阻断剂,2,,manual_review
Drug::神经肌肉阻断药,神经肌肉阻断药,神经肌肉阻断药,5,,manual_review
Drug::神经肌肉阻滞药,神经肌肉阻滞药,神经肌肉阻滞药,5,,manual_review
Drug::神经节阻滞剂抗高血压药物,神经节阻滞剂抗高血压药物,神经节阻滞剂抗高血压药物,1,,manual_review
Drug::福尔可定,福尔可定,福尔可定,1,,manual_review
Drug::福来登大剂量三价流感疫苗,福来登大剂量三价流感疫苗,福来登大剂量三价流感疫苗,1,,manual_review
Drug::福沙匹坦,福沙匹坦,福沙匹坦,13,,manual_review
Drug::福沙那韦,福沙那韦,福沙那韦,10,,manual_review
Drug::福沙那韦利托那韦,福沙那韦/利托那韦,福沙那韦/利托那韦,2,,manual_review
Drug::福莫特罗,福莫特罗,福莫特罗,1,,manual_review
Drug::福辛普利,福辛普利,福辛普利,9,,manual_review
Drug::福辛普利钠,福辛普利钠,福辛普利钠|福辛普利钠片,5,,manual_review
Drug::秋水仙碱,秋水仙碱,colchicine|秋水仙碱|秋水仙碱片,56,,manual_review
Drug::秋水仙素,秋水仙素,秋水仙素,2,,manual_review
Drug::科巴伟林,科巴伟林,科巴伟林,1,,manual_review
Drug::秦艽,秦艽,秦艽,1,,manual_review
Drug::积雪草苷,积雪草苷,积雪草苷,1,,manual_review
Drug::积雪草酸,积雪草酸,积雪草酸,1,,manual_review
Drug::稀盐酸,稀盐酸,稀盐酸,2,,manual_review
Drug::程序性死亡受体1单抗,程序性死亡受体1单抗,程序性死亡受体1单抗,1,,manual_review
Drug::穿心莲,穿心莲,穿心莲|穿心莲片,10,,manual_review
Drug::穿心莲内酯,穿心莲内酯,穿心莲内酯,1,,manual_review
Drug::穿心莲软,穿心莲软,穿心莲软胶囊,3,,manual_review
Drug::穿琥宁,穿琥宁,穿琥宁注射液,6,,manual_review
Drug::穿琥宁氯化钠,穿琥宁氯化钠,穿琥宁氯化钠注射液,3,,manual_review
Drug::穿龙骨刺,穿龙骨刺,穿龙骨刺胶囊,3,,manual_review
Drug::立其丁,立其丁,立其丁,1,,manual_review
Drug::竹桃霉素,竹桃霉素,竹桃霉素,11,,manual_review
Drug::第一代抗组胺药,第一代抗组胺药,第一代抗组胺药,1,,manual_review
Drug::筒箭毒,筒箭毒,筒箭毒,1,,manual_review
Drug::筒箭毒碱,筒箭毒碱,筒箭毒碱,9,,manual_review
Drug::简箭毒碱,简箭毒碱,简箭毒碱,1,,manual_review
Drug::箭毒,箭毒,箭毒,24,,manual_review
Drug::箭毒等肌肉松弛剂,箭毒等肌肉松弛剂,箭毒等肌肉松弛剂,1,,manual_review
Drug::箭毒类药物,箭毒类药物,箭毒类药物,32,,manual_review
Drug::米力农,米力农,米力农,3,,manual_review
Drug::米卡芬净,米卡芬净,米卡芬净,15,,manual_review
Drug::米塔扎平,米塔扎平,米塔扎平,1,,manual_review
Drug::米安舍林,米安舍林,米安舍林,1,,manual_review
Drug::米安色林,米安色林,米安色林,2,,manual_review
Drug::米帕明,米帕明,米帕明,6,,manual_review
Drug::米库溴铵,米库溴铵,米库溴铵,2,,manual_review
Drug::米托蒽醌,米托蒽醌,米托蒽醌,7,,manual_review
Drug::米拉贝隆,米拉贝隆,米拉贝隆,1,,manual_review
Drug::米格列奈,米格列奈,米格列奈,4,,manual_review
Drug::米格列奈钙,米格列奈钙,米格列奈钙胶囊,2,,manual_review
Drug::米格列醇,米格列醇,米格列醇,17,,manual_review
Drug::米欧卡霉素,米欧卡霉素,米欧卡霉素,1,,manual_review
Drug::米氮平,米氮平,米氮平|米氮平片,44,,manual_review
Drug::米泊美生,米泊美生,米泊美生,1,,manual_review
Drug::米索前列醇,米索前列醇,米索前列醇,3,,manual_review
Drug::米索硝唑,米索硝唑,米索硝唑,1,,manual_review
Drug::米诺地尔凝胶,米诺地尔凝胶,米诺地尔凝胶,3,,manual_review
Drug::米诺地尔搽剂,米诺地尔搽剂,米诺地尔搽剂,3,,manual_review
Drug::米诺地尔酊,米诺地尔酊,米诺地尔酊,3,,manual_review
Drug::米诺环素,米诺环素,米诺环素,48,,manual_review
Drug::米贝地尔,米贝地尔,米贝地尔,2,,manual_review
Drug::米贝拉地尔,米贝拉地尔,米贝拉地尔,8,,manual_review
Drug::米达唑仑,米达唑仑,米达唑仑,7,,manual_review
Drug::米非司酮,米非司酮,米非司酮,14,,manual_review
Drug::类固醇激素,类固醇激素,类固醇激素,1,,manual_review
Drug::类肝素药物,类肝素药物,类肝素药物,1,,manual_review
Drug::粉尘螨滴剂,粉尘螨滴剂,粉尘螨滴剂,3,,manual_review
Drug::粉防己,粉防己,粉防己,1,,manual_review
Drug::粉防己碱,粉防己碱,粉防己碱,5,,manual_review
Drug::粒细胞集落刺激因子,粒细胞集落刺激因子,粒细胞集落刺激因子,1,,manual_review
Drug::粘菌素,粘菌素,粘菌素,4,,manual_review
Drug::粘菌素甲磺酸钠,粘菌素甲磺酸钠,粘菌素甲磺酸钠,5,,manual_review
Drug::粘菌素类,粘菌素类,粘菌素类,1,,manual_review
Drug::粟精胺,粟精胺,粟精胺,1,,manual_review
Drug::精制银翘解毒,精制银翘解毒,精制银翘解毒片,2,,manual_review
Drug::精氨酸,精氨酸,精氨酸,4,,manual_review
Drug::精氨酸布洛芬,精氨酸布洛芬,精氨酸布洛芬颗粒,3,,manual_review
Drug::精神科治疗药物,精神科治疗药物,精神科治疗药物,1,,manual_review
Drug::精蛋白锌胰岛素,精蛋白锌胰岛素,精蛋白锌胰岛素,1,,manual_review
Drug::糖皮质激素,糖皮质激素,糖皮质激素,77,,manual_review
Drug::糖皮质激素类药物,糖皮质激素类药物,糖皮质激素类药物,1,,manual_review
Drug::糖皮质类固醇,糖皮质类固醇,糖皮质类固醇,1,,manual_review
Drug::糖硝硫胺,糖硝硫胺,糖硝硫胺,1,,manual_review
Drug::糖酸钙,糖酸钙,糖酸钙,1,,manual_review
Drug::糜蛋白酶,糜蛋白酶,糜蛋白酶,3,,manual_review
Drug::糠酸氟替卡松,糠酸氟替卡松,糠酸氟替卡松,1,,manual_review
Drug::糠酸莫米松鼻,糠酸莫米松鼻,糠酸莫米松鼻喷雾剂,3,,manual_review
Drug::系统皮质激素,系统皮质激素,系统皮质激素,1,,manual_review
Drug::索他洛尔,索他洛尔,索他格尔|索他洛尔,44,,manual_review
Drug::索凡替尼,索凡替尼,索凡替尼,2,,manual_review
Drug::索密痛,索密痛,索密痛,1,,manual_review
Drug::索拉菲尼,索拉菲尼,索拉菲尼,1,,manual_review
Drug::索拉非尼,索拉非尼,索拉非尼,24,,manual_review
Drug::索磷布韦,索磷布韦,SOF|sofosbuvir|索磷布韦,37,,manual_review
Drug::索磷布韦+达卡他韦,索磷布韦+达卡他韦,SOF+DCV|索磷布韦+达卡他韦,1,,manual_review
Drug::索磷布韦来迪派韦,索磷布韦/来迪派韦,SOF/LDV|索磷布韦/来迪派韦,2,,manual_review
Drug::索磷布韦维帕他韦,索磷布韦/维帕他韦,SOF/VEL|索磷布韦/维帕他韦|索磷布韦维帕他韦,7,,manual_review
Drug::索磷布韦维帕他韦伏西拉普瑞韦,索磷布韦/维帕他韦/伏西拉普瑞韦,索磷布韦/维帕他韦/伏西拉普瑞韦,2,,manual_review
Drug::索磷布韦维帕他韦伏西瑞韦,索磷布韦/维帕他韦/伏西瑞韦,SOF/VEL/VOX|索磷布韦/维帕他韦/伏西瑞韦,2,,manual_review
Drug::索磷布韦达卡他韦,索磷布韦/达卡他韦,SOF/DCV|索磷布韦/达卡他韦,2,,manual_review
Drug::索磷布韦雷迪帕韦,索磷布韦/雷迪帕韦,SOF/LDV|索磷布韦/雷迪帕韦,2,,manual_review
Drug::索立夫定,索立夫定,索立夫定,6,,manual_review
Drug::索莫布韦,索莫布韦,索莫布韦,1,,manual_review
Drug::索非布韦,索非布韦,索非布韦,1,,manual_review
Drug::紫杉烷,紫杉烷,紫杉烷,1,,manual_review
Drug::紫杉烷类,紫杉烷类,紫杉烷类,1,,manual_review
Drug::紫杉醇,紫杉醇,紫杉醇|紫杉醇注射液,52,,manual_review
Drug::紫苏,紫苏,紫苏,2,,manual_review
Drug::紫草,紫草,紫草,1,,manual_review
Drug::紫锥花,紫锥花,紫锥花,3,,manual_review
Drug::紫锥菊,紫锥菊,紫锥菊,1,,manual_review
Drug::紫雪丹,紫雪丹,紫雪丹,1,,manual_review
Drug::红大戟,红大戟,红大戟,4,,manual_review
Drug::红花,红花,红花,12,,manual_review
Drug::红花醌苷d,红花醌苷D,红花醌苷D,1,,manual_review
Drug::红药水,红药水,红药水,2,,manual_review
Drug::红霉素,红霉素,红霉素|红霉素软膏|葡萄糖酸红霉素,558,,manual_review
Drug::红霉素乳糖酸盐,红霉素乳糖酸盐,红霉素乳糖酸盐,2,,manual_review
Drug::红霉素盐酸盐,红霉素盐酸盐,红霉素盐酸盐,1,,manual_review
Drug::红霉素眼膏,红霉素眼膏,红霉素眼膏,1,,manual_review
Drug::红霉素硬脂酸酯,红霉素硬脂酸酯,红霉素硬脂酸脂|红霉素硬脂酸酯,1,,manual_review
Drug::纤溶药物,纤溶药物,纤溶药物,2,,manual_review
Drug::纤溶酶,纤溶酶,纤溶酶,1,,manual_review
Drug::纤维素磷酸钠,纤维素磷酸钠,纤维素磷酸钠,5,,manual_review
Drug::纯化多糖scp2,纯化多糖SCP2,纯化多糖SCP2,1,,manual_review
Drug::纳多洛尔,纳多洛尔,纳多洛尔,2,,manual_review
Drug::纳曲酮,纳曲酮,纳曲酮,3,,manual_review
Drug::纳洛昔醇,纳洛昔醇,纳洛昔醇,1,,manual_review
Drug::纳洛酮,纳洛酮,纳洛酮,5,,manual_review
Drug::组织纤溶酶原激活物,组织纤溶酶原激活物,组织纤溶酶原激活物,1,,manual_review
Drug::组织胺,组织胺,组织胺,1,,manual_review
Drug::组胺,组胺,组胺,4,,manual_review
Drug::细胞毒性化疗药物,细胞毒性化疗药物,细胞毒性化疗药物,1,,manual_review
Drug::细胞色素,细胞色素,细胞色素,1,,manual_review
Drug::细胞色素c,细胞色素C,细胞色素C,2,,manual_review
Drug::细胞色素p450,细胞色素P450,细胞色素P450,1,,manual_review
Drug::细胞色素p450系统代谢药,细胞色素P450系统代谢药,细胞色素P450系统代谢药,1,,manual_review
Drug::细胞色素p450酶,细胞色素P450酶,CYP450酶|细胞色素P450酶,1,,manual_review
Drug::细辛,细辛,细辛,1,,manual_review
Drug::结合蒽醌,结合蒽醌,结合蒽醌,1,,manual_review
Drug::结合雌激素,结合雌激素,结合雌激素|结合雌激素片,4,,manual_review
Drug::维a酸,维A酸,维A酸|维A酸乳膏|维A酸片,16,,manual_review
Drug::维c银翘,维C银翘,维C银翘片,4,,manual_review
Drug::维d2乳酸钙,维D2乳酸钙,维D2乳酸钙片,3,,manual_review
Drug::维d2果糖酸钙,维D2果糖酸钙,维D2果糖酸钙注射液,3,,manual_review
Drug::维d2磷葡钙,维D2磷葡钙,维D2磷葡钙片,2,,manual_review
Drug::维d2磷酸氢钙,维D2磷酸氢钙,维D2磷酸氢钙片,3,,manual_review
Drug::维d钙,维D钙,维D钙咀嚼片,3,,manual_review
Drug::维u颠茄铝,维U颠茄铝,维U颠茄铝分散片|维U颠茄铝胶囊,6,,manual_review
Drug::维乐生,维乐生,维乐生,1,,manual_review
Drug::维参锌,维参锌,维参锌胶囊,3,,manual_review
Drug::维奈克拉,维奈克拉,维奈克拉,4,,manual_review
Drug::维奈妥拉,维奈妥拉,维奈妥拉,1,,manual_review
Drug::维奈托克,维奈托克,维奈托克,1,,manual_review
Drug::维帕他韦,维帕他韦,VEL|velpatasvir|维帕他韦,13,,manual_review
Drug::维库溴铵,维库溴铵,维库溴铵,10,,manual_review
Drug::维拉帕米,维拉帕米,verapamil|异搏停|异搏定|维拉帕米,302,,manual_review
Drug::维拉米,维拉米,维拉米,1,,manual_review
Drug::维格列汀,维格列汀,维格列汀|维格列汀片,26,,manual_review
Drug::维洛噻嗪,维洛噻嗪,维洛噻嗪,1,,manual_review
Drug::维洛沙秦,维洛沙秦,维洛沙秦,1,,manual_review
Drug::维生素,维生素,维生素,7,,manual_review
Drug::维生素ad,维生素AD,维生素AD,1,,manual_review
Drug::维生素ad滴剂1岁以上,维生素AD滴剂1岁以上,维生素AD滴剂(1岁以上),2,,manual_review
Drug::维生素ad滴剂1岁以下,维生素AD滴剂1岁以下,维生素AD滴剂(1岁以下),2,,manual_review
Drug::维生素ad滴剂胶囊剂,维生素AD滴剂胶囊剂,维生素AD滴剂(胶囊剂),3,,manual_review
Drug::维生素ad滴剂胶囊型,维生素AD滴剂胶囊型,维生素AD滴剂(胶囊型),3,,manual_review
Drug::维生素ad滴剂胶囊型01岁,维生素AD滴剂胶囊型0-1岁,维生素AD滴剂(胶囊型)(0-1岁),3,,manual_review
Drug::维生素ad滴剂胶囊型1岁以上,维生素AD滴剂胶囊型1岁以上,维生素AD滴剂(胶囊型)(1岁以上),3,,manual_review
Drug::维生素ad滴剂胶囊型1岁以下,维生素AD滴剂胶囊型1岁以下,维生素AD滴剂(胶囊型)(1岁以下),3,,manual_review
Drug::维生素ad软,维生素AD软,维生素AD软胶囊,3,,manual_review
Drug::维生素ad软胶囊01岁,维生素AD软胶囊0-1岁,维生素AD软胶囊(0-1岁),3,,manual_review
Drug::维生素a棕榈酸酯眼用凝胶,维生素A棕榈酸酯眼用凝胶,维生素A棕榈酸酯|维生素A棕榈酸酯眼用凝胶,6,,manual_review
Drug::维生素a胶,维生素A胶,维生素A胶丸,3,,manual_review
Drug::维生素a软,维生素A软,维生素A软胶囊,3,,manual_review
Drug::维生素b,维生素B,维生素B,6,,manual_review
Drug::维生素b1,维生素B1,维生素B1|维生素B1片,11,,manual_review
Drug::维生素b12,维生素B12,维生素B12|维生素B12片|钴胺,53,,manual_review
Drug::维生素b2,维生素B2,维生素B2|维生素B2片,14,,manual_review
Drug::维生素b6,维生素B6,维生素B6|维生素B6片,27,,manual_review
Drug::维生素b₁,维生素B₁,维生素B₁,1,,manual_review
Drug::维生素b复合物,维生素B复合物,维生素B复合物,1,,manual_review
Drug::维生素b族,维生素B族,维生素B族,2,,manual_review
Drug::维生素b类,维生素B类,维生素B类,1,,manual_review
Drug::维生素c,维生素C,VC|VitC|抗坏血酸|维生素C|维生素C咀嚼片|维生素C泡腾片|维生素C片,100,,manual_review
Drug::维生素c葡萄糖,维生素C葡萄糖,维生素C葡萄糖注射液,3,,manual_review
Drug::维生素c钙,维生素C钙,维生素C钙胶囊,3,,manual_review
Drug::维生素c钠,维生素C钠,维生素C钠胶囊,3,,manual_review
Drug::维生素d2,维生素D2,维生素D2注射液,3,,manual_review
Drug::维生素d3,维生素D3,维生素D3,2,,manual_review
Drug::维生素d滴剂,维生素D滴剂,维生素D滴剂,3,,manual_review
Drug::维生素d滴剂胶囊型,维生素D滴剂胶囊型,维生素D滴剂(胶囊型),3,,manual_review
Drug::维生素e,维生素E,维生素E,23,,manual_review
Drug::维生素ec,维生素EC,维生素EC颗粒,3,,manual_review
Drug::维生素e软,维生素E软,维生素E软胶囊,3,,manual_review
Drug::维生素e软胶囊天然型,维生素E软胶囊天然型,维生素E软胶囊(天然型),3,,manual_review
Drug::维生素k,维生素K,维生素K|维生素K注射液,30,,manual_review
Drug::维生素k1,维生素K1,维生素K1,8,,manual_review
Drug::维生素k3,维生素K3,VitK3|维生素K3,5,,manual_review
Drug::维生素丙,维生素丙,维生素丙,2,,manual_review
Drug::维生素族,维生素族,维生素族,1,,manual_review
Drug::维生素类,维生素类,维生素类,1,,manual_review
Drug::维甲酸,维甲酸,维甲酸,1,,manual_review
Drug::维甲酸类,维甲酸类,维甲酸类,1,,manual_review
Drug::维罗非尼,维罗非尼,维罗非尼,1,,manual_review
Drug::维胺,维胺,维胺颗粒,2,,manual_review
Drug::维胺脂,维胺脂,维胺脂,1,,manual_review
Drug::维胺酯,维胺酯,维胺酯胶囊,3,,manual_review
Drug::维胺酯维e,维胺酯维E,维胺酯维E乳膏,3,,manual_review
Drug::维脑路通,维脑路通,维脑路通,1,,manual_review
Drug::维莫非尼,维莫非尼,vemurafenib|维莫非尼,2,,manual_review
Drug::维血康,维血康,维血康糖浆,2,,manual_review
Drug::绿原酸,绿原酸,绿原酸,6,,manual_review
Drug::绿茶,绿茶,绿茶,1,,manual_review
Drug::绿茶提取物,绿茶提取物,绿茶提取物,1,,manual_review
Drug::缓脉灵,缓脉灵,缓脉灵,3,,manual_review
Drug::缓解鼻塞药,缓解鼻塞药,缓解鼻塞药,1,,manual_review
Drug::缓释剂,缓释剂,缓释剂,1,,manual_review
Drug::缓释地尔硫,缓释地尔硫,缓释地尔硫,1,,manual_review
Drug::缓释烟酸,缓释烟酸,缓释烟酸,1,,manual_review
Drug::缩宫素鼻,缩宫素鼻,缩宫素鼻喷雾剂,3,,manual_review
Drug::缬更昔洛韦,缬更昔洛韦,缬更昔洛韦,3,,manual_review
Drug::缬沙坦,缬沙坦,缬沙坦|缬沙坦分散片|缬沙坦胶囊,39,,manual_review
Drug::缬沙坦氨氯地平片ⅰ,缬沙坦氨氯地平片Ⅰ,缬沙坦氨氯地平片(Ⅰ)|缬沙坦氨氯地平片（Ⅰ）,6,,manual_review
Drug::罂粟壳,罂粟壳,罂粟壳,1,,manual_review
Drug::罂粟碱,罂粟碱,罂粟碱,3,,manual_review
Drug::罗丹明123,罗丹明123,罗丹明-123|罗丹明123,4,,manual_review
Drug::罗他霉素,罗他霉素,罗他霉素,5,,manual_review
Drug::罗伐他汀,罗伐他汀,罗伐他汀,1,,manual_review
Drug::罗利普,罗利普,罗利普,1,,manual_review
Drug::罗匹那韦,罗匹那韦,罗匹那韦,1,,manual_review
Drug::罗库溴铵,罗库溴铵,罗库溴铵注射液,3,,manual_review
Drug::罗拉匹坦,罗拉匹坦,罗拉匹坦,11,,manual_review
Drug::罗替高汀,罗替高汀,罗替高汀贴片,3,,manual_review
Drug::罗格列酮,罗格列酮,罗格列酮|罗格列酮片,46,,manual_review
Drug::罗格列酮钠,罗格列酮钠,罗格列酮钠片,3,,manual_review
Drug::罗沙司他,罗沙司他,罗沙司他,6,,manual_review
Drug::罗素伐他汀,罗素伐他汀,罗素伐他汀,1,,manual_review
Drug::罗索伐他汀,罗索伐他汀,罗索伐他汀,1,,manual_review
Drug::罗红霉素,罗红霉素,罗红霉素|罗红霉素分散片|罗红霉素片|罗红霉素胶囊,96,,manual_review
Drug::罗舒伐他汀,罗舒伐他汀,罗舒伐他汀,6,,manual_review
Drug::罗苏伐他汀,罗苏伐他汀,罗苏伐他汀,7,,manual_review
Drug::罗西替尼,罗西替尼,罗西替尼,1,,manual_review
Drug::罗通定,罗通定,罗通定片,3,,manual_review
Drug::羌活,羌活,羌活,1,,manual_review
Drug::美他多辛,美他多辛,美他多辛片|美他多辛胶囊,5,,manual_review
Drug::美他环素,美他环素,美他环素,7,,manual_review
Drug::美克洛嗪,美克洛嗪,美克洛嗪,2,,manual_review
Drug::美利曲辛,美利曲辛,美利曲辛,1,,manual_review
Drug::美加明,美加明,美加明,2,,manual_review
Drug::美司钠,美司钠,mesna|美司钠|美司钠注射液,6,,manual_review
Drug::美多巴,美多巴,美多巴,6,,manual_review
Drug::美多心安,美多心安,美多心安,7,,manual_review
Drug::美多洛尔,美多洛尔,美多洛尔,2,,manual_review
Drug::美尔奎宁,美尔奎宁,美尔奎宁,1,,manual_review
Drug::美帕曲星,美帕曲星,美帕曲星,1,,manual_review
Drug::美愈伪麻口服溶液,美愈伪麻口服溶液,美愈伪麻口服溶液,3,,manual_review
Drug::美托拉宗,美托拉宗,美托拉宗,6,,manual_review
Drug::美托洛尔琥珀酸盐,美托洛尔琥珀酸盐,美托洛尔琥珀酸盐,1,,manual_review
Drug::美托洛尔酒石酸盐,美托洛尔酒石酸盐,美托洛尔酒石酸盐,1,,manual_review
Drug::美敏伪麻溶液,美敏伪麻溶液,美敏伪麻溶液,1,,manual_review
Drug::美散痛,美散痛,美散痛,6,,manual_review
Drug::美曲普汀,美曲普汀,美曲普汀,1,,manual_review
Drug::美欧卡霉素,美欧卡霉素,美欧卡霉素|麦迪霉素醋酸盐,3,,manual_review
Drug::美沙唑仑,美沙唑仑,美沙唑仑,1,,manual_review
Drug::美沙拉嗪,美沙拉嗪,美沙拉嗪|美沙拉嗪肠溶片,4,,manual_review
Drug::美沙拉秦,美沙拉秦,美沙拉秦缓释片|美沙拉秦肠溶片,6,,manual_review
Drug::美沙拉秦栓,美沙拉秦栓,美沙拉秦栓,2,,manual_review
Drug::美沙芬,美沙芬,美沙芬,5,,manual_review
Drug::美沙酮,美沙酮,美沙酮,90,,manual_review
Drug::美法仑,美法仑,美法仑|美法仑片,8,,manual_review
Drug::美洛昔康,美洛昔康,美洛昔康|美洛昔康分散片|美洛昔康片|美洛昔康胶囊,19,,manual_review
Drug::美洛西林,美洛西林,美洛西林,7,,manual_review
Drug::美洛西林钠,美洛西林钠,美洛西林钠,1,,manual_review
Drug::美满霉素,美满霉素,美满霉素,1,,manual_review
Drug::美索巴莫,美索巴莫,美索巴莫片,2,,manual_review
Drug::美索达嗪,美索达嗪,美索达嗪,2,,manual_review
Drug::美罗培南,美罗培南,美罗培南,62,,manual_review
Drug::美芬妥因,美芬妥因,美芬妥因,2,,manual_review
Drug::美芬妥英,美芬妥英,美索因|美芬妥英,3,,manual_review
Drug::美西律,美西律,慢心律|美西律,22,,manual_review
Drug::美西林,美西林,美西林,1,,manual_review
Drug::美解眠,美解眠,美解眠,1,,manual_review
Drug::美贝地尔,美贝地尔,美贝地尔,2,,manual_review
Drug::美贝拉地尔,美贝拉地尔,美贝拉地尔,3,,manual_review
Drug::美金刚,美金刚,美金刚,1,,manual_review
Drug::美雄酮,美雄酮,美雄酮,1,,manual_review
Drug::美雌醇,美雌醇,美雌醇,1,,manual_review
Drug::羚羊清肺,羚羊清肺,羚羊清肺胶囊,3,,manual_review
Drug::羟乙膦酸钠,羟乙膦酸钠,羟乙膦酸钠片,3,,manual_review
Drug::羟保太松,羟保太松,羟保太松,1,,manual_review
Drug::羟基伊曲康唑,羟基伊曲康唑,羟基伊曲康唑,1,,manual_review
Drug::羟基保太松,羟基保太松,羟基保太松,2,,manual_review
Drug::羟基保泰松,羟基保泰松,羟基保泰松,7,,manual_review
Drug::羟基化甲硝唑,羟基化甲硝唑,羟基化甲硝唑,1,,manual_review
Drug::羟基华蟾毒精,羟基华蟾毒精,羟基华蟾毒精,1,,manual_review
Drug::羟基安定,羟基安定,羟基安定,3,,manual_review
Drug::羟基红花黄色素a,羟基红花黄色素A,羟基红花黄色素A,2,,manual_review
Drug::羟基脲,羟基脲,羟基脲片,3,,manual_review
Drug::羟基阿托他汀,羟基阿托他汀,羟基阿托他汀,1,,manual_review
Drug::羟己磺脲,羟己磺脲,羟己磺脲,1,,manual_review
Drug::羟氢可待酮,羟氢可待酮,羟氢可待酮,1,,manual_review
Drug::羟氢吗啡酮,羟氢吗啡酮,羟氢吗啡酮,2,,manual_review
Drug::羟氢萘心安,羟氢萘心安,羟氢萘心安,1,,manual_review
Drug::羟氨苄青霉素,羟氨苄青霉素,羟氨苄青霉素,4,,manual_review
Drug::羟氯喹,羟氯喹,羟氯喹,4,,manual_review
Drug::羟甲香豆素,羟甲香豆素,羟甲香豆素,1,,manual_review
Drug::羟考酮,羟考酮,羟考酮,28,,manual_review
Drug::羟色氨酸,羟色氨酸,羟色氨酸,1,,manual_review
Drug::羟苄丝肼,羟苄丝肼,羟苄丝肼,1,,manual_review
Drug::羟苄青霉素,羟苄青霉素,羟苄青霉素,1,,manual_review
Drug::羧甲司坦,羧甲司坦,羧甲司坦片,3,,manual_review
Drug::羧甲司坦口服溶液,羧甲司坦口服溶液,羧甲司坦口服溶液,3,,manual_review
Drug::羧甲基纤维素钠,羧甲基纤维素钠,羧甲基纤维素钠滴眼液,3,,manual_review
Drug::羧苄西林,羧苄西林,羧苄西林,3,,manual_review
Drug::羧苄青霉素,羧苄青霉素,羧苄青霉素,6,,manual_review
Drug::羧苯磺胺,羧苯磺胺,羧苯磺胺,14,,manual_review
Drug::翁比他韦,翁比他韦,翁比他韦,1,,manual_review
Drug::翁沥通,翁沥通,翁沥通胶囊,3,,manual_review
Drug::老鹳草,老鹳草,老鹳草,1,,manual_review
Drug::考尼伐坦,考尼伐坦,考尼伐坦,4,,manual_review
Drug::考来希胺,考来希胺,考来希胺,3,,manual_review
Drug::考来替泊,考来替泊,考来替泊,27,,manual_review
Drug::考来替泊树脂,考来替泊树脂,考来替泊树脂,1,,manual_review
Drug::考来烯胺,考来烯胺,考来烯胺,60,,manual_review
Drug::考来维仑,考来维仑,盐酸考来维仑|考来维仑,10,,manual_review
Drug::考来酰胺,考来酰胺,考来酰胺,4,,manual_review
Drug::考比司他,考比司他,cobicistat|考比司他,8,,manual_review
Drug::考比替尼,考比替尼,考比替尼,1,,manual_review
Drug::耐青霉素酶的半合成青霉素,耐青霉素酶的半合成青霉素,耐青霉素酶的半合成青霉素,1,,manual_review
Drug::耳毒性药物,耳毒性药物,耳毒性药物,1,,manual_review
Drug::联磺甲氧苄啶,联磺甲氧苄啶,联磺甲氧苄啶|联磺甲氧苄啶片,4,,manual_review
Drug::联苯丁酮,联苯丁酮,联苯丁酮,1,,manual_review
Drug::联苯丁酮酸,联苯丁酮酸,联苯丁酮酸,5,,manual_review
Drug::联苯双酯,联苯双酯,联苯双酯|联苯双酯滴丸,5,,manual_review
Drug::聚乙二醇,聚乙二醇,聚乙二醇,1,,manual_review
Drug::聚乙二醇1000维生素e琥珀酸酯,聚乙二醇1000维生素E琥珀酸酯,聚乙二醇1000维生素E琥珀酸酯,1,,manual_review
Drug::聚乙二醇4000,聚乙二醇4000,聚乙二醇4000散,2,,manual_review
Drug::聚乙二醇4000散剂,聚乙二醇4000散剂,聚乙二醇4000散剂,3,,manual_review
Drug::聚乙二醇干扰素,聚乙二醇干扰素,聚乙二醇干扰素,3,,manual_review
Drug::聚乙二醇干扰素α2a,聚乙二醇干扰素α-2a,聚乙二醇干扰素α-2a,1,,manual_review
Drug::聚乙烯脂质体结合的阿霉素,聚乙烯脂质体结合的阿霉素,聚乙烯脂质体结合的阿霉素,1,,manual_review
Drug::聚乙烯脂质体阿霉素,聚乙烯脂质体阿霉素,聚乙烯脂质体阿霉素,2,,manual_review
Drug::聚乙烯醇,聚乙烯醇,聚乙烯醇,1,,manual_review
Drug::聚氧乙烯蓖麻油紫杉醇,聚氧乙烯蓖麻油紫杉醇,聚氧乙烯蓖麻油紫杉醇,1,,manual_review
Drug::聚甲酚磺醛栓,聚甲酚磺醛栓,聚甲酚磺醛栓,3,,manual_review
Drug::聚甲酚磺醛溶液,聚甲酚磺醛溶液,聚甲酚磺醛溶液,3,,manual_review
Drug::聚甲酚磺醛阴道栓,聚甲酚磺醛阴道栓,聚甲酚磺醛阴道栓,3,,manual_review
Drug::聚维酮碘,聚维酮碘,聚维酮碘乳膏,3,,manual_review
Drug::聚维酮碘凝胶,聚维酮碘凝胶,聚维酮碘凝胶,3,,manual_review
Drug::聚维酮碘栓,聚维酮碘栓,聚维酮碘栓,3,,manual_review
Drug::聚维酮碘溶液,聚维酮碘溶液,聚维酮碘溶液,3,,manual_review
Drug::肉桂,肉桂,肉桂,4,,manual_review
Drug::肉豆蔻木酚素,肉豆蔻木酚素,肉豆蔻木酚素,1,,manual_review
Drug::肌乙啶,肌乙啶,肌乙啶,1,,manual_review
Drug::肌松剂,肌松剂,肌松剂,2,,manual_review
Drug::肌松弛剂,肌松弛剂,肌松弛剂,1,,manual_review
Drug::肌松药,肌松药,肌松药,2,,manual_review
Drug::肌肉松弛剂,肌肉松弛剂,肌肉松弛剂,2,,manual_review
Drug::肌苷,肌苷,肌苷,2,,manual_review
Drug::肌苷葡萄糖,肌苷葡萄糖,肌苷葡萄糖注射液,3,,manual_review
Drug::肌醇,肌醇,肌醇,1,,manual_review
Drug::肚痛泻,肚痛泻,肚痛泻丸,2,,manual_review
Drug::肝损害性药物,肝损害性药物,肝损害性药物,1,,manual_review
Drug::肝毒性药物,肝毒性药物,肝毒性药物,2,,manual_review
Drug::肝精补血素,肝精补血素,肝精补血素口服液,2,,manual_review
Drug::肝素,肝素,普通肝素|肝素,184,,manual_review
Drug::肝素钙,肝素钙,肝素钙,1,,manual_review
Drug::肝素钠,肝素钠,肝素钠,7,,manual_review
Drug::肝酶诱导剂,肝酶诱导剂,肝酶诱导剂,1,,manual_review
Drug::肠内营养乳剂tp,肠内营养乳剂TP,肠内营养乳剂(TP),3,,manual_review
Drug::肠内营养混悬液sp,肠内营养混悬液SP,肠内营养混悬液(SP),3,,manual_review
Drug::肠内营养混悬液tpf,肠内营养混悬液TPF,肠内营养混悬液(TPF),3,,manual_review
Drug::肠内营养混悬液tpfdm,肠内营养混悬液TPF-DM,肠内营养混悬液(TPF-DM),3,,manual_review
Drug::肠康,肠康,肠康胶囊,3,,manual_review
Drug::肠泰合剂,肠泰合剂,肠泰合剂,3,,manual_review
Drug::肠溶,肠溶,肠溶片,6,,manual_review
Drug::肠溶阿司匹林,肠溶阿司匹林,肠溶阿司匹林,1,,manual_review
Drug::肠炎宁,肠炎宁,肠炎宁颗粒,3,,manual_review
Drug::肠球菌,肠球菌,肠球菌,1,,manual_review
Drug::肠胃舒,肠胃舒,肠胃舒胶囊,3,,manual_review
Drug::肠舒止泻,肠舒止泻,肠舒止泻片|肠舒止泻胶囊,6,,manual_review
Drug::肠道吸附剂,肠道吸附剂,肠道吸附剂,4,,manual_review
Drug::肥皂,肥皂,肥皂,11,,manual_review
Drug::肥皂等清洁剂,肥皂等清洁剂,肥皂等清洁剂,1,,manual_review
Drug::肺炎链球菌,肺炎链球菌,肺炎链球菌,1,,manual_review
Drug::肺表面活性物质,肺表面活性物质,肺表面活性物质,1,,manual_review
Drug::肼丙苯醚,肼丙苯醚,肼丙苯醚,1,,manual_review
Drug::肼屈嗪,肼屈嗪,肼屈嗪|肼苯哒嗪,8,,manual_review
Drug::肼苯呋嗪,肼苯呋嗪,肼苯呋嗪,1,,manual_review
Drug::肼苯哒嗪,肼苯哒嗪,肼苯哒嗪,7,,manual_review
Drug::肼苯达嗪,肼苯达嗪,肼苯达嗪,3,,manual_review
Drug::肼苯酞嗪,肼苯酞嗪,肼苯酞嗪,2,,manual_review
Drug::肼酞嗪,肼酞嗪,肼酞嗪,1,,manual_review
Drug::肾上腺皮质激素,肾上腺皮质激素,肾上腺皮质激素,56,,manual_review
Drug::肾上腺皮质激素类药物,肾上腺皮质激素类药物,肾上腺皮质激素类药物,1,,manual_review
Drug::肾上腺糖皮质激素,肾上腺糖皮质激素,肾上腺糖皮质激素,5,,manual_review
Drug::肾上腺素,肾上腺素,肾上腺素,83,,manual_review
Drug::肾上腺素能受体结合剂,肾上腺素能受体结合剂,肾上腺素能受体结合剂,2,,manual_review
Drug::肾上腺色腙,肾上腺色腙,肾上腺色腙片,2,,manual_review
Drug::肾毒性或耳毒性药物,肾毒性或耳毒性药物,肾毒性或耳毒性药物,17,,manual_review
Drug::肾毒性药,肾毒性药,肾毒性药,1,,manual_review
Drug::肾毒性药物,肾毒性药物,肾毒性药物,1,,manual_review
Drug::肾石通,肾石通,肾石通颗粒,3,,manual_review
Drug::胃乐,胃乐,胃乐胶囊,2,,manual_review
Drug::胃复宁,胃复宁,胃复宁胶囊,3,,manual_review
Drug::胃复安,胃复安,胃复安,21,,manual_review
Drug::胃康灵,胃康灵,胃康灵胶囊|胃康灵颗粒,7,,manual_review
Drug::胃得乐,胃得乐,胃得乐,1,,manual_review
Drug::胃抗酸药,胃抗酸药,胃抗酸药,1,,manual_review
Drug::胃欣舒,胃欣舒,胃欣舒胶囊,2,,manual_review
Drug::胃疡平,胃疡平,胃疡平,2,,manual_review
Drug::胃痛宁,胃痛宁,胃痛宁片,3,,manual_review
Drug::胃舒平,胃舒平,胃舒平,8,,manual_review
Drug::胃蛋白酶,胃蛋白酶,胃蛋白酶,14,,manual_review
Drug::胃蛋白酶口服溶液,胃蛋白酶口服溶液,胃蛋白酶口服溶液,3,,manual_review
Drug::胃蛋白酶合剂,胃蛋白酶合剂,胃蛋白酶合剂,5,,manual_review
Drug::胃酶,胃酶,胃酶,1,,manual_review
Drug::胃酶合剂,胃酶合剂,胃酶合剂,3,,manual_review
Drug::胃酸化剂,胃酸化剂,胃酸化剂,31,,manual_review
Drug::胃长宁,胃长宁,胃长宁,1,,manual_review
Drug::胆囊造影剂,胆囊造影剂,胆囊造影剂,1,,manual_review
Drug::胆汁酸,胆汁酸,胆汁酸,1,,manual_review
Drug::胆汁酸结合树脂,胆汁酸结合树脂,胆汁酸结合树脂,1,,manual_review
Drug::胆汁酸螯合剂,胆汁酸螯合剂,胆汁酸螯合剂,1,,manual_review
Drug::胆矾,胆矾,胆矾,1,,manual_review
Drug::胆红素,胆红素,胆红素|胆红质,3,,manual_review
Drug::胆胃康,胆胃康,胆胃康胶囊,3,,manual_review
Drug::胆茶碱,胆茶碱,胆茶碱,1,,manual_review
Drug::胆通,胆通,胆通,2,,manual_review
Drug::胆酰牛磺酸,胆酰牛磺酸,胆酰牛磺酸,1,,manual_review
Drug::胍乙啶,胍乙啶,呱乙啶|胍乙啶,52,,manual_review
Drug::胞磷胆碱,胞磷胆碱,胞磷胆碱,1,,manual_review
Drug::胞磷胆碱钠,胞磷胆碱钠,胞磷胆碱钠注射液|胞磷胆碱钠片,6,,manual_review
Drug::胞磷胆碱钠氯化钠,胞磷胆碱钠氯化钠,胞磷胆碱钠氯化钠注射液,3,,manual_review
Drug::胞磷胆碱钠葡萄糖,胞磷胆碱钠葡萄糖,胞磷胆碱钠葡萄糖注射液,3,,manual_review
Drug::胡椒碱,胡椒碱,胡椒碱,2,,manual_review
Drug::胰升血糖素,胰升血糖素,胰升血糖素,1,,manual_review
Drug::胰岛素,胰岛素,普通胰岛素|胰岛素,174,,manual_review
Drug::胰岛素锌混悬液,胰岛素锌混悬液,胰岛素锌混悬液,1,,manual_review
Drug::胰激肽原酶,胰激肽原酶,怡开|胰激肽原酶|胰激肽原酶肠溶片,6,,manual_review
Drug::胰脂肪酶,胰脂肪酶,胰脂肪酶,3,,manual_review
Drug::胰蛋白酶,胰蛋白酶,胰蛋白酶,3,,manual_review
Drug::胰酶,胰酶,胰酶|胰酶肠溶片,13,,manual_review
Drug::胰酶肠溶,胰酶肠溶,胰酶肠溶胶囊,3,,manual_review
Drug::胰高糖素,胰高糖素,胰高糖素,1,,manual_review
Drug::胰高血糖素,胰高血糖素,胰高血糖素,13,,manual_review
Drug::胶体果胶秘,胶体果胶秘,胶体果胶秘胶囊,3,,manual_review
Drug::胶体果胶铋,胶体果胶铋,胶体果胶铋胶囊,3,,manual_review
Drug::胶体酒石酸铋,胶体酒石酸铋,胶体酒石酸铋胶囊,3,,manual_review
Drug::胸腺肽,胸腺肽,胸腺肽|胸腺肽肠溶片,4,,manual_review
Drug::胸腺肽肠溶,胸腺肽肠溶,胸腺肽肠溶胶囊,3,,manual_review
Drug::胺,胺,胺,1,,manual_review
Drug::胺碘达隆,胺碘达隆,乙胺碘呋酮|胺碘达隆,1,,manual_review
Drug::胺苯叮陡,胺苯叮陡,胺苯叮陡,1,,manual_review
Drug::能量合剂,能量合剂,能量合剂,1,,manual_review
Drug::脂溶性抗生素,脂溶性抗生素,脂溶性抗生素,1,,manual_review
Drug::脂溶性维生素,脂溶性维生素,脂溶性维生素,3,,manual_review
Drug::脂溶性维生素类,脂溶性维生素类,脂溶性维生素类,1,,manual_review
Drug::脂肪乳,脂肪乳,脂肪乳,1,,manual_review
Drug::脂质纳米囊,脂质纳米囊,脂质纳米囊,1,,manual_review
Drug::脊灰疫苗,脊灰疫苗,脊灰疫苗,1,,manual_review
Drug::脊髓灰质炎疫苗,脊髓灰质炎疫苗,脊髓灰质炎疫苗,1,,manual_review
Drug::脑多肽,脑多肽,脑多肽,3,,manual_review
Drug::脑心清,脑心清,脑心清片,3,,manual_review
Drug::脑膜炎双球菌,脑膜炎双球菌,脑膜炎双球菌,1,,manual_review
Drug::脑蛋白水解物,脑蛋白水解物,脑蛋白水解物口服液|脑蛋白水解物注射液|脑蛋白水解物片,9,,manual_review
Drug::脱乙基胺碘呋酮,脱乙基胺碘呋酮,脱乙基胺碘呋酮,1,,manual_review
Drug::脱乙基胺碘酮,脱乙基胺碘酮,脱乙基胺碘酮,2,,manual_review
Drug::脱屑药,脱屑药,脱屑药,2,,manual_review
Drug::脱氢紫堇碱,脱氢紫堇碱,脱氢紫堇碱,1,,manual_review
Drug::脱氢表雄酮硫酸盐,脱氢表雄酮硫酸盐,脱氢表雄酮硫酸盐,1,,manual_review
Drug::脱氧胆酸,脱氧胆酸,脱氧胆酸,1,,manual_review
Drug::脱水山莨菪碱,脱水山莨菪碱,脱水山莨菪碱,1,,manual_review
Drug::腮腺炎疫苗,腮腺炎疫苗,腮腺炎疫苗,1,,manual_review
Drug::腰息痛,腰息痛,腰息痛胶囊,3,,manual_review
Drug::腹膜透析液乳酸盐,腹膜透析液乳酸盐,腹膜透析液(乳酸盐),3,,manual_review
Drug::腺苷注射液供诊断用,腺苷注射液供诊断用,腺苷注射液(供诊断用),2,,manual_review
Drug::腾喜龙,腾喜龙,腾喜龙,1,,manual_review
Drug::膦甲酸钠,膦甲酸钠,膦甲酸钠|膦甲酸钠乳膏,6,,manual_review
Drug::自然铜,自然铜,自然铜,1,,manual_review
Drug::臭梧桐,臭梧桐,臭梧桐,1,,manual_review
Drug::致酸剂,致酸剂,致酸剂,1,,manual_review
Drug::舌下硝酸甘油,舌下硝酸甘油,舌下硝酸甘油,1,,manual_review
Drug::舍吲哚,舍吲哚,舍吲哚,1,,manual_review
Drug::舍曲林,舍曲林,sertraline|舍曲林,84,,manual_review
Drug::舍雷肽酶,舍雷肽酶,舍雷肽酶片,3,,manual_review
Drug::舒乐安定,舒乐安定,舒乐安定,1,,manual_review
Drug::舒尼替尼,舒尼替尼,舒尼替尼,12,,manual_review
Drug::舒巴克坦,舒巴克坦,舒巴克坦,1,,manual_review
Drug::舒巴坦,舒巴坦,舒巴坦,2,,manual_review
Drug::舒巴坦钠,舒巴坦钠,舒巴坦钠,1,,manual_review
Drug::舒必利,舒必利,舒必利|舒必利片,10,,manual_review
Drug::舒必林,舒必林,舒必林,1,,manual_review
Drug::舒托必利,舒托必利,舒托必利,6,,manual_review
Drug::舒林酸,舒林酸,Sulindac|舒林酸,6,,manual_review
Drug::舒洛地特软,舒洛地特软,舒洛地特软胶囊,3,,manual_review
Drug::舒芬太尼,舒芬太尼,舒芬太尼,24,,manual_review
Drug::舒达菲,舒达菲,舒达菲,1,,manual_review
Drug::舒马普坦,舒马普坦,舒马普坦,1,,manual_review
Drug::舒马曲坦,舒马曲坦,舒马曲坦,1,,manual_review
Drug::艮他霉素,艮他霉素,艮他霉素,2,,manual_review
Drug::良园枇杷叶膏,良园枇杷叶膏,良园枇杷叶膏,2,,manual_review
Drug::色氨酸,色氨酸,色氨酸,3,,manual_review
Drug::色瑞替尼,色瑞替尼,色瑞替尼,8,,manual_review
Drug::色甘酸,色甘酸,色甘酸,1,,manual_review
Drug::色甘酸二钠,色甘酸二钠,色甘酸二钠,1,,manual_review
Drug::色甘酸钠,色甘酸钠,色甘酸钠,3,,manual_review
Drug::艾伏尼布,艾伏尼布,艾伏尼布,1,,manual_review
Drug::艾卓肝素,艾卓肝素,艾卓肝素,1,,manual_review
Drug::艾博韦泰,艾博韦泰,艾博韦泰,3,,manual_review
Drug::艾司利卡西平,艾司利卡西平,艾司利卡西平,2,,manual_review
Drug::艾司唑仑,艾司唑仑,艾司唑仑|艾司唑仑片,24,,manual_review
Drug::艾司奥美拉唑,艾司奥美拉唑,注射用艾司奥美拉唑|艾司奥美拉唑,17,,manual_review
Drug::艾司奥美拉唑镁,艾司奥美拉唑镁,艾司奥美拉唑镁肠溶片,3,,manual_review
Drug::艾司奥美拉唑镁肠溶,艾司奥美拉唑镁肠溶,艾司奥美拉唑镁肠溶胶囊,3,,manual_review
Drug::艾司洛尔,艾司洛尔,艾司洛尔,3,,manual_review
Drug::艾司西酞普兰,艾司西酞普兰,艾司西酞普兰,12,,manual_review
Drug::艾塞那肽,艾塞那肽,艾塞那肽|艾塞那肽注射液,11,,manual_review
Drug::艾多沙班,艾多沙班,艾多沙班,15,,manual_review
Drug::艾尔巴韦,艾尔巴韦,EBR|elbasvir|艾尔巴韦,10,,manual_review
Drug::艾尔巴韦格拉瑞韦,艾尔巴韦格拉瑞韦,艾尔巴韦格拉瑞韦,2,,manual_review
Drug::艾托格列净,艾托格列净,艾托格列净,1,,manual_review
Drug::艾斯能,艾斯能,艾斯能,1,,manual_review
Drug::艾普拉唑,艾普拉唑,艾普拉唑|艾普拉唑肠溶片,7,,manual_review
Drug::艾曲波帕,艾曲波帕,艾曲波帕,2,,manual_review
Drug::艾格列韦,艾格列韦,艾格列韦,2,,manual_review
Drug::艾梦克酮,艾梦克酮,艾梦克酮,1,,manual_review
Drug::艾氟康唑,艾氟康唑,艾氟康唑,1,,manual_review
Drug::艾沙利酮,艾沙利酮,艾沙利酮,1,,manual_review
Drug::艾沙康唑,艾沙康唑,艾沙康唑,10,,manual_review
Drug::艾瑞昔布,艾瑞昔布,艾瑞昔布,5,,manual_review
Drug::艾维替尼,艾维替尼,艾维替尼,1,,manual_review
Drug::艾维雷韦考比司他,艾维雷韦考比司他,艾维雷韦考比司他,2,,manual_review
Drug::艾美拉唑,艾美拉唑,艾美拉唑,1,,manual_review
Drug::艾考恩丙替,艾考恩丙替,艾考恩丙替,3,,manual_review
Drug::艾通冲剂,艾通冲剂,艾通冲剂,1,,manual_review
Drug::芍药,芍药,芍药,1,,manual_review
Drug::芍药甘草汤,芍药甘草汤,芍药甘草汤,1,,manual_review
Drug::芒硝,芒硝,芒硝,1,,manual_review
Drug::芙朴冲剂,芙朴冲剂,芙朴冲剂,1,,manual_review
Drug::芡实,芡实,芡实,1,,manual_review
Drug::芥子酸,芥子酸,芥子酸,1,,manual_review
Drug::芦丁,芦丁,芦丁|芦丁片,6,,manual_review
Drug::芦丁苷,芦丁苷,芦丁苷,1,,manual_review
Drug::芦可替尼,芦可替尼,芦可替尼,3,,manual_review
Drug::芫花,芫花,芫花,9,,manual_review
Drug::芬不芬,芬不芬,芬不芬,1,,manual_review
Drug::芬太尼,芬太尼,芬太尼,35,,manual_review
Drug::芬太尼透皮贴剂,芬太尼透皮贴剂,芬太尼透皮贴剂,3,,manual_review
Drug::芬妥因,芬妥因,芬妥因,1,,manual_review
Drug::芬布芬,芬布芬,芬布芬,14,,manual_review
Drug::芬必得,芬必得,芬必得,3,,manual_review
Drug::芬氟拉明,芬氟拉明,芬氟拉明,5,,manual_review
Drug::芬特明,芬特明,芬特明,2,,manual_review
Drug::芬特明托吡酯缓控释剂,芬特明/托吡酯缓控释剂,芬特明/托吡酯缓控释剂,1,,manual_review
Drug::芬那露,芬那露,芬那露,1,,manual_review
Drug::花百,花百,花百胶囊,2,,manual_review
Drug::花萼素,花萼素,花萼素,1,,manual_review
Drug::芳香维甲酸,芳香维甲酸,芳香维甲酸,1,,manual_review
Drug::芹糖基异甘草苷,芹糖基异甘草苷,芹糖基异甘草苷,1,,manual_review
Drug::芹菜素,芹菜素,芹菜素,1,,manual_review
Drug::苄丙酮,苄丙酮,苄丙酮,5,,manual_review
Drug::苄丙酮豆素,苄丙酮豆素,苄丙酮豆素,1,,manual_review
Drug::苄丙酮香豆素,苄丙酮香豆素,苄丙酮香豆素,9,,manual_review
Drug::苄丝肼,苄丝肼,苄丝肼,4,,manual_review
Drug::苄二甲胍,苄二甲胍,苄二甲胍,1,,manual_review
Drug::苄唑啉,苄唑啉,苄唑啉,1,,manual_review
Drug::苄基青霉素,苄基青霉素,苄基青霉素,2,,manual_review
Drug::苄星青霉素,苄星青霉素,苄星青霉素,10,,manual_review
Drug::苄普地尔,苄普地尔,苄普地尔,8,,manual_review
Drug::苄氟噻嗪,苄氟噻嗪,苄氟噻嗪,4,,manual_review
Drug::苄甲胍,苄甲胍,苄甲胍,1,,manual_review
Drug::苄甲青霉素,苄甲青霉素,苄甲青霉素,3,,manual_review
Drug::苄肼,苄肼,苄肼,1,,manual_review
Drug::苄胍,苄胍,苄胍,1,,manual_review
Drug::苄青霉素,苄青霉素,苄青霉素|青霉素G,3,,manual_review
Drug::苄青霉素钠,苄青霉素钠,苄青霉素钠,1,,manual_review
Drug::苋菜黄连素,苋菜黄连素,苋菜黄连素胶囊,2,,manual_review
Drug::苍莲感冒,苍莲感冒,苍莲感冒片,3,,manual_review
Drug::苏合兰,苏合兰,苏合兰,3,,manual_review
Drug::苏打,苏打,苏打,1,,manual_review
Drug::苏沃雷生,苏沃雷生,苏沃雷生,1,,manual_review
Drug::苏铁苷,苏铁苷,苏铁苷,1,,manual_review
Drug::苦参,苦参,苦参,6,,manual_review
Drug::苦参提取物,苦参提取物,苦参提取物,4,,manual_review
Drug::苦参碱,苦参碱,苦参碱,7,,manual_review
Drug::苦味健胃药,苦味健胃药,苦味健胃药,2,,manual_review
Drug::苦杏仁苷,苦杏仁苷,苦杏仁苷,2,,manual_review
Drug::苦瓜提取物,苦瓜提取物,苦瓜提取物,1,,manual_review
Drug::苯丁唑酮,苯丁唑酮,苯丁唑酮,1,,manual_review
Drug::苯丁胺,苯丁胺,苯丁胺,2,,manual_review
Drug::苯丁酸氮芥,苯丁酸氮芥,苯丁酸氮芥|苯丁酸氮芥片,4,,manual_review
Drug::苯丙氨酸氨芥,苯丙氨酸氨芥,苯丙氨酸氨芥,1,,manual_review
Drug::苯丙氨酸氮芥,苯丙氨酸氮芥,苯丙氨酸氮芥,2,,manual_review
Drug::苯丙环胺,苯丙环胺,苯丙环胺,1,,manual_review
Drug::苯丙羟基香豆素,苯丙羟基香豆素,苯丙羟基香豆素,2,,manual_review
Drug::苯丙胺,苯丙胺,苯丙胺,45,,manual_review
Drug::苯丙胺前药,苯丙胺前药,苯丙胺前药,12,,manual_review
Drug::苯丙胺类,苯丙胺类,苯丙胺类,1,,manual_review
Drug::苯丙脯酯,苯丙脯酯,苯丙脯酯,1,,manual_review
Drug::苯丙酮,苯丙酮,苯丙酮,1,,manual_review
Drug::苯丙酮香豆素,苯丙酮香豆素,苯丙酮香豆素,1,,manual_review
Drug::苯丙酰苯心安,苯丙酰苯心安,苯丙酰苯心安,1,,manual_review
Drug::苯丙酸氮芥,苯丙酸氮芥,苯丙酸氮芥,1,,manual_review
Drug::苯丙酸诺龙,苯丙酸诺龙,苯丙酸诺龙|苯丙酸诺龙注射液,4,,manual_review
Drug::苯丙醇,苯丙醇,苯丙醇,1,,manual_review
Drug::苯丙醇氨,苯丙醇氨,苯丙醇氨,2,,manual_review
Drug::苯丙醇胺,苯丙醇胺,苯丙醇胺,4,,manual_review
Drug::苯丙香豆素,苯丙香豆素,苯丙香豆素,4,,manual_review
Drug::苯丙香豆醇,苯丙香豆醇,苯丙香豆醇,1,,manual_review
Drug::苯乙双胍,苯乙双胍,苯乙双胍,11,,manual_review
Drug::苯乙哌啶,苯乙哌啶,苯乙哌啶,1,,manual_review
Drug::苯乙基丙醇胺,苯乙基丙醇胺,苯乙基丙醇胺,1,,manual_review
Drug::苯乙肼,苯乙肼,硫酸苯乙双胍|苯乙肼,38,,manual_review
Drug::苯乙胺,苯乙胺,苯乙胺,2,,manual_review
Drug::苯二氮䓬类,苯二氮䓬类,苯二氮䓬|苯二氮䓬类,2,,manual_review
Drug::苯二氮䓬类药,苯二氮䓬类药,苯二氮䓬类药,1,,manual_review
Drug::苯二氮䓬类药物,苯二氮䓬类药物,苯二氮䓬类药物,2,,manual_review
Drug::苯二氮卓类药物,苯二氮卓类药物,苯二氮卓类药物,2,,manual_review
Drug::苯二氮类,苯二氮类,苯二氮类,1,,manual_review
Drug::苯二氮罩类,苯二氮罩类,苯二氮罩类,1,,manual_review
Drug::苯佐卡因含,苯佐卡因含,苯佐卡因含片,3,,manual_review
Drug::苯咪唑青霉素,苯咪唑青霉素,苯咪唑青霉素,1,,manual_review
Drug::苯唑西林,苯唑西林,苯唑西林,6,,manual_review
Drug::苯唑西林钠,苯唑西林钠,苯唑西林钠片,3,,manual_review
Drug::苯唑青霉素,苯唑青霉素,苯唑青霉素,3,,manual_review
Drug::苯噻啶,苯噻啶,苯噻啶|苯噻啶片,4,,manual_review
Drug::苯妥类,苯妥类,苯妥类,14,,manual_review
Drug::苯妥英,苯妥英,苯妥因|苯妥英,268,,manual_review
Drug::苯妥英类,苯妥英类,苯妥英类,6,,manual_review
Drug::苯妥英钠类,苯妥英钠类,苯妥英钠类,13,,manual_review
Drug::苯妥钠,苯妥钠,苯妥钠,1,,manual_review
Drug::苯巴妥钠,苯巴妥钠,苯巴妥钠,1,,manual_review
Drug::苯巴比,苯巴比,苯巴比,1,,manual_review
Drug::苯巴比妥,苯巴比妥,phenobarbital|苯巴比妥|苯巴比妥片,486,,manual_review
Drug::苯巴比妥类,苯巴比妥类,苯巴比妥类,1,,manual_review
Drug::苯巴比妥钠,苯巴比妥钠,苯巴比妥钠|苯巴比妥钠注射液,5,,manual_review
Drug::苯并芘,苯并芘,苯并芘,1,,manual_review
Drug::苯异丙肼,苯异丙肼,苯异丙肼,1,,manual_review
Drug::苯扎托品,苯扎托品,苯扎托品,1,,manual_review
Drug::苯扎氯铵溶液,苯扎氯铵溶液,苯扎氯铵溶液,3,,manual_review
Drug::苯扎溴铵溶液,苯扎溴铵溶液,苯扎溴铵溶液,3,,manual_review
Drug::苯扎溴铵酊,苯扎溴铵酊,苯扎溴铵酊,3,,manual_review
Drug::苯扎贝特,苯扎贝特,苯扎贝特|苯扎贝特分散片|苯扎贝特片|苯扎贝特胶囊,19,,manual_review
Drug::苯氧苄胺,苯氧苄胺,苯氧苄胺,2,,manual_review
Drug::苯氧苯丙酸,苯氧苯丙酸,苯氧苯丙酸,1,,manual_review
Drug::苯海拉明,苯海拉明,苯海拉明,58,,manual_review
Drug::苯海拉明薄荷脑,苯海拉明薄荷脑,苯海拉明薄荷脑糖浆,3,,manual_review
Drug::苯海索,苯海索,安坦|苯海索,9,,manual_review
Drug::苯溴马隆,苯溴马隆,benbromarone|benzbromarone|苯溴马隆|苯溴马隆片|苯溴马隆胶囊,21,,manual_review
Drug::苯环丙胺,苯环丙胺,苯环丙胺,11,,manual_review
Drug::苯环喹溴铵,苯环喹溴铵,苯环喹溴铵,2,,manual_review
Drug::苯甲托品,苯甲托品,苯甲托品,2,,manual_review
Drug::苯甲酸利扎曲普坦,苯甲酸利扎曲普坦,苯甲酸利扎曲普坦片,1,,manual_review
Drug::苯甲酸阿格列汀,苯甲酸阿格列汀,苯甲酸阿格列汀片,3,,manual_review
Drug::苯甲酸雌二醇,苯甲酸雌二醇,苯甲酸雌二醇注射液|苯甲酸雌二醇软膏,5,,manual_review
Drug::苯甲醇,苯甲醇,苯甲醇注射液,3,,manual_review
Drug::苯碘达隆,苯碘达隆,苯碘达隆,6,,manual_review
Drug::苯磺唑酮,苯磺唑酮,苯磺唑酮,15,,manual_review
Drug::苯磺胺,苯磺胺,苯磺胺,2,,manual_review
Drug::苯磺酸,苯磺酸,苯磺酸,1,,manual_review
Drug::苯磺酸左旋氨氯地平,苯磺酸左旋氨氯地平,苯磺酸左旋氨氯地平片,3,,manual_review
Drug::苯磺酸左氨氯地平,苯磺酸左氨氯地平,苯磺酸左氨氯地平片,2,,manual_review
Drug::苯磺酸氨氯地平,苯磺酸氨氯地平,络活喜|苯磺酸氨氯地平|苯磺酸氨氯地平分散片|苯磺酸氨氯地平滴丸|苯磺酸氨氯地平片|苯磺酸氨氯地平胶囊,22,,manual_review
Drug::苯福林,苯福林,苯福林,1,,manual_review
Drug::苯肾上腺,苯肾上腺,苯肾上腺,1,,manual_review
Drug::苯肾上腺素,苯肾上腺素,苯肾上腺素,3,,manual_review
Drug::苯芘,苯芘,苯芘,1,,manual_review
Drug::苯茚二酮,苯茚二酮,苯茚二酮,1,,manual_review
Drug::苯茚胺,苯茚胺,苯茚胺,29,,manual_review
Drug::苯莫辛,苯莫辛,苯莫辛,1,,manual_review
Drug::苯达莫司汀,苯达莫司汀,苯达莫司汀,1,,manual_review
Drug::苯那普利,苯那普利,苯那普利,1,,manual_review
Drug::苯酚,苯酚,苯酚,2,,manual_review
Drug::苯酚伪麻,苯酚伪麻,苯酚伪麻片,3,,manual_review
Drug::英夫利昔单抗,英夫利昔单抗,英夫利昔单抗,1,,manual_review
Drug::英夫利西单抗,英夫利西单抗,英夫利西单抗,1,,manual_review
Drug::苷类,苷类,苷类,1,,manual_review
Drug::苹果酸氯波必利,苹果酸氯波必利,苹果酸氯波必利片,3,,manual_review
Drug::茚丙胺,茚丙胺,茚丙胺,5,,manual_review
Drug::茚地那韦,茚地那韦,茚地那韦,57,,manual_review
Drug::茚满二酮,茚满二酮,茚满二酮,5,,manual_review
Drug::茚满二酮衍生物,茚满二酮衍生物,茚满二酮衍生物,5,,manual_review
Drug::茚满二酮衍生物抗凝药,茚满二酮衍生物抗凝药,茚满二酮衍生物抗凝药,1,,manual_review
Drug::茯苓,茯苓,茯苓,5,,manual_review
Drug::茴三硫,茴三硫,茴三硫片,3,,manual_review
Drug::茵栀黄,茵栀黄,茵栀黄,5,,manual_review
Drug::茵陈,茵陈,茵陈,4,,manual_review
Drug::茵陈浸膏,茵陈浸膏,茵陈浸膏,1,,manual_review
Drug::茶喘平,茶喘平,茶喘平,2,,manual_review
Drug::茶新那敏,茶新那敏,茶新那敏片,3,,manual_review
Drug::茶硷,茶硷,茶硷,6,,manual_review
Drug::茶碱,茶碱,茶硷|茶碱|茶碱缓释片,375,,manual_review
Drug::茶碱愈创木酚甘油醚胶,茶碱愈创木酚甘油醚胶,茶碱愈创木酚甘油醚胶丸,3,,manual_review
Drug::茶碱愈创甘油醚软,茶碱愈创甘油醚软,茶碱愈创甘油醚软胶囊,3,,manual_review
Drug::茶碱氯化钠,茶碱氯化钠,茶碱氯化钠注射液,3,,manual_review
Drug::茶碱类,茶碱类,茶碱类,51,,manual_review
Drug::茶碱类药,茶碱类药,茶碱类药,1,,manual_review
Drug::茶碱类药物,茶碱类药物,茶碱类药物,4,,manual_review
Drug::茶碱缓释,茶碱缓释,茶碱缓释胶囊,3,,manual_review
Drug::茶苯海拉明,茶苯海拉明,茶苯海拉明,1,,manual_review
Drug::茶苯海明含,茶苯海明含,茶苯海明含片,3,,manual_review
Drug::茶苯海明缓释,茶苯海明缓释,茶苯海明缓释胶囊,3,,manual_review
Drug::荆芥,荆芥,荆芥,2,,manual_review
Drug::草乌,草乌,草乌,3,,manual_review
Drug::草分枝杆菌,草分枝杆菌,草分枝杆菌,2,,manual_review
Drug::草质素,草质素,草质素,1,,manual_review
Drug::草酸艾司西酞普兰,草酸艾司西酞普兰,草酸艾司西酞普兰片,2,,manual_review
Drug::荜茇,荜茇,荜茇,1,,manual_review
Drug::药根碱,药根碱,药根碱,4,,manual_review
Drug::药物,药物,药物,5,,manual_review
Drug::药物代谢酶,药物代谢酶,DME|药物代谢酶,1,,manual_review
Drug::药用炭,药用炭,药用炭|药用炭片,17,,manual_review
Drug::药用碳,药用碳,药用碳,1,,manual_review
Drug::荷叶碱,荷叶碱,荷叶碱,1,,manual_review
Drug::荷花叶酒精提取物,荷花叶酒精提取物,荷花叶酒精提取物,2,,manual_review
Drug::莨菪,莨菪,莨菪,1,,manual_review
Drug::莨菪碱,莨菪碱,莨菪碱,1,,manual_review
Drug::莨菪醇,莨菪醇,莨菪醇,1,,manual_review
Drug::莪术,莪术,莪术,4,,manual_review
Drug::莫努匹韦,莫努匹韦,莫努匹韦,1,,manual_review
Drug::莫昔普利,莫昔普利,莫昔普利,1,,manual_review
Drug::莫沙必利,莫沙必利,莫沙必利,10,,manual_review
Drug::莫米松,莫米松,莫米松,3,,manual_review
Drug::莫索尼定,莫索尼定,莫索尼定,2,,manual_review
Drug::莫诺拉韦,莫诺拉韦,molnupiravir|莫诺拉韦,2,,manual_review
Drug::莫达非尼,莫达非尼,莫达非尼,20,,manual_review
Drug::莫雷西嗪,莫雷西嗪,莫雷西嗪,1,,manual_review
Drug::莱菔子,莱菔子,莱菔子,2,,manual_review
Drug::菊花,菊花,菊花,3,,manual_review
Drug::菌苗,菌苗,菌苗,1,,manual_review
Drug::菟丝子,菟丝子,菟丝子,2,,manual_review
Drug::菠萝酶,菠萝酶,菠萝酶,1,,manual_review
Drug::萆薢,萆薢,萆薢,1,,manual_review
Drug::萘丁美酮,萘丁美酮,萘丁美酮|萘丁美酮分散片|萘丁美酮胶囊,7,,manual_review
Drug::萘发扎酮,萘发扎酮,萘发扎酮,1,,manual_review
Drug::萘哌地尔,萘哌地尔,萘哌地尔片|萘哌地尔胶囊,6,,manual_review
Drug::萘啶酮酸,萘啶酮酸,萘啶酮酸,1,,manual_review
Drug::萘啶酸,萘啶酸,萘啶酸,10,,manual_review
Drug::萘夫西林,萘夫西林,萘夫西林,4,,manual_review
Drug::萘敏维,萘敏维,萘敏维滴眼液,3,,manual_review
Drug::萘普生,萘普生,萘普生|萘普生片|萘普生缓释片,53,,manual_review
Drug::萘普生缓释,萘普生缓释,萘普生缓释胶囊,3,,manual_review
Drug::萘普生钠,萘普生钠,萘普生钠|萘普生钠片|萘普生钠胶囊,7,,manual_review
Drug::萘林那敏溴铵,萘林那敏溴铵,萘林那敏溴铵喷雾剂,3,,manual_review
Drug::萘法唑酮,萘法唑酮,萘法唑酮,2,,manual_review
Drug::萘羟心安,萘羟心安,萘羟心安,2,,manual_review
Drug::萘芬纳韦,萘芬纳韦,萘芬纳韦,2,,manual_review
Drug::萘黄酮,萘黄酮,萘黄酮,1,,manual_review
Drug::萝布麻,萝布麻,萝布麻,1,,manual_review
Drug::萝芙木生物碱,萝芙木生物碱,萝芙木生物碱,1,,manual_review
Drug::萝芙木碱,萝芙木碱,萝芙木碱,1,,manual_review
Drug::葛根,葛根,葛根,7,,manual_review
Drug::葛根素,葛根素,葛根素,6,,manual_review
Drug::葛根芩连汤,葛根芩连汤,葛根芩连汤,1,,manual_review
Drug::葡萄柚,葡萄柚,葡萄柚,1,,manual_review
Drug::葡萄籽提取物,葡萄籽提取物,葡萄籽提取物,1,,manual_review
Drug::葡萄糖,葡萄糖,5%葡萄糖注射液|葡萄糖|葡萄糖注射液,12,,manual_review
Drug::葡萄糖氯化钠,葡萄糖氯化钠,葡萄糖氯化钠,1,,manual_review
Drug::葡萄糖溶液,葡萄糖溶液,葡萄糖溶液,3,,manual_review
Drug::葡萄糖生理盐水,葡萄糖生理盐水,葡萄糖生理盐水,1,,manual_review
Drug::葡萄糖酸亚铁,葡萄糖酸亚铁,葡萄糖酸亚铁,1,,manual_review
Drug::葡萄糖酸钙,葡萄糖酸钙,葡萄糖酸钙|葡萄糖酸钙片,18,,manual_review
Drug::葡萄糖酸钙口服溶液,葡萄糖酸钙口服溶液,葡萄糖酸钙口服溶液,3,,manual_review
Drug::葡萄糖酸钙含,葡萄糖酸钙含,葡萄糖酸钙含片,3,,manual_review
Drug::葡萄糖酸钙维d2,葡萄糖酸钙维D2,葡萄糖酸钙维D2咀嚼片,2,,manual_review
Drug::葡萄糖酸钙锌口服溶液,葡萄糖酸钙锌口服溶液,葡萄糖酸钙锌口服溶液,3,,manual_review
Drug::葡萄糖酸锌,葡萄糖酸锌,葡萄糖酸锌咀嚼片|葡萄糖酸锌片|葡萄糖酸锌颗粒,9,,manual_review
Drug::葡萄糖酸锌口服溶液,葡萄糖酸锌口服溶液,葡萄糖酸锌口服溶液,3,,manual_review
Drug::葶贝,葶贝,葶贝胶囊,3,,manual_review
Drug::蒙脱石,蒙脱石,蒙脱石,2,,manual_review
Drug::蒲公英,蒲公英,蒲公英,2,,manual_review
Drug::蒺藜,蒺藜,蒺藜,1,,manual_review
Drug::蒽环类药物,蒽环类药物,蒽环类药物,1,,manual_review
Drug::蒽醌类化合物,蒽醌类化合物,蒽醌类化合物,1,,manual_review
Drug::蒿甲醚,蒿甲醚,蒿甲醚,4,,manual_review
Drug::薄芝糖肽,薄芝糖肽,薄芝糖肽注射液,3,,manual_review
Drug::薄荷,薄荷,薄荷,2,,manual_review
Drug::薄荷喉,薄荷喉,薄荷喉片,3,,manual_review
Drug::薯蓣皂苷,薯蓣皂苷,薯蓣皂苷|薯蓣皂苷片,4,,manual_review
Drug::薯蓣皂苷元,薯蓣皂苷元,薯蓣皂苷元,1,,manual_review
Drug::藁本,藁本,藁本,1,,manual_review
Drug::藕节,藕节,藕节,1,,manual_review
Drug::藜芦,藜芦,藜芦|黎芦,72,,manual_review
Drug::藜芦属生物碱,藜芦属生物碱,藜芦属生物硷|藜芦属生物碱,1,,manual_review
Drug::藜芦生物碱,藜芦生物碱,藜芦生物碱,1,,manual_review
Drug::藤茶,藤茶,藤茶,1,,manual_review
Drug::藻酸钠,藻酸钠,藻酸钠,2,,manual_review
Drug::藿香正气水,藿香正气水,藿香正气水,15,,manual_review
Drug::虎杖,虎杖,虎杖,6,,manual_review
Drug::虫草川贝膏,虫草川贝膏,虫草川贝膏,3,,manual_review
Drug::蚓激酶,蚓激酶,蚓激酶,1,,manual_review
Drug::蚓激酶肠溶,蚓激酶肠溶,蚓激酶肠溶胶囊,3,,manual_review
Drug::蛇胆,蛇胆,蛇胆,1,,manual_review
Drug::蛇莲,蛇莲,蛇莲胶囊,2,,manual_review
Drug::蛇麻花,蛇麻花,蛇麻花,1,,manual_review
Drug::蛋白水解酶,蛋白水解酶,蛋白水解酶,1,,manual_review
Drug::蛋白琥珀酸铁口服溶液,蛋白琥珀酸铁口服溶液,蛋白琥珀酸铁口服溶液,3,,manual_review
Drug::蛋白药物,蛋白药物,蛋白药物,2,,manual_review
Drug::蛋白质同化激素,蛋白质同化激素,蛋白质同化激素,1,,manual_review
Drug::蜂蜜,蜂蜜,蜂蜜,1,,manual_review
Drug::蝉花,蝉花,蝉花,1,,manual_review
Drug::蝮蛇抗栓酶,蝮蛇抗栓酶,蝮蛇抗栓酶,1,,manual_review
Drug::螺内酯,螺内酯,spironolactone|安体舒通|螺内酯|螺内酯片|螺旋内酯,89,,manual_review
Drug::螺哌隆,螺哌隆,螺哌隆,1,,manual_review
Drug::螺旋霉素,螺旋霉素,螺旋霉素,20,,manual_review
Drug::蟾酥,蟾酥,蟾酥,2,,manual_review
Drug::血余炭,血余炭,血余炭,1,,manual_review
Drug::血塞通,血塞通,血塞通,3,,manual_review
Drug::血府逐瘀汤,血府逐瘀汤,血府逐瘀汤,1,,manual_review
Drug::血栓溶解剂,血栓溶解剂,血栓溶解剂,6,,manual_review
Drug::血栓通,血栓通,血栓通,1,,manual_review
Drug::血根碱,血根碱,血根碱,1,,manual_review
Drug::血浆容积扩张剂,血浆容积扩张剂,血浆容积扩张剂,1,,manual_review
Drug::血浆蛋白,血浆蛋白,血浆蛋白,1,,manual_review
Drug::血液,血液,血液,1,,manual_review
Drug::血液制品,血液制品,血液制品,1,,manual_review
Drug::血管加压素,血管加压素,血管加压素,1,,manual_review
Drug::血管收缩剂,血管收缩剂,血管收缩剂,2,,manual_review
Drug::血管收缩药,血管收缩药,血管收缩药,1,,manual_review
Drug::血管紧张素转化酶抑制药,血管紧张素转化酶抑制药,血管紧张素转化酶抑制药,1,,manual_review
Drug::血脂康,血脂康,血脂康,2,,manual_review
Drug::补中益气,补中益气,补中益气丸|补中益气口服液|补中益气片,9,,manual_review
Drug::补中益气丸浓缩,补中益气丸浓缩,补中益气丸(浓缩丸),3,,manual_review
Drug::补中益气合剂,补中益气合剂,补中益气合剂,3,,manual_review
Drug::补中益气汤,补中益气汤,补中益气汤,3,,manual_review
Drug::补气和血,补气和血,补气和血胶囊,3,,manual_review
Drug::补益强心,补益强心,补益强心片,3,,manual_review
Drug::补肾复方汤剂,补肾复方汤剂,补肾复方汤剂,1,,manual_review
Drug::补肾益寿,补肾益寿,补肾益寿片|补肾益寿胶囊,6,,manual_review
Drug::补肾益脑,补肾益脑,补肾益脑丸,3,,manual_review
Drug::补肾药物,补肾药物,补肾药物,1,,manual_review
Drug::补钙剂,补钙剂,补钙剂,1,,manual_review
Drug::补钾剂,补钾剂,补钾剂,1,,manual_review
Drug::补钾药,补钾药,补钾药,3,,manual_review
Drug::补铁剂,补铁剂,补铁剂,2,,manual_review
Drug::补骨脂,补骨脂,补骨脂,6,,manual_review
Drug::补骨脂素,补骨脂素,补骨脂素,4,,manual_review
Drug::补骨脂苷,补骨脂苷,补骨脂苷,1,,manual_review
Drug::表小檗碱,表小檗碱,表小檗碱,1,,manual_review
Drug::表柔比星,表柔比星,表柔比星,3,,manual_review
Drug::表没食子儿茶素,表没食子儿茶素,表没食子儿茶素,2,,manual_review
Drug::表没食子儿茶素没食子酸酯,表没食子儿茶素没食子酸酯,EGCG|表没食子儿茶素没食子酸酯,5,,manual_review
Drug::表阿霉素,表阿霉素,表阿霉素,4,,manual_review
Drug::表鬼臼毒噻吩吡糖甙,表鬼臼毒噻吩吡糖甙,表鬼臼毒噻吩吡糖甙,2,,manual_review
Drug::袢利尿药,袢利尿药,袢利尿药,2,,manual_review
Drug::褪黑激素,褪黑激素,褪黑激素,1,,manual_review
Drug::褪黑素,褪黑素,褪黑素,1,,manual_review
Drug::西他列汀,西他列汀,西他列汀,1,,manual_review
Drug::西他沙星,西他沙星,西他沙星,1,,manual_review
Drug::西伐他停,西伐他停,西伐他停,1,,manual_review
Drug::西伐他汀,西伐他汀,西伐他汀,3,,manual_review
Drug::西利,西利,西利,1,,manual_review
Drug::西司他丁,西司他丁,西司他丁,9,,manual_review
Drug::西司他丁钠,西司他丁钠,西司他丁钠,1,,manual_review
Drug::西吡氯铵,西吡氯铵,西吡氯铵滴眼液,3,,manual_review
Drug::西吡氯铵含,西吡氯铵含,西吡氯铵含片,3,,manual_review
Drug::西味替丁,西味替丁,西味替丁,1,,manual_review
Drug::西咪匹韦,西咪匹韦,西咪匹韦,1,,manual_review
Drug::西咪替丁氯化钠,西咪替丁氯化钠,西咪替丁氯化钠注射液,3,,manual_review
Drug::西地兰,西地兰,西地兰,4,,manual_review
Drug::西地碘,西地碘,西地碘,1,,manual_review
Drug::西多福韦,西多福韦,西多福韦,1,,manual_review
Drug::西妥昔单抗,西妥昔单抗,西妥昔单抗|西妥昔单抗注射液,5,,manual_review
Drug::西尼地平,西尼地平,西尼地平,2,,manual_review
Drug::西尼必利,西尼必利,西尼必利,1,,manual_review
Drug::西布曲明,西布曲明,西布曲明,5,,manual_review
Drug::西替利嗪,西替利嗪,西替利嗪,7,,manual_review
Drug::西替立嗪,西替立嗪,西替立嗪,1,,manual_review
Drug::西柚汁,西柚汁,西柚汁,1,,manual_review
Drug::西格列他,西格列他,西格列他,2,,manual_review
Drug::西格列他钠,西格列他钠,西格列他钠,2,,manual_review
Drug::西格列汀,西格列汀,西格列汀,39,,manual_review
Drug::西格列汀二甲双胍片i,西格列汀二甲双胍片I,西格列汀二甲双胍片(I),3,,manual_review
Drug::西梅瑞韦,西梅瑞韦,SIM|SMV|simeprevir|西梅瑞韦,3,,manual_review
Drug::西梭霉素,西梭霉素,西梭霉素,1,,manual_review
Drug::西比灵,西比灵,西比灵,3,,manual_review
Drug::西沙必利,西沙必利,西沙必利|西沙必利胶囊,64,,manual_review
Drug::西沙必力,西沙必力,西沙必力,1,,manual_review
Drug::西沙比利,西沙比利,西沙比利,44,,manual_review
Drug::西洋参,西洋参,西洋参,2,,manual_review
Drug::西洛他唑,西洛他唑,西洛他唑|西洛他唑片|西洛他唑胶囊,13,,manual_review
Drug::西洛多辛,西洛多辛,西洛多辛,1,,manual_review
Drug::西立伐他汀,西立伐他汀,西立伐他汀,12,,manual_review
Drug::西米普丁,西米普丁,西米普丁,1,,manual_review
Drug::西米替丁,西米替丁,西米替丁,78,,manual_review
Drug::西索米星,西索米星,西索米星,1,,manual_review
Drug::西罗莫司,西罗莫司,RPM|sirolimus|西罗莫司|西罗莫司片,40,,manual_review
Drug::西罗莫司口服溶液,西罗莫司口服溶液,西罗莫司口服溶液,3,,manual_review
Drug::西美普韦,西美普韦,西美普韦,3,,manual_review
Drug::西美瑞韦,西美瑞韦,SIM|SMV|西美瑞韦,12,,manual_review
Drug::西肽普兰,西肽普兰,西肽普兰,1,,manual_review
Drug::西苯唑啉,西苯唑啉,西苯唑啉,1,,manual_review
Drug::西药,西药,西药,1,,manual_review
Drug::西莫沙酮,西莫沙酮,西莫沙酮,1,,manual_review
Drug::西达本胺,西达本胺,西达本胺,2,,manual_review
Drug::西达苯胺,西达苯胺,西达苯胺,1,,manual_review
Drug::西那卡塞,西那卡塞,西那卡塞,2,,manual_review
Drug::西酚普兰,西酚普兰,西酚普兰,1,,manual_review
Drug::西酞普兰,西酞普兰,citalopram|西肽普兰|西酞普兰,59,,manual_review
Drug::解毒通淋,解毒通淋,解毒通淋丸,3,,manual_review
Drug::解热止痛药,解热止痛药,解热止痛药,1,,manual_review
Drug::解热药,解热药,解热药,2,,manual_review
Drug::解热镇痛抗炎药,解热镇痛抗炎药,解热镇痛抗炎药,1,,manual_review
Drug::解热镇痛药,解热镇痛药,其他含有解热镇痛药的药品|解热镇痛药,13,,manual_review
Drug::解痉药,解痉药,解痉药,4,,manual_review
Drug::解磷定,解磷定,解磷定,3,,manual_review
Drug::诃子,诃子,诃子,3,,manual_review
Drug::诺斯卡品,诺斯卡品,诺斯卡品,1,,manual_review
Drug::诺欣妥,诺欣妥,诺欣妥,1,,manual_review
Drug::诺氟沙星,诺氟沙星,NFLX|诺氟沙星|诺氟沙星胶囊,93,,manual_review
Drug::诺氟沙星葡萄糖,诺氟沙星葡萄糖,诺氟沙星葡萄糖注射液,3,,manual_review
Drug::诺氟西汀,诺氟西汀,诺氟西汀,1,,manual_review
Drug::诺美沙星,诺美沙星,诺美沙星,1,,manual_review
Drug::调胃承气汤,调胃承气汤,调胃承气汤,1,,manual_review
Drug::调脂药,调脂药,调脂药,1,,manual_review
Drug::调节血脂药,调节血脂药,调节血脂药,1,,manual_review
Drug::谷氨酰胺,谷氨酰胺,谷氨酰胺胶囊,3,,manual_review
Drug::谷氨酸,谷氨酸,谷氨酸,4,,manual_review
Drug::谷氨酸盐,谷氨酸盐,谷氨酸盐,2,,manual_review
Drug::谷氨酸钠,谷氨酸钠,谷氨酸钠,6,,manual_review
Drug::谷氨酸钾,谷氨酸钾,谷氨酸钾,1,,manual_review
Drug::谷维素,谷维素,谷维素|谷维素片,4,,manual_review
Drug::谷胱甘肽,谷胱甘肽,谷胱甘肽|谷胱甘肽片,9,,manual_review
Drug::谷胱甘肽含,谷胱甘肽含,谷胱甘肽含片,3,,manual_review
Drug::豆蔻,豆蔻,豆蔻,2,,manual_review
Drug::贝伐单抗,贝伐单抗,贝伐单抗,2,,manual_review
Drug::贝伐珠单抗,贝伐珠单抗,贝伐珠单抗注射液,3,,manual_review
Drug::贝利司他,贝利司他,Belinostat|贝利司他,1,,manual_review
Drug::贝前列素,贝前列素,贝前列素,1,,manual_review
Drug::贝前列素钠,贝前列素钠,贝前列素钠|贝前列素钠片,3,,manual_review
Drug::贝复剂,贝复剂,贝复剂,1,,manual_review
Drug::贝尼地平,贝尼地平,贝尼地平,1,,manual_review
Drug::贝敏伪麻,贝敏伪麻,贝敏伪麻片,3,,manual_review
Drug::贝曲沙班,贝曲沙班,贝曲沙班,3,,manual_review
Drug::贝母,贝母,贝母,9,,manual_review
Drug::贝特类,贝特类,贝特类,1,,manual_review
Drug::贝特类调脂药,贝特类调脂药,贝特类调脂药,1,,manual_review
Drug::贝福替尼,贝福替尼,贝福替尼,1,,manual_review
Drug::贝美前列素,贝美前列素,贝美前列素滴眼液,3,,manual_review
Drug::贝美格,贝美格,贝美格,1,,manual_review
Drug::贝诺酯,贝诺酯,贝诺酯分散片|贝诺酯片|贝诺酯颗粒,9,,manual_review
Drug::贝诺酯维b1,贝诺酯维B1,贝诺酯维B1颗粒,3,,manual_review
Drug::贝达喹啉,贝达喹啉,BDQ|贝达喹啉,22,,manual_review
Drug::贝那普利,贝那普利,贝那普利,6,,manual_review
Drug::贯叶连翘,贯叶连翘,贯叶连翘,16,,manual_review
Drug::贯叶金丝桃,贯叶金丝桃,贯叶金丝桃,12,,manual_review
Drug::贯叶金丝桃提取物,贯叶金丝桃提取物,St. John's Wort|贯叶金丝桃提取物,3,,manual_review
Drug::贯叶金丝桃素,贯叶金丝桃素,贯叶金丝桃素,3,,manual_review
Drug::贻晗柠,贻晗柠,贻晗柠,3,,manual_review
Drug::赖氨匹林,赖氨匹林,赖氨匹林,1,,manual_review
Drug::赖氨肌醇维b12口服溶液,赖氨肌醇维B12口服溶液,赖氨肌醇维B12口服溶液,2,,manual_review
Drug::赖氨葡锌,赖氨葡锌,赖氨葡锌片|赖氨葡锌颗粒,6,,manual_review
Drug::赖氨酸磷酸氢钙,赖氨酸磷酸氢钙,赖氨酸磷酸氢钙颗粒,3,,manual_review
Drug::赖氨酸维b12,赖氨酸维B12,赖氨酸维B12颗粒,3,,manual_review
Drug::赖脯胰岛素,赖脯胰岛素,赖脯胰岛素,1,,manual_review
Drug::赖诺普利,赖诺普利,赖诺普利|赖诺普利片|赖诺普利胶囊,16,,manual_review
Drug::赖诺普利氢氯噻嗪,赖诺普利氢氯噻嗪,赖诺普利氢氯噻嗪片,3,,manual_review
Drug::赛伐他汀,赛伐他汀,赛伐他汀,1,,manual_review
Drug::赛庚啶,赛庚啶,赛庚啶,6,,manual_review
Drug::赛拉帕利,赛拉帕利,赛拉帕利,1,,manual_review
Drug::赛拉瑞韦钾,赛拉瑞韦钾,赛拉瑞韦钾,1,,manual_review
Drug::赛洛多辛,赛洛多辛,赛洛多辛胶囊,3,,manual_review
Drug::赛罗卡因,赛罗卡因,赛罗卡因,1,,manual_review
Drug::赤石脂,赤石脂,赤石脂,3,,manual_review
Drug::赤芍,赤芍,赤芍,1,,manual_review
Drug::车前子,车前子,车前子,1,,manual_review
Drug::车前番泻,车前番泻,车前番泻颗粒,3,,manual_review
Drug::转移因子口服溶液,转移因子口服溶液,转移因子口服溶液,3,,manual_review
Drug::软膏,软膏,软膏,1,,manual_review
Drug::轻泻剂,轻泻剂,轻泻剂,1,,manual_review
Drug::轻泻药,轻泻药,轻泻药,1,,manual_review
Drug::辅酶a,辅酶A,辅酶A,1,,manual_review
Drug::辅酶q10,辅酶Q10,辅酶Q10,4,,manual_review
Drug::辉瑞新药,辉瑞新药,辉瑞新药,10,,manual_review
Drug::辛伐他丁,辛伐他丁,辛伐他丁,3,,manual_review
Drug::辛伐他汀,辛伐他汀,Simvastatin|辛伐他汀|辛伐他汀分散片|辛伐他汀滴丸|辛伐他汀片|辛伐他汀胶囊,260,,manual_review
Drug::辛伐他汀酸,辛伐他汀酸,辛伐他汀酸,3,,manual_review
Drug::辣椒碱,辣椒碱,辣椒碱乳膏,3,,manual_review
Drug::辣椒素,辣椒素,辣椒素,1,,manual_review
Drug::辽藁本,辽藁本,辽藁本,1,,manual_review
Drug::达克宁口腔凝胶,达克宁口腔凝胶,达克宁口腔凝胶,1,,manual_review
Drug::达克替尼,达克替尼,达克替尼,4,,manual_review
Drug::达克珠单抗,达克珠单抗,达克珠单抗,1,,manual_review
Drug::达克罗宁氯己定硫,达克罗宁氯己定硫,达克罗宁氯己定硫软膏,3,,manual_review
Drug::达卡他韦,达卡他韦,DAC|DCV|daclatasvir|达卡他韦,9,,manual_review
Drug::达卡巴嗪,达卡巴嗪,达卡巴嗪,1,,manual_review
Drug::达可替尼,达可替尼,达可替尼,1,,manual_review
Drug::达喜,达喜,达喜,1,,manual_review
Drug::达塞布韦,达塞布韦,DAV|DSV|dasabuvir|达塞布韦,17,,manual_review
Drug::达如那韦,达如那韦,达如那韦,1,,manual_review
Drug::达尔西利,达尔西利,达尔西利,12,,manual_review
Drug::达托霉素,达托霉素,达托霉素,2,,manual_review
Drug::达拉他韦,达拉他韦,达拉他韦,12,,manual_review
Drug::达拉菲尼,达拉菲尼,达拉菲尼,1,,manual_review
Drug::达拉非尼,达拉非尼,达拉非尼,4,,manual_review
Drug::达普司他,达普司他,达普司他,2,,manual_review
Drug::达格列净,达格列净,达格列净|达格列净片,17,,manual_review
Drug::达比加群,达比加群,达比加群,25,,manual_review
Drug::达比加群酯,达比加群酯,达比加群酯|达比加群酯胶囊,41,,manual_review
Drug::达比加醇酯,达比加醇酯,Dabigatran|达比加醇酯,1,,manual_review
Drug::达沙布韦,达沙布韦,达沙布韦,2,,manual_review
Drug::达沙替尼,达沙替尼,达沙替尼|达沙替尼片,16,,manual_review
Drug::达泊西汀,达泊西汀,达泊西汀|达泊西汀片,9,,manual_review
Drug::达美康,达美康,达美康,1,,manual_review
Drug::达肝素,达肝素,达肝素,3,,manual_review
Drug::达芦那韦,达芦那韦,达芦那韦,16,,manual_review
Drug::达芦那韦利托那韦,达芦那韦/利托那韦,达芦那韦-利托那韦|达芦那韦/利托那韦,4,,manual_review
Drug::达芦那韦考比司他,达芦那韦考比司他,DRV/c|达芦那韦/考比司他|达芦那韦考比司他,7,,manual_review
Drug::达芬霖盐酸羟甲唑啉,达芬霖盐酸羟甲唑啉,达芬霖盐酸羟甲唑啉喷雾剂,3,,manual_review
Drug::达菲,达菲,达菲,2,,manual_review
Drug::达萨布韦,达萨布韦,达萨布韦,1,,manual_review
Drug::达诺瑞韦,达诺瑞韦,达诺瑞韦,1,,manual_review
Drug::达诺瑞韦钠,达诺瑞韦钠,达诺瑞韦钠,6,,manual_review
Drug::达那唑,达那唑,达那唑|达那唑胶囊,24,,manual_review
Drug::达非那新,达非那新,达非那新,1,,manual_review
Drug::达鲁那韦利托那韦,达鲁那韦/利托那韦,达鲁那韦-利托那韦|达鲁那韦/利托那韦,1,,manual_review
Drug::过氧化氢溶液,过氧化氢溶液,过氧化氢溶液,3,,manual_review
Drug::过氧化苯甲酰,过氧化苯甲酰,过氧化苯甲酰|过氧化苯甲酰水性凝胶,5,,manual_review
Drug::过氧苯甲酰,过氧苯甲酰,过氧苯甲酰,2,,manual_review
Drug::过氧苯甲酰凝胶,过氧苯甲酰凝胶,过氧苯甲酰凝胶,3,,manual_review
Drug::远志,远志,远志,3,,manual_review
Drug::连翘,连翘,连翘,7,,manual_review
Drug::连翘挥发油,连翘挥发油,连翘挥发油,1,,manual_review
Drug::连翘酯苷a,连翘酯苷A,连翘酯苷A,1,,manual_review
Drug::连花清瘟,连花清瘟,连花清瘟,3,,manual_review
Drug::迪尔诺,迪尔诺,迪尔诺,3,,manual_review
Drug::迭康唑,迭康唑,迭康唑,1,,manual_review
Drug::迷迭香,迷迭香,迷迭香,1,,manual_review
Drug::透明质酸酶,透明质酸酶,透明质酸酶,1,,manual_review
Drug::速克感冒,速克感冒,速克感冒胶囊,2,,manual_review
Drug::速尿,速尿,速尿,54,,manual_review
Drug::速效胰岛素类似物,速效胰岛素类似物,速效胰岛素类似物,2,,manual_review
Drug::造影剂,造影剂,造影剂,3,,manual_review
Drug::避孕套,避孕套,避孕套,1,,manual_review
Drug::避孕药,避孕药,避孕药,62,,manual_review
Drug::避孕药雌激素类,避孕药雌激素类,避孕药(雌激素类),4,,manual_review
Drug::那托那韦,那托那韦,那托那韦,1,,manual_review
Drug::那格列奈,那格列奈,那格列奈|那格列奈片,19,,manual_review
Drug::那非那韦,那非那韦,那非那韦,9,,manual_review
Drug::郁金,郁金,郁金,5,,manual_review
Drug::都可喜,都可喜,都可喜,1,,manual_review
Drug::酊剂,酊剂,酊剂,7,,manual_review
Drug::酒大黄,酒大黄,酒大黄,1,,manual_review
Drug::酒石酸伐尼克兰,酒石酸伐尼克兰,酒石酸伐尼克兰|酒石酸伐尼克兰片,6,,manual_review
Drug::酒石酸唑吡坦,酒石酸唑吡坦,酒石酸唑吡坦,1,,manual_review
Drug::酒石酸托特罗定,酒石酸托特罗定,酒石酸托特罗定片,3,,manual_review
Drug::酒石酸托特罗定缓释,酒石酸托特罗定缓释,酒石酸托特罗定缓释胶囊,3,,manual_review
Drug::酒石酸溴莫尼定,酒石酸溴莫尼定,酒石酸溴奠尼定滴眼液|酒石酸溴莫尼定滴眼液,5,,manual_review
Drug::酒石酸盐,酒石酸盐,酒石酸盐,1,,manual_review
Drug::酒石酸罗格列酮,酒石酸罗格列酮,酒石酸罗格列酮分散片|酒石酸罗格列酮片,5,,manual_review
Drug::酒石酸美托洛尔,酒石酸美托洛尔,酒石酸美托洛尔|酒石酸美托洛尔注射液|酒石酸美托洛尔片|酒石酸美托洛尔缓释片,13,,manual_review
Drug::酒石酸美托洛尔缓释片ii,酒石酸美托洛尔缓释片II,酒石酸美托洛尔缓释片(II),3,,manual_review
Drug::酒石酸锑钾,酒石酸锑钾,酒石酸锑钾,1,,manual_review
Drug::酒精,酒精,乙醇|酒精,47,,manual_review
Drug::酚,酚,酚,3,,manual_review
Drug::酚咖,酚咖,酚咖片,3,,manual_review
Drug::酚噻嗪,酚噻嗪,酚噻嗪,2,,manual_review
Drug::酚噻嗪类,酚噻嗪类,酚噻嗪类,1,,manual_review
Drug::酚妥拉明,酚妥拉明,酚妥拉明,30,,manual_review
Drug::酚氨咖敏,酚氨咖敏,酚氨咖敏片,3,,manual_review
Drug::酚磺乙胺氯化钠,酚磺乙胺氯化钠,酚磺乙胺氯化钠注射液,3,,manual_review
Drug::酚磺酞,酚磺酞,酚磺酞,1,,manual_review
Drug::酚红,酚红,酚红,1,,manual_review
Drug::酚苄明,酚苄明,酚苄明,2,,manual_review
Drug::酚麻美敏,酚麻美敏,酚麻美敏|酚麻美敏混悬液/片,1,,manual_review
Drug::酞胺咪嗪,酞胺咪嗪,酞胺咪嗪,1,,manual_review
Drug::酣乐欣,酣乐欣,酣乐欣,1,,manual_review
Drug::酪胺,酪胺,酪胺,2,,manual_review
Drug::酪酸梭菌二联活菌,酪酸梭菌二联活菌,酪酸梭菌二联活菌散|酪酸梭菌二联活菌胶囊,6,,manual_review
Drug::酪酸梭菌活菌,酪酸梭菌活菌,酪酸梭菌|酪酸梭菌活菌散|酪酸梭菌活菌片|酪酸梭菌活菌胶囊,11,,manual_review
Drug::酪酸梭菌肠球菌三联活菌,酪酸梭菌肠球菌三联活菌,酪酸梭菌肠球菌三联活菌片,3,,manual_review
Drug::酮咯酸,酮咯酸,酮咯酸,1,,manual_review
Drug::酮咯酸氨丁三醇,酮咯酸氨丁三醇,酮咯酸氨丁三醇滴眼液,3,,manual_review
Drug::酮基布洛芬,酮基布洛芬,酮基布洛芬,1,,manual_review
Drug::酮康唑,酮康唑,KTZ|酮康唑,465,,manual_review
Drug::酮替芬,酮替芬,酮替芬,4,,manual_review
Drug::酮洛芬,酮洛芬,酮洛芬,5,,manual_review
Drug::酮洛芬缓释,酮洛芬缓释,酮洛芬缓释胶囊,3,,manual_review
Drug::酯甲,酯甲,酯甲,1,,manual_review
Drug::酰胺咪嗪,酰胺咪嗪,酰胺咪嗪,48,,manual_review
Drug::酰脲类,酰脲类,酰脲类,1,,manual_review
Drug::酶类药物,酶类药物,酶类药物,1,,manual_review
Drug::酸性药物,酸性药物,酸性药物|酸性较强药物,2,,manual_review
Drug::酸枣仁,酸枣仁,酸枣仁,3,,manual_review
Drug::酸橙,酸橙,酸橙,2,,manual_review
Drug::酸橙提取物,酸橙提取物,酸橙提取物,2,,manual_review
Drug::酸碱性药物,酸碱性药物,酸碱性药物,1,,manual_review
Drug::醋丁洛尔,醋丁洛尔,醋丁洛尔,1,,manual_review
Drug::醋丁酰心安,醋丁酰心安,醋丁酰心安,2,,manual_review
Drug::醋丁酰胺,醋丁酰胺,醋丁酰胺,1,,manual_review
Drug::醋制五味子,醋制五味子,醋制五味子,1,,manual_review
Drug::醋己磺脲,醋己磺脲,醋己磺脲,1,,manual_review
Drug::醋氨己酸锌,醋氨己酸锌,醋氨己酸锌胶囊,3,,manual_review
Drug::醋氨酚,醋氨酚,醋氨酚,7,,manual_review
Drug::醋氯芬酸,醋氯芬酸,醋氯芬酸分散片|醋氯芬酸片|醋氯芬酸缓释片|醋氯芬酸肠溶片|醋氯芬酸胶囊,15,,manual_review
Drug::醋氯芬酸肠溶,醋氯芬酸肠溶,醋氯芬酸肠溶胶囊,3,,manual_review
Drug::醋炙柴胡,醋炙柴胡,醋炙柴胡,1,,manual_review
Drug::醋甲唑胺,醋甲唑胺,醋甲唑胺|醋甲唑胺片,4,,manual_review
Drug::醋硝香豆素,醋硝香豆素,醋硝香豆素,6,,manual_review
Drug::醋磺己脲,醋磺己脲,醋磺己脲,1,,manual_review
Drug::醋磺环己脲,醋磺环己脲,醋磺环己脲,1,,manual_review
Drug::醋磺环已脲,醋磺环已脲,醋磺环已脲,1,,manual_review
Drug::醋竹桃霉素,醋竹桃霉素,醋竹桃霉素,24,,manual_review
Drug::醋羟胺酸,醋羟胺酸,醋羟胺酸胶囊,3,,manual_review
Drug::醋酸卡泊芬净,醋酸卡泊芬净,醋酸卡泊芬净,1,,manual_review
Drug::醋酸去氨加压素,醋酸去氨加压素,醋酸去氨加压素片,3,,manual_review
Drug::醋酸可的松,醋酸可的松,醋酸可的松|醋酸可的松注射液|醋酸可的松滴眼液|醋酸可的松片,10,,manual_review
Drug::醋酸可的松眼膏,醋酸可的松眼膏,醋酸可的松眼膏,3,,manual_review
Drug::醋酸地塞米松,醋酸地塞米松,醋酸地塞米松|醋酸地塞米松乳膏|醋酸地塞米松注射液|醋酸地塞米松片,12,,manual_review
Drug::醋酸地塞米松微粉化,醋酸地塞米松微粉化,醋酸地塞米松(微粉化),3,,manual_review
Drug::醋酸奥曲肽,醋酸奥曲肽,醋酸奥曲肽注射液,3,,manual_review
Drug::醋酸曲安奈德,醋酸曲安奈德,醋酸曲安奈德|醋酸曲安奈德注射液,4,,manual_review
Drug::醋酸氢化可的松,醋酸氢化可的松,醋酸氢化可的松注射液|醋酸氢化可的松片,6,,manual_review
Drug::醋酸氢化可的松眼膏,醋酸氢化可的松眼膏,醋酸氢化可的松眼膏,3,,manual_review
Drug::醋酸氯己定,醋酸氯己定,醋酸氯己定|醋酸氯己定软膏,5,,manual_review
Drug::醋酸氯己定栓,醋酸氯己定栓,醋酸氯己定栓,3,,manual_review
Drug::醋酸氯己定溶液,醋酸氯己定溶液,醋酸氯己定溶液,2,,manual_review
Drug::醋酸氯己定痔疮栓,醋酸氯己定痔疮栓,醋酸氯己定痔疮栓,3,,manual_review
Drug::醋酸氯羟去甲安定,醋酸氯羟去甲安定,醋酸氯羟去甲安定,1,,manual_review
Drug::醋酸泼尼松,醋酸泼尼松,醋酸泼尼松|醋酸泼尼松片,10,,manual_review
Drug::醋酸泼尼松龙,醋酸泼尼松龙,醋酸泼尼松龙|醋酸泼尼松龙注射液|醋酸泼尼松龙片,7,,manual_review
Drug::醋酸洗必泰栓,醋酸洗必泰栓,醋酸洗必泰栓,3,,manual_review
Drug::醋酸环丙孕酮,醋酸环丙孕酮,醋酸环丙孕酮片,3,,manual_review
Drug::醋酸甲地孕酮,醋酸甲地孕酮,醋酸甲地孕酮片,3,,manual_review
Drug::醋酸甲孕酮,醋酸甲孕酮,醋酸甲孕酮,1,,manual_review
Drug::醋酸甲羟孕酮,醋酸甲羟孕酮,醋酸甲羟孕酮|醋酸甲羟孕酮注射液|醋酸甲羟孕酮片,10,,manual_review
Drug::醋酸甲萘氢醌,醋酸甲萘氢醌,醋酸甲萘氢醌片,2,,manual_review
Drug::醋酸艾司利卡西平,醋酸艾司利卡西平,醋酸艾司利卡西平,1,,manual_review
Drug::醋酸钙,醋酸钙,醋酸钙|醋酸钙片|醋酸钙胶囊|醋酸钙颗粒,12,,manual_review
Drug::醋酸钠林格,醋酸钠林格,醋酸钠林格注射液,3,,manual_review
Drug::醋酸锂sr,醋酸锂SR,醋酸锂SR,2,,manual_review
Drug::醋酸阿比特龙,醋酸阿比特龙,醋酸阿比特龙|醋酸阿比特龙片|阿比特龙,5,,manual_review
Drug::醋酸麦迪霉素,醋酸麦迪霉素,醋酸麦迪霉素颗粒,3,,manual_review
Drug::采森牌多种维生素,采森牌多种维生素,采森牌多种维生素片,3,,manual_review
Drug::里奥西呱,里奥西呱,里奥西呱,3,,manual_review
Drug::重楼皂苷,重楼皂苷,重楼皂苷,1,,manual_review
Drug::重组乙型肝炎疫苗酿酒酵母,重组乙型肝炎疫苗酿酒酵母,重组乙型肝炎疫苗(酿酒酵母),3,,manual_review
Drug::重组人5型腺病毒,重组人5型腺病毒,重组人5型腺病毒注射液,3,,manual_review
Drug::重组人干扰素α2a,重组人干扰素α2a,注射用重组人干扰素α-2a|重组人干扰素α2a,1,,manual_review
Drug::重组人干扰素α2b,重组人干扰素α2b,重组人干扰素α2b乳膏|重组人干扰素α2b注射液|重组人干扰素α2b滴眼液,9,,manual_review
Drug::重组人血管内皮抑制素,重组人血管内皮抑制素,重组人血管内皮抑制素,1,,manual_review
Drug::重组水蛭素,重组水蛭素,重组水蛭素,1,,manual_review
Drug::重组甘精胰岛素,重组甘精胰岛素,重组甘精胰岛素注射液,3,,manual_review
Drug::重酒石酸卡巴拉汀,重酒石酸卡巴拉汀,重酒石酸卡巴拉汀胶囊,3,,manual_review
Drug::重金属,重金属,重金属,1,,manual_review
Drug::野百合碱,野百合碱,野百合碱,1,,manual_review
Drug::野菊花,野菊花,野菊花,1,,manual_review
Drug::金丝桃,金丝桃,金丝桃,3,,manual_review
Drug::金丝桃提取物,金丝桃提取物,金丝桃提取物,1,,manual_review
Drug::金丝桃素,金丝桃素,金丝桃素,5,,manual_review
Drug::金丝桃草,金丝桃草,金丝桃草,1,,manual_review
Drug::金丝桃蒽酮,金丝桃蒽酮,金丝桃蒽酮,1,,manual_review
Drug::金刚烷胺,金刚烷胺,金刚烷胺,31,,manual_review
Drug::金刚胺,金刚胺,金刚胺,1,,manual_review
Drug::金双歧,金双歧,金双歧,1,,manual_review
Drug::金感,金感,金感胶囊,3,,manual_review
Drug::金戈,金戈,金戈,1,,manual_review
Drug::金硫丁二钠,金硫丁二钠,金硫丁二钠,1,,manual_review
Drug::金诺芬,金诺芬,金诺芬,1,,manual_review
Drug::金贝小儿碳酸钙d3,金贝小儿碳酸钙D3,金贝 小儿碳酸钙D3颗粒,3,,manual_review
Drug::金贝碳酸钙d3咀嚼片ii,金贝碳酸钙D3咀嚼片II,金贝 碳酸钙D3咀嚼片（II）,3,,manual_review
Drug::金钱松,金钱松,金钱松,1,,manual_review
Drug::金钱草,金钱草,金钱草,1,,manual_review
Drug::金银花,金银花,金银花,6,,manual_review
Drug::金雀异黄素,金雀异黄素,金雀异黄素,1,,manual_review
Drug::金霉素,金霉素,盐酸金霉素|金霉素,11,,manual_review
Drug::金黄色葡萄球菌,金黄色葡萄球菌,金黄色葡萄球菌,1,,manual_review
Drug::钆双胺,钆双胺,钆双胺,2,,manual_review
Drug::钆喷酸葡胺,钆喷酸葡胺,钆喷酸葡胺,2,,manual_review
Drug::钆塞酸二钠,钆塞酸二钠,钆塞酸二钠,2,,manual_review
Drug::钆布醇,钆布醇,钆布醇,1,,manual_review
Drug::钆弗塞胺,钆弗塞胺,钆弗塞胺,2,,manual_review
Drug::钆特酸葡胺,钆特酸葡胺,钆特酸葡胺,1,,manual_review
Drug::钆特醇,钆特醇,钆特醇,1,,manual_review
Drug::钆贝葡胺,钆贝葡胺,钆贝葡胺,2,,manual_review
Drug::钙,钙,钙,13,,manual_review
Drug::钙剂,钙剂,钙剂,26,,manual_review
Drug::钙尔奇,钙尔奇,钙尔奇,2,,manual_review
Drug::钙盐,钙盐,钙盐,16,,manual_review
Drug::钙离子,钙离子,钙离子,1,,manual_review
Drug::钠,钠,钠,1,,manual_review
Drug::钠盐,钠盐,钠盐,1,,manual_review
Drug::钩藤,钩藤,钩藤,1,,manual_review
Drug::钾,钾,钾,3,,manual_review
Drug::钾利尿药,钾利尿药,钾利尿药,1,,manual_review
Drug::钾的利尿药,钾的利尿药,钾的利尿药,1,,manual_review
Drug::钾盐,钾盐,钾盐,4,,manual_review
Drug::钾碱合剂,钾碱合剂,钾碱合剂,1,,manual_review
Drug::钾离子,钾离子,钾离子,1,,manual_review
Drug::钾补充剂,钾补充剂,钾离子补充剂|钾补充剂,3,,manual_review
Drug::铁,铁,铁,6,,manual_review
Drug::铁剂,铁剂,铁剂,94,,manual_review
Drug::铁抗酸药,铁抗酸药,铁抗酸药,2,,manual_review
Drug::铁盐,铁盐,铁盐,39,,manual_review
Drug::铁补充剂,铁补充剂,铁补充剂,1,,manual_review
Drug::铅,铅,铅,1,,manual_review
Drug::铅制品,铅制品,铅制品,1,,manual_review
Drug::铋,铋,铋,1,,manual_review
Drug::铋剂,铋剂,铋剂,13,,manual_review
Drug::铋剂碱式水杨酸铋,铋剂碱式水杨酸铋,铋剂碱式水杨酸铋,1,,manual_review
Drug::铜制品,铜制品,铜制品,1,,manual_review
Drug::铜锌等金属离子,铜锌等金属离子,铜锌等金属离子,1,,manual_review
Drug::铝,铝,铝,5,,manual_review
Drug::铝镁抗酸剂,铝/镁抗酸剂,铝/镁抗酸剂|铝镁抗酸剂,3,,manual_review
Drug::铝剂,铝剂,铝剂,1,,manual_review
Drug::铝抗酸药,铝抗酸药,铝抗酸药,2,,manual_review
Drug::铝盐,铝盐,铝盐,1,,manual_review
Drug::铝碳酸镁,铝碳酸镁,铝碳酸镁|铝碳酸镁咀嚼片|铝碳酸镁片|铝碳酸镁颗粒,15,,manual_review
Drug::铝镁二甲硅油,铝镁二甲硅油,铝镁二甲硅油咀嚼片,3,,manual_review
Drug::铝镁加,铝镁加,铝镁加,1,,manual_review
Drug::铝镁加混悬液,铝镁加混悬液,铝镁加混悬液,3,,manual_review
Drug::铝镁合剂,铝镁合剂,铝镁合剂,1,,manual_review
Drug::铝镁混悬液ⅱ,铝镁混悬液Ⅱ,铝镁混悬液(Ⅱ),3,,manual_review
Drug::铝镁颠茄,铝镁颠茄,铝镁颠茄片,2,,manual_review
Drug::银杏,银杏,银杏,11,,manual_review
Drug::银杏叶,银杏叶,银杏叶|银杏叶提取物|银杏叶片,12,,manual_review
Drug::银杏叶口服溶液,银杏叶口服溶液,银杏叶口服溶液,2,,manual_review
Drug::银杏叶提取物,银杏叶提取物,银杏叶提取物|银杏叶提取物片,4,,manual_review
Drug::银杏提取物,银杏提取物,银杏提取物,3,,manual_review
Drug::银杏萜内酯,银杏萜内酯,银杏萜内酯,1,,manual_review
Drug::银杏达莫,银杏达莫,银杏达莫,1,,manual_review
Drug::银杏酸,银杏酸,银杏酸,1,,manual_review
Drug::银杏黄酮,银杏黄酮,银杏黄酮,2,,manual_review
Drug::银盐,银盐,银盐,1,,manual_review
Drug::银花,银花,银花,1,,manual_review
Drug::银黄清肺,银黄清肺,银黄清肺胶囊,3,,manual_review
Drug::链佐星,链佐星,链佐星,8,,manual_review
Drug::链激酶,链激酶,链激酶,20,,manual_review
Drug::链脲霉素,链脲霉素,链脲霉素,3,,manual_review
Drug::链霉素,链霉素,链霉素,89,,manual_review
Drug::锂剂,锂剂,锂剂,25,,manual_review
Drug::锂盐,锂盐,锂盐,82,,manual_review
Drug::锌,锌,锌,3,,manual_review
Drug::锌剂,锌剂,锌剂,1,,manual_review
Drug::锌盐,锌盐,锌盐,1,,manual_review
Drug::错酸氯已定溶液,错酸氯已定溶液,错酸氯已定溶液,1,,manual_review
Drug::锝99m,锝-99m,99mTc|锝-99m,1,,manual_review
Drug::锡类,锡类,锡类散,4,,manual_review
Drug::镁,镁,镁,11,,manual_review
Drug::镁乳剂,镁乳剂,镁乳剂,1,,manual_review
Drug::镁剂,镁剂,镁剂,11,,manual_review
Drug::镁加铝,镁加铝,镁加铝|镁加铝咀嚼片,4,,manual_review
Drug::镁抗酸药,镁抗酸药,镁抗酸药,2,,manual_review
Drug::镁盐,镁盐,镁盐,3,,manual_review
Drug::镁离子,镁离子,镁离子,2,,manual_review
Drug::镁铝氢氧化物抗酸药,镁铝氢氧化物抗酸药,镁铝氢氧化物抗酸药,1,,manual_review
Drug::镇咳宁含,镇咳宁含,镇咳宁含片,2,,manual_review
Drug::镇咳药,镇咳药,镇咳药,2,,manual_review
Drug::镇痛新,镇痛新,镇痛新,2,,manual_review
Drug::镇痛药,镇痛药,镇痛药,2,,manual_review
Drug::镇静催眠药物,镇静催眠药物,镇静催眠药物,1,,manual_review
Drug::镇静剂,镇静剂,镇静剂,3,,manual_review
Drug::镇静安眠剂,镇静安眠剂,镇静安眠剂,1,,manual_review
Drug::镇静安眠药,镇静安眠药,镇静安眠药,1,,manual_review
Drug::镇静止痛药,镇静止痛药,镇静止痛药,1,,manual_review
Drug::镇静药,镇静药,镇静药,4,,manual_review
Drug::镭223,镭-223,镭-223,1,,manual_review
Drug::长作用硝酸酯类,长作用硝酸酯类,长作用硝酸酯类,1,,manual_review
Drug::长压定,长压定,长压定,1,,manual_review
Drug::长效硝酸盐,长效硝酸盐,长效硝酸盐,2,,manual_review
Drug::长效磺胺,长效磺胺,长效磺胺,2,,manual_review
Drug::长春地辛,长春地辛,长春地辛,3,,manual_review
Drug::长春新碱,长春新碱,长春新碱,39,,manual_review
Drug::长春瑞滨,长春瑞滨,长春瑞滨,2,,manual_review
Drug::长春益寿膏,长春益寿膏,长春益寿膏,3,,manual_review
Drug::长春碱,长春碱,长春碱,13,,manual_review
Drug::长春碱类,长春碱类,长春碱类,1,,manual_review
Drug::长春碱酰胺,长春碱酰胺,长春碱酰胺,3,,manual_review
Drug::长春胺,长春胺,长春胺,1,,manual_review
Drug::长春花碱,长春花碱,长春花碱,2,,manual_review
Drug::长春西汀,长春西汀,长春西汀|长春西汀片,5,,manual_review
Drug::长春西汀葡萄糖,长春西汀葡萄糖,长春西汀葡萄糖注射液,3,,manual_review
Drug::门冬氨酸钾镁,门冬氨酸钾镁,门冬氨酸钾镁|门冬氨酸钾镁片,3,,manual_review
Drug::门冬胰岛素,门冬胰岛素,门冬胰岛素,3,,manual_review
Drug::间接作用拟交感胺,间接作用拟交感胺,间接作用拟交感胺,1,,manual_review
Drug::间羟胺,间羟胺,间羟胺,17,,manual_review
Drug::间苯二酚,间苯二酚,间苯二酚,1,,manual_review
Drug::闷可乐,闷可乐,闷可乐,1,,manual_review
Drug::防己,防己,防己,3,,manual_review
Drug::防己黄芪汤,防己黄芪汤,防己黄芪汤,2,,manual_review
Drug::防晒霜,防晒霜,防晒霜,1,,manual_review
Drug::防风,防风,防风,1,,manual_review
Drug::阳离子表面活性剂,阳离子表面活性剂,阳离子表面活性剂,1,,manual_review
Drug::阳起石,阳起石,阳起石,1,,manual_review
Drug::阴离子表面活性剂,阴离子表面活性剂,阴离子表面活性剂,1,,manual_review
Drug::阴道避孕隔膜,阴道避孕隔膜,阴道避孕隔膜,1,,manual_review
Drug::阿义马林,阿义马林,缓脉灵|阿义马林,2,,manual_review
Drug::阿仑磷酸盐,阿仑磷酸盐,阿仑磷酸盐,2,,manual_review
Drug::阿仑膦酸盐,阿仑膦酸盐,阿仑膦酸盐,2,,manual_review
Drug::阿仑膦酸钠,阿仑膦酸钠,阿仑膦酸钠|阿仑膦酸钠片,13,,manual_review
Drug::阿仑膦酸钠维d3,阿仑膦酸钠维D3,阿仑膦酸钠维D3片,3,,manual_review
Drug::阿仑膦酸钠维d3片ⅱ,阿仑膦酸钠维D3片Ⅱ,阿仑膦酸钠维D3片(Ⅱ),3,,manual_review
Drug::阿伐斯汀,阿伐斯汀,阿伐斯汀胶囊,3,,manual_review
Drug::阿伐那非,阿伐那非,阿伐那非,4,,manual_review
Drug::阿伦磷酸钠,阿伦磷酸钠,阿伦磷酸钠,3,,manual_review
Drug::阿克罗霉素,阿克罗霉素,阿克罗霉素,1,,manual_review
Drug::阿兹夫定,阿兹夫定,阿兹夫定,5,,manual_review
Drug::阿利克仑,阿利克仑,阿利克仑,3,,manual_review
Drug::阿利单抗,阿利单抗,阿利单抗,2,,manual_review
Drug::阿利吉仑,阿利吉仑,阿利吉仑,21,,manual_review
Drug::阿利吉伦,阿利吉伦,阿利吉伦,2,,manual_review
Drug::阿利沙坦,阿利沙坦,阿利沙坦,2,,manual_review
Drug::阿加曲班,阿加曲班,阿加曲班|阿加曲班注射液,6,,manual_review
Drug::阿卡替尼,阿卡替尼,阿卡替尼,1,,manual_review
Drug::阿卡波糖,阿卡波糖,阿卡波糖|阿卡波糖咀嚼片|阿卡波糖片|阿卡波糖胶囊,80,,manual_review
Drug::阿可替尼,阿可替尼,阿可替尼,1,,manual_review
Drug::阿司匹林双嘧达莫缓释,阿司匹林双嘧达莫缓释,阿司匹林双嘧达莫缓释胶囊,3,,manual_review
Drug::阿司匹林栓,阿司匹林栓,阿司匹林栓,3,,manual_review
Drug::阿司匹林维c,阿司匹林维C,阿司匹林维C肠溶片,3,,manual_review
Drug::阿司匹林维c肠溶,阿司匹林维C肠溶,阿司匹林维C肠溶胶囊,3,,manual_review
Drug::阿司匹林维生素c,阿司匹林维生素C,阿司匹林维生素C分散片|阿司匹林维生素C泡腾片,6,,manual_review
Drug::阿司匹林缓释,阿司匹林缓释,阿司匹林缓释胶囊,3,,manual_review
Drug::阿司匹林肠溶,阿司匹林肠溶,阿司匹林肠溶缓释片|阿司匹林肠溶胶囊,6,,manual_review
Drug::阿司匹林锌,阿司匹林锌,阿司匹林锌胶囊,3,,manual_review
Drug::阿司咪哇,阿司咪哇,阿司咪哇,1,,manual_review
Drug::阿司咪唑,阿司咪唑,阿司咪唑,109,,manual_review
Drug::阿司哌替林,阿司哌替林,阿司哌替林,1,,manual_review
Drug::阿司米唑,阿司米唑,阿司米唑,3,,manual_review
Drug::阿咖,阿咖,阿咖片,3,,manual_review
Drug::阿咖酚,阿咖酚,阿咖酚散|阿咖酚胶囊,6,,manual_review
Drug::阿哌沙班,阿哌沙班,阿哌沙班,43,,manual_review
Drug::阿塞那平,阿塞那平,阿塞那平,2,,manual_review
Drug::阿夫唑嗪,阿夫唑嗪,阿夫唑嗪,2,,manual_review
Drug::阿奇红霉素,阿奇红霉素,阿奇红霉素,1,,manual_review
Drug::阿奇霉素干混悬剂,阿奇霉素干混悬剂,阿奇霉素干混悬剂,3,,manual_review
Drug::阿奇霉素水合物,阿奇霉素水合物,阿奇霉素水合物,1,,manual_review
Drug::阿奇霉素肠溶胶囊微丸型,阿奇霉素肠溶胶囊微丸型,阿奇霉素肠溶胶囊(微丸型),3,,manual_review
Drug::阿奇霉素葡萄糖,阿奇霉素葡萄糖,阿奇霉素葡萄糖注射液,3,,manual_review
Drug::阿奇霉素软,阿奇霉素软,阿奇霉素软胶囊,3,,manual_review
Drug::阿密替林,阿密替林,阿密替林,6,,manual_review
Drug::阿尼芬净,阿尼芬净,阿尼芬净,4,,manual_review
Drug::阿巴卡韦,阿巴卡韦,ABC|阿巴卡韦,13,,manual_review
Drug::阿帕替尼,阿帕替尼,阿帕替尼,10,,manual_review
Drug::阿帕鲁胺,阿帕鲁胺,阿帕鲁胺,1,,manual_review
Drug::阿德福韦,阿德福韦,阿德福韦,8,,manual_review
Drug::阿德福韦酯,阿德福韦酯,阿德福韦酯|阿德福韦酯分散片|阿德福韦酯片|阿德福韦酯胶囊,10,,manual_review
Drug::阿戈美拉汀,阿戈美拉汀,阿戈美拉汀|阿戈美拉汀片,4,,manual_review
Drug::阿扎丙宗,阿扎丙宗,阿扎丙宗,1,,manual_review
Drug::阿扎丙酮,阿扎丙酮,阿扎丙酮,8,,manual_review
Drug::阿扎胞苷,阿扎胞苷,阿扎胞苷,1,,manual_review
Drug::阿扎那韦,阿扎那韦,阿扎那韦,40,,manual_review
Drug::阿扎那韦利托那韦,阿扎那韦/利托那韦,阿扎那韦-利托那韦|阿扎那韦/利托那韦,3,,manual_review
Drug::阿扑吗啡,阿扑吗啡,阿扑吗啡,2,,manual_review
Drug::阿托他汀,阿托他汀,阿托他汀,1,,manual_review
Drug::阿托他汀内酯,阿托他汀内酯,阿托他汀内酯,1,,manual_review
Drug::阿托伐他汀钙,阿托伐他汀钙,阿托伐他汀钙|阿托伐他汀钙片|阿托伐他汀钙胶囊,12,,manual_review
Drug::阿托伐醌,阿托伐醌,Atovaquone|阿托伐醌,2,,manual_review
Drug::阿托品,阿托品,硫酸阳托品|阿托品,70,,manual_review
Drug::阿托品类,阿托品类,阿托品类,1,,manual_review
Drug::阿托品类药物,阿托品类药物,阿托品类药物,1,,manual_review
Drug::阿托西汀,阿托西汀,阿托西汀,1,,manual_review
Drug::阿托那韦,阿托那韦,阿托那韦,1,,manual_review
Drug::阿折地平,阿折地平,阿折地平片,3,,manual_review
Drug::阿拉明,阿拉明,阿拉明,3,,manual_review
Drug::阿斯匹林,阿斯匹林,阿斯匹林,20,,manual_review
Drug::阿斯咪唑,阿斯咪唑,阿斯咪唑,1,,manual_review
Drug::阿斯米唑,阿斯米唑,阿斯米唑,1,,manual_review
Drug::阿昔替尼,阿昔替尼,阿昔替尼,2,,manual_review
Drug::阿昔洛韦,阿昔洛韦,阿昔洛韦|阿昔洛韦分散片|阿昔洛韦咀嚼片|阿昔洛韦注射液|阿昔洛韦滴眼液|阿昔洛韦片|阿昔洛韦缓释片|阿昔洛韦胶囊|阿昔洛韦颗粒,46,,manual_review
Drug::阿昔洛韦葡萄糖,阿昔洛韦葡萄糖,阿昔洛韦葡萄糖注射液,3,,manual_review
Drug::阿昔莫司,阿昔莫司,阿昔莫司|阿昔莫司胶囊,6,,manual_review
Drug::阿普唑仑,阿普唑仑,阿普唑仑|阿普唑仑片|阿普唑仑胶囊,73,,manual_review
Drug::阿普斯特,阿普斯特,阿普斯特,1,,manual_review
Drug::阿普林定,阿普林定,阿普林定,1,,manual_review
Drug::阿普洛尔,阿普洛尔,心得舒|阿普洛尔,1,,manual_review
Drug::阿曲生坦,阿曲生坦,阿曲生坦,1,,manual_review
Drug::阿曼托双黄酮,阿曼托双黄酮,阿曼托双黄酮,1,,manual_review
Drug::阿替普酶,阿替普酶,阿替普酶,5,,manual_review
Drug::阿替洛尔,阿替洛尔,氨酰心安|阿替洛尔|阿替洛尔注射液,29,,manual_review
Drug::阿来替尼,阿来替尼,alectinib|阿来替尼,1,,manual_review
Drug::阿格列汀,阿格列汀,阿格列汀,74,,manual_review
Drug::阿格利汀,阿格利汀,阿格利汀,1,,manual_review
Drug::阿比特龙,阿比特龙,阿比特龙,4,,manual_review
Drug::阿法替尼,阿法替尼,阿法替尼,8,,manual_review
Drug::阿法骨化醇胶,阿法骨化醇胶,阿法骨化醇胶丸,3,,manual_review
Drug::阿法骨化醇软,阿法骨化醇软,阿法骨化醇软胶囊,3,,manual_review
Drug::阿波霉素,阿波霉素,阿波霉素,1,,manual_review
Drug::阿洛司琼,阿洛司琼,阿洛司琼,1,,manual_review
Drug::阿洛西林,阿洛西林,阿洛西林,9,,manual_review
Drug::阿片类,阿片类,阿片类,1,,manual_review
Drug::阿片类具呼吸抑制作用的镇痛药,阿片类具呼吸抑制作用的镇痛药,阿片类具呼吸抑制作用的镇痛药,2,,manual_review
Drug::阿片类止痛剂,阿片类止痛剂,阿片类止痛剂,2,,manual_review
Drug::阿片类止痛药,阿片类止痛药,阿片止痛剂|阿片类止痛药,1,,manual_review
Drug::阿片类物质,阿片类物质,阿片类物质,1,,manual_review
Drug::阿片类药物,阿片类药物,阿片类药物,6,,manual_review
Drug::阿片类镇痛药,阿片类镇痛药,阿片类镇痛药,5,,manual_review
Drug::阿瑞匹坦,阿瑞匹坦,阿瑞匹坦|阿瑞匹坦胶囊,24,,manual_review
Drug::阿瑞吡坦,阿瑞吡坦,阿瑞吡坦,3,,manual_review
Drug::阿的平,阿的平,阿的平,7,,manual_review
Drug::阿皮西班,阿皮西班,阿皮西班,1,,manual_review
Drug::阿立哌唑,阿立哌唑,阿立哌唑|阿立哌唑片|阿立哌唑胶囊,28,,manual_review
Drug::阿立哌唑口腔崩解,阿立哌唑口腔崩解,阿立哌唑口腔崩解片,3,,manual_review
Drug::阿米卡星,阿米卡星,硫酸阿米卡星|阿米卡星,28,,manual_review
Drug::阿米夫胺,阿米夫胺,阿米夫胺,1,,manual_review
Drug::阿米替林,阿米替林,amitriptyline|阿米替林,48,,manual_review
Drug::阿米洛利,阿米洛利,阿米洛利,18,,manual_review
Drug::阿米福汀,阿米福汀,阿米福汀,2,,manual_review
Drug::阿糖胞苷,阿糖胞苷,阿糖胞苷|阿糖胞苷注射液,12,,manual_review
Drug::阿糖腺苷,阿糖腺苷,阿糖腺苷,2,,manual_review
Drug::阿维a,阿维A,阿维A|阿维A胶囊,4,,manual_review
Drug::阿罗洛尔,阿罗洛尔,阿罗洛尔,2,,manual_review
Drug::阿美替尼,阿美替尼,阿美替尼,7,,manual_review
Drug::阿胶,阿胶,阿胶,6,,manual_review
Drug::阿胶补血,阿胶补血,阿胶补血口服液,3,,manual_review
Drug::阿舒瑞韦,阿舒瑞韦,ASV|Asunaprevir|阿舒瑞韦,9,,manual_review
Drug::阿芬他尼,阿芬他尼,阿芬他尼,20,,manual_review
Drug::阿芬太尼,阿芬太尼,阿芬太尼,9,,manual_review
Drug::阿苯,阿苯,阿苯片,3,,manual_review
Drug::阿苯糖,阿苯糖,阿苯糖丸,3,,manual_review
Drug::阿苯达唑,阿苯达唑,阿苯达唑|阿苯达唑片,6,,manual_review
Drug::阿莫地喹,阿莫地喹,阿莫地喹,3,,manual_review
Drug::阿莫曲坦,阿莫曲坦,阿莫曲坦,3,,manual_review
Drug::阿莫西林,阿莫西林,阿莫西林|阿莫西林 胶囊|阿莫西林分散片|阿莫西林咀嚼片|阿莫西林片|阿莫西林胶囊|阿莫西林颗粒,90,,manual_review
Drug::阿莫西林克拉维酸,阿莫西林克拉维酸,阿莫西林/克拉维酸|阿莫西林克拉维酸,1,,manual_review
Drug::阿莫西林克拉维酸钾,阿莫西林克拉维酸钾,注射用阿莫西林钠克拉维酸钾|阿莫西林-克拉维酸钾|阿莫西林/克拉维酸复方制剂|阿莫西林克拉维酸钾|阿莫西林克拉维酸钾分散片|阿莫西林克拉维酸钾咀嚼片|阿莫西林克拉维酸钾片|阿莫西林克拉维酸钾颗粒,21,,manual_review
Drug::阿莫西林克拉维酸钾41,阿莫西林克拉维酸钾4:1,阿莫西林克拉维酸钾(4:1)颗粒,3,,manual_review
Drug::阿莫西林克拉维酸钾41干混悬剂,阿莫西林克拉维酸钾4:1干混悬剂,阿莫西林克拉维酸钾(4:1)干混悬剂,3,,manual_review
Drug::阿莫西林克拉维酸钾咀嚼片8∶1,阿莫西林克拉维酸钾咀嚼片8∶1,阿莫西林克拉维酸钾咀嚼片(8∶1),3,,manual_review
Drug::阿莫西林克拉维酸钾干混悬剂,阿莫西林克拉维酸钾干混悬剂,阿莫西林克拉维酸钾干混悬剂,3,,manual_review
Drug::阿莫西林克拉维酸钾干混悬剂71,阿莫西林克拉维酸钾干混悬剂7:1,阿莫西林克拉维酸钾干混悬剂(7:1),3,,manual_review
Drug::阿莫西林克拉维酸钾片141,阿莫西林克拉维酸钾片14:1,阿莫西林克拉维酸钾片(14:1),3,,manual_review
Drug::阿莫西林克拉维酸钾片71,阿莫西林克拉维酸钾片7:1,阿莫西林克拉维酸钾片(7:1),3,,manual_review
Drug::阿莫西林双氯西林钠,阿莫西林双氯西林钠,阿莫西林双氯西林钠胶囊,3,,manual_review
Drug::阿莫西林干混悬剂,阿莫西林干混悬剂,阿莫西林干混悬剂,3,,manual_review
Drug::阿莫西林钠克拉维酸钾,阿莫西林钠克拉维酸钾,阿莫西林钠克拉维酸钾,1,,manual_review
Drug::阿莫西林钠舒巴坦钠,阿莫西林钠舒巴坦钠,阿莫西林钠舒巴坦钠,1,,manual_review
Drug::阿莫达非尼,阿莫达非尼,ar/mod|阿莫达非尼,4,,manual_review
Drug::阿西替尼,阿西替尼,阿西替尼,1,,manual_review
Drug::阿西美辛,阿西美辛,阿西美辛,3,,manual_review
Drug::阿西美辛缓释,阿西美辛缓释,阿西美辛缓释胶囊,3,,manual_review
Drug::阿贝西利,阿贝西利,阿贝西利,19,,manual_review
Drug::阿达帕林凝胶,阿达帕林凝胶,阿达帕林凝胶,3,,manual_review
Drug::阿达木,阿达木,阿达木,1,,manual_review
Drug::阿达木单抗,阿达木单抗,阿达木单抗,2,,manual_review
Drug::阿那曲唑,阿那曲唑,阿那曲唑|阿那曲唑片,4,,manual_review
Drug::阿酚咖敏,阿酚咖敏,阿酚咖敏片,3,,manual_review
Drug::阿霉素,阿霉素,阿毒素|阿霉素,49,,manual_review
Drug::阿齐红霉素,阿齐红霉素,阿齐红霉素,6,,manual_review
Drug::阿齐霉素,阿齐霉素,阿齐霉素,2,,manual_review
Drug::附子,附子,附子,14,,manual_review
Drug::陆英,陆英,陆英,1,,manual_review
Drug::陈皮,陈皮,陈皮,7,,manual_review
Drug::降压利尿药,降压利尿药,降压利尿药,1,,manual_review
Drug::降压嗪,降压嗪,降压嗪,3,,manual_review
Drug::降压灵,降压灵,降压灵,2,,manual_review
Drug::降压药,降压药,其他降压药|降压药,39,,manual_review
Drug::降压药物,降压药物,降压药物,1,,manual_review
Drug::降糖宁,降糖宁,降糖宁胶囊,3,,manual_review
Drug::降糖灵,降糖灵,降糖灵,2,,manual_review
Drug::降糖药,降糖药,降糖药,24,,manual_review
Drug::降糖药d860,降糖药D860,降糖药D860,1,,manual_review
Drug::降糖药物,降糖药物,降糖药物,3,,manual_review
Drug::降胆一号,降胆一号,降胆一号,1,,manual_review
Drug::降胆宁,降胆宁,降胆宁,1,,manual_review
Drug::降脂2号树脂,降脂2号树脂,降脂2号树脂,2,,manual_review
Drug::降脂药,降脂药,降脂药,2,,manual_review
Drug::降脂酰胺,降脂酰胺,降脂酰胺,1,,manual_review
Drug::降血压药,降血压药,降血压药,1,,manual_review
Drug::降血尿酸剂,降血尿酸剂,降血尿酸剂,1,,manual_review
Drug::降血糖药,降血糖药,降血糖用药|降血糖药,7,,manual_review
Drug::降血糖药物,降血糖药物,降血糖药物,2,,manual_review
Drug::降血脂药,降血脂药,降血脂药,1,,manual_review
Drug::降血脂药物,降血脂药物,降血脂药物,2,,manual_review
Drug::降酶灵,降酶灵,五味子|降酶灵胶囊,27,,manual_review
Drug::降钙素,降钙素,降钙素,6,,manual_review
Drug::降香,降香,降香,1,,manual_review
Drug::隐丹参酮,隐丹参酮,隐丹参酮,8,,manual_review
Drug::雄性醇,雄性醇,雄性醇,1,,manual_review
Drug::雄激素,雄激素,雄激素,21,,manual_review
Drug::雄黄,雄黄,雄黄,2,,manual_review
Drug::雌三醇,雌三醇,雌三醇乳膏,3,,manual_review
Drug::雌二醇,雌二醇,雌二醇,2,,manual_review
Drug::雌二醇17b葡萄糖醛酸苷,雌二醇17b葡萄糖醛酸苷,雌二醇17b葡萄糖醛酸苷,2,,manual_review
Drug::雌性激素,雌性激素,雌性激素,12,,manual_review
Drug::雌激素,雌激素,雌激素,90,,manual_review
Drug::雌莫司汀,雌莫司汀,雌莫司汀,3,,manual_review
Drug::雌莫司汀磷酸盐,雌莫司汀磷酸盐,雌莫司汀磷酸盐,1,,manual_review
Drug::雌酮,雌酮,雌酮,1,,manual_review
Drug::雌酮3硫酸盐,雌酮-3-硫酸盐,雌酮-3-硫酸盐,1,,manual_review
Drug::雌酮3硫酸酯,雌酮3-硫酸酯,雌酮3-硫酸酯,3,,manual_review
Drug::雷公藤,雷公藤,雷公藤,5,,manual_review
Drug::雷公藤内酯,雷公藤内酯,雷公藤内酯软膏,2,,manual_review
Drug::雷公藤多苷,雷公藤多苷,雷公藤多苷,2,,manual_review
Drug::雷公藤甲素,雷公藤甲素,雷公藤甲素,8,,manual_review
Drug::雷公藤红素,雷公藤红素,雷公藤红素,1,,manual_review
Drug::雷尼替丁,雷尼替丁,呋喃硝胺|雷尼替丁,130,,manual_review
Drug::雷替曲塞,雷替曲塞,雷替曲塞,2,,manual_review
Drug::雷沙吉兰,雷沙吉兰,雷沙吉兰,1,,manual_review
Drug::雷特拉韦,雷特拉韦,雷特拉韦,1,,manual_review
Drug::雷特格韦,雷特格韦,雷特格韦,6,,manual_review
Drug::雷米封,雷米封,雷米丰|雷米封,4,,manual_review
Drug::雷米普利,雷米普利,雷米普利|雷米普利片,13,,manual_review
Drug::雷诺嗪,雷诺嗪,雷诺嗪,16,,manual_review
Drug::雷贝拉唑,雷贝拉唑,雷贝拉唑,38,,manual_review
Drug::雷贝拉唑硫醚,雷贝拉唑硫醚,雷贝拉唑硫醚,1,,manual_review
Drug::雷贝拉唑钠,雷贝拉唑钠,雷贝拉唑钠片|雷贝拉唑钠肠溶片,6,,manual_review
Drug::雷贝拉唑钠肠溶,雷贝拉唑钠肠溶,雷贝拉唑钠肠溶胶囊,3,,manual_review
Drug::雷迪帕韦,雷迪帕韦,LDV|ledipasvir|雷迪帕韦,5,,manual_review
Drug::雷迪帕韦索磷布韦,雷迪帕韦/索磷布韦,LDV/SOF|雷迪帕韦/索磷布韦,5,,manual_review
Drug::雷锁辛,雷锁辛,雷锁辛,3,,manual_review
Drug::霉可乃除,霉可乃除,霉可乃除,1,,manual_review
Drug::霉酚酸,霉酚酸,MPA|霉酚酸,17,,manual_review
Drug::霉酚酸类药物,霉酚酸类药物,霉酚酸类药物,1,,manual_review
Drug::霉酚酸酯,霉酚酸酯,MMF|霉酚酸酯,14,,manual_review
Drug::青皮,青皮,青皮,1,,manual_review
Drug::青葙子,青葙子,青葙子,1,,manual_review
Drug::青蒿琥酯,青蒿琥酯,青蒿琥酯,2,,manual_review
Drug::青蒿素,青蒿素,青蒿素,5,,manual_review
Drug::青藤碱,青藤碱,青藤碱,2,,manual_review
Drug::青霉烷砜,青霉烷砜,青霉烷砜,22,,manual_review
Drug::青霉素,青霉素,口服青霉素|青霉素,136,,manual_review
Drug::青霉素g,青霉素G,青霉素G,18,,manual_review
Drug::青霉素g钾,青霉素G钾,青霉素G钾,1,,manual_review
Drug::青霉素v,青霉素V,青霉素V,6,,manual_review
Drug::青霉素v钾,青霉素V钾,青霉素V钾分散片,3,,manual_review
Drug::青霉素类,青霉素类,青霉素类,3,,manual_review
Drug::青霉素类似物,青霉素类似物,青霉素类似物,1,,manual_review
Drug::青霉素类药,青霉素类药,青霉素类药,1,,manual_review
Drug::青霉素类药物,青霉素类药物,青霉素类药物,1,,manual_review
Drug::青霉素胺,青霉素胺,青霉素胺,1,,manual_review
Drug::青霉素衍生物,青霉素衍生物,青霉素衍生物,3,,manual_review
Drug::青霉素钠,青霉素钠,青霉素钠,2,,manual_review
Drug::青霉素钾,青霉素钾,青霉素钾,1,,manual_review
Drug::青霉素钾或钠,青霉素钾或钠,青霉素钾或钠,13,,manual_review
Drug::青霉胺,青霉胺,青霉胺|青霉胺片,27,,manual_review
Drug::青风藤,青风藤,青风藤,1,,manual_review
Drug::青黛,青黛,青黛,1,,manual_review
Drug::静注人免疫球蛋白,静注人免疫球蛋白,静注人免疫球蛋白,1,,manual_review
Drug::静脉补铁,静脉补铁,静脉补铁,2,,manual_review
Drug::靛氰绿,靛氰绿,靛氰绿,1,,manual_review
Drug::靛青绿,靛青绿,靛青绿,1,,manual_review
Drug::非去极化型肌松药,非去极化型肌松药,非去极化型肌松药,1,,manual_review
Drug::非处方药,非处方药,非处方药,2,,manual_review
Drug::非处方药物,非处方药物,非处方药物,1,,manual_review
Drug::非奈利酮,非奈利酮,非奈利酮,2,,manual_review
Drug::非尔氨脂,非尔氨脂,非尔氨脂,1,,manual_review
Drug::非尔氨酯,非尔氨酯,非尔氨酯,3,,manual_review
Drug::非布司他,非布司他,非布司他|非布司他片,15,,manual_review
Drug::非布索坦,非布索坦,非布索坦,1,,manual_review
Drug::非普拉宗,非普拉宗,非普拉宗片,3,,manual_review
Drug::非氨酯,非氨酯,非氨酯,3,,manual_review
Drug::非洛地平,非洛地平,非洛地平|非洛地平片|非洛地平缓释片,92,,manual_review
Drug::非洛地平缓释,非洛地平缓释,非洛地平缓释胶囊,3,,manual_review
Drug::非洛地平缓释片ⅱ,非洛地平缓释片Ⅱ,非洛地平缓释片(Ⅱ),3,,manual_review
Drug::非洲马铃薯提取物,非洲马铃薯提取物,非洲马铃薯提取物,1,,manual_review
Drug::非甾体抗炎药,非甾体抗炎药,NSAID|非甾体抗炎药|非甾体抗炎镇痛药|非类甾醇抗炎药物,20,,manual_review
Drug::非甾体类抗炎药,非甾体类抗炎药,非甾体类抗炎药,10,,manual_review
Drug::非甾体类抗炎药物,非甾体类抗炎药物,非甾体类抗炎药物,1,,manual_review
Drug::非甾体类消炎镇痛药,非甾体类消炎镇痛药,非甾体类消炎镇痛药,8,,manual_review
Drug::非索那定,非索那定,非索那定,2,,manual_review
Drug::非索非那丁,非索非那丁,非索非那丁,4,,manual_review
Drug::非索非那定,非索非那定,非索非那定,32,,manual_review
Drug::非莫沙坦,非莫沙坦,非莫沙坦,1,,manual_review
Drug::非诺贝特,非诺贝特,非诺贝特|非诺贝特片,30,,manual_review
Drug::非诺贝特缓释,非诺贝特缓释,非诺贝特缓释胶囊,3,,manual_review
Drug::非诺贝特软,非诺贝特软,非诺贝特软胶囊,2,,manual_review
Drug::非诺贝酸,非诺贝酸,非诺贝酸,1,,manual_review
Drug::非选择性β受体阻断药,非选择性β受体阻断药,非选择性β受体阻断药,2,,manual_review
Drug::非那根,非那根,非那根,2,,manual_review
Drug::非那西丁,非那西丁,非那西丁,10,,manual_review
Drug::非那西汀,非那西汀,非那西汀,6,,manual_review
Drug::非那雄胺,非那雄胺,非那雄胺|非那雄胺片,4,,manual_review
Drug::靶向药,靶向药,靶向药,2,,manual_review
Drug::靶向药物,靶向药物,靶向药物,1,,manual_review
Drug::鞣花酸,鞣花酸,鞣花酸,1,,manual_review
Drug::鞣酸,鞣酸,鞣酸,20,,manual_review
Drug::鞣酸苦参碱,鞣酸苦参碱,鞣酸苦参碱胶囊,3,,manual_review
Drug::鞣酸蛋白,鞣酸蛋白,鞣酸蛋白散,3,,manual_review
Drug::鞣酸蛋白酵母,鞣酸蛋白酵母,鞣酸蛋白酵母散,3,,manual_review
Drug::顺铂,顺铂,DDP|顺铂,48,,manual_review
Drug::预防用生物制品,预防用生物制品,预防用生物制品,2,,manual_review
Drug::颠茄,颠茄,颠茄|颠茄片,36,,manual_review
Drug::颠茄磺苄啶,颠茄磺苄啶,颠茄磺苄啶片,3,,manual_review
Drug::颠茄酊,颠茄酊,颠茄酊,3,,manual_review
Drug::风湿福音,风湿福音,风湿福音丸,2,,manual_review
Drug::风疹疫苗,风疹疫苗,风疹疫苗,2,,manual_review
Drug::食母生,食母生,食母生片,3,,manual_review
Drug::首乌藤,首乌藤,首乌藤,2,,manual_review
Drug::香烟,香烟,香烟,1,,manual_review
Drug::香菇多糖,香菇多糖,香菇多糖,1,,manual_review
Drug::香豆素,香豆素,香豆素,13,,manual_review
Drug::香豆素及其衍生物,香豆素及其衍生物,香豆素及其衍生物,1,,manual_review
Drug::香豆素口服抗凝药,香豆素口服抗凝药,香豆素口服抗凝药,1,,manual_review
Drug::香豆素抗凝剂,香豆素抗凝剂,香豆素抗凝剂,1,,manual_review
Drug::香豆素类,香豆素类,香豆素类,2,,manual_review
Drug::香豆素类口服抗凝剂,香豆素类口服抗凝剂,香豆素类口服抗凝剂,1,,manual_review
Drug::香豆素类口服抗凝药,香豆素类口服抗凝药,香豆素类口服抗凝药,1,,manual_review
Drug::香豆素类口服抗凝血药,香豆素类口服抗凝血药,香豆素类口服抗凝血药,3,,manual_review
Drug::香豆素类抗凝剂,香豆素类抗凝剂,香豆素类抗凝剂,4,,manual_review
Drug::香豆素类抗凝药,香豆素类抗凝药,香豆素抗凝药|香豆素类抗凝药,6,,manual_review
Drug::香豆素类抗凝血药,香豆素类抗凝血药,香豆素类抗凝血药,2,,manual_review
Drug::香豆素衍生物,香豆素衍生物,香豆素衍生物,5,,manual_review
Drug::香豆素衍生物抗凝血药,香豆素衍生物抗凝血药,香豆素衍生物抗凝血药,1,,manual_review
Drug::香豆酸4o葡萄糖苷,香豆酸-4-O-葡萄糖苷,香豆酸-4-O-葡萄糖苷,1,,manual_review
Drug::香豆酸类药物,香豆酸类药物,香豆酸类药物,2,,manual_review
Drug::香附,香附,香附,1,,manual_review
Drug::马克噻,马克噻,马克噻,1,,manual_review
Drug::马兜铃酸,马兜铃酸,马兜铃酸,6,,manual_review
Drug::马兜铃酸ⅰ,马兜铃酸Ⅰ,马兜铃酸Ⅰ,2,,manual_review
Drug::马尼地平,马尼地平,马尼地平,2,,manual_review
Drug::马拉韦罗,马拉韦罗,马拉韦罗,6,,manual_review
Drug::马普兰,马普兰,马普兰,2,,manual_review
Drug::马普替林,马普替林,马普替林,4,,manual_review
Drug::马来酸依那普利,马来酸依那普利,马来酸依那普利分散片|马来酸依那普利片,6,,manual_review
Drug::马来酸依那普利叶酸,马来酸依那普利叶酸,马来酸依那普利叶酸片,1,,manual_review
Drug::马来酸右旋噻吗洛尔,马来酸右旋噻吗洛尔,马来酸右旋噻吗洛尔滴眼液,3,,manual_review
Drug::马来酸咪达唑仑,马来酸咪达唑仑,马来酸咪达唑仑片,3,,manual_review
Drug::马来酸噻吗洛尔,马来酸噻吗洛尔,马来酸噻吗洛尔滴眼液,3,,manual_review
Drug::马来酸多潘立酮,马来酸多潘立酮,马来酸多潘立酮片,3,,manual_review
Drug::马来酸左旋氨氯地平,马来酸左旋氨氯地平,马来酸左旋氨氯地平分散片,3,,manual_review
Drug::马来酸左氨氯地平,马来酸左氨氯地平,马来酸左氨氯地平分散片|马来酸左氨氯地平片,6,,manual_review
Drug::马来酸曲美布汀,马来酸曲美布汀,马来酸曲美布汀分散片,3,,manual_review
Drug::马来酸氟伏沙明,马来酸氟伏沙明,马来酸氟伏沙明片,3,,manual_review
Drug::马来酸氟吡汀,马来酸氟吡汀,马来酸氟吡汀胶囊,3,,manual_review
Drug::马来酸氨氯地平,马来酸氨氯地平,马来酸氨氯地平分散片|马来酸氨氯地平片,5,,manual_review
Drug::马来酸氯苯那敏,马来酸氯苯那敏,扑尔敏|马来酸氯苯那敏|马来酸氯苯那敏片,12,,manual_review
Drug::马来酸美西麦角,马来酸美西麦角,马来酸美西麦角,1,,manual_review
Drug::马来酸茚达特罗吸入粉雾剂,马来酸茚达特罗吸入粉雾剂,马来酸茚达特罗吸入粉雾剂,3,,manual_review
Drug::马西替坦,马西替坦,马西替坦,3,,manual_review
Drug::马钱子,马钱子,马钱子,2,,manual_review
Drug::马钱子碱,马钱子碱,马钱子碱,1,,manual_review
Drug::驱蚊液,驱蚊液,驱蚊液,1,,manual_review
Drug::驱蛔灵,驱蛔灵,驱蛔灵,4,,manual_review
Drug::骨化三醇胶,骨化三醇胶,骨化三醇胶丸,3,,manual_review
Drug::骨化三醇软,骨化三醇软,骨化三醇软胶囊,3,,manual_review
Drug::骨质疏松症药,骨质疏松症药,骨质疏松症药,1,,manual_review
Drug::骨骼肌松弛药,骨骼肌松弛药,骨骼肌松弛药,3,,manual_review
Drug::骨髓抑制药,骨髓抑制药,骨髓抑制药,5,,manual_review
Drug::骨髓抑制药物,骨髓抑制药物,其他对骨髓有抑制的药物|骨髓抑制药物,1,,manual_review
Drug::髓袢利尿剂,髓袢利尿剂,髓袢利尿剂,18,,manual_review
Drug::高三尖杉酯碱氯化钠,高三尖杉酯碱氯化钠,高三尖杉酯碱氯化钠注射液,3,,manual_review
Drug::高丽红参,高丽红参,高丽红参,2,,manual_review
Drug::高岭土,高岭土,高岭土,2,,manual_review
Drug::高碘药物,高碘药物,高碘药物,1,,manual_review
Drug::高米辛c,高米辛C,高米辛 C|高米辛C,2,,manual_review
Drug::高良姜素,高良姜素,高良姜素,1,,manual_review
Drug::高血糖素,高血糖素,高血糖素,1,,manual_review
Drug::高辛特异性抗体,高辛特异性抗体,高辛特异性抗体,1,,manual_review
Drug::高锰酸盐,高锰酸盐,高锰酸盐,1,,manual_review
Drug::高锰酸钾,高锰酸钾,高锰酸钾,10,,manual_review
Drug::高锰酸钾外用,高锰酸钾外用,高锰酸钾外用片,3,,manual_review
Drug::鬼臼乙叉甙,鬼臼乙叉甙,鬼臼乙叉甙|鬼臼乙叉甙注射液,3,,manual_review
Drug::鬼臼乙叉苷,鬼臼乙叉苷,鬼臼乙叉苷,1,,manual_review
Drug::鬼针草,鬼针草,鬼针草,1,,manual_review
Drug::鱼油,鱼油,鱼油,1,,manual_review
Drug::鱼精蛋白,鱼精蛋白,鱼精蛋白,2,,manual_review
Drug::鱼精蛋白硫酸盐,鱼精蛋白硫酸盐,鱼精蛋白硫酸盐,1,,manual_review
Drug::鱼肝油乳,鱼肝油乳,鱼肝油乳,2,,manual_review
Drug::鲁拉西酮,鲁拉西酮,鲁拉西酮,7,,manual_review
Drug::鲁格列净,鲁格列净,鲁格列净,1,,manual_review
Drug::鲁米那,鲁米那,鲁米那,2,,manual_review
Drug::鲁马卡托依伐卡托,鲁马卡托/依伐卡托,鲁马卡托/依伐卡托,1,,manual_review
Drug::鲑降钙素,鲑降钙素,鲑降钙素注射液,3,,manual_review
Drug::鲑鱼降钙素喷鼻剂,鲑鱼降钙素喷鼻剂,鲑鱼降钙素喷鼻剂,3,,manual_review
Drug::鳖甲,鳖甲,鳖甲,1,,manual_review
Drug::鸡豆黄素,鸡豆黄素,鸡豆黄素,1,,manual_review
Drug::鹅去氧胆酸,鹅去氧胆酸,鹅去氧胆酸,2,,manual_review
Drug::鹰嘴豆芽素a,鹰嘴豆芽素A,鹰嘴豆芽素A,2,,manual_review
Drug::鹿茸,鹿茸,鹿茸,2,,manual_review
Drug::麝香痔疮栓,麝香痔疮栓,麝香痔疮栓,3,,manual_review
Drug::麦冬,麦冬,麦冬,3,,manual_review
Drug::麦冬皂苷d,麦冬皂苷D,麦冬皂苷D,3,,manual_review
Drug::麦冬皂苷d′,麦冬皂苷D′,麦冬皂苷D′,4,,manual_review
Drug::麦普替林,麦普替林,麦普替林,5,,manual_review
Drug::麦考酚酯,麦考酚酯,麦考酚酯,2,,manual_review
Drug::麦考酚酸,麦考酚酸,麦考酚酸,2,,manual_review
Drug::麦考酚酸莫酯,麦考酚酸莫酯,麦考酚酸莫酯,1,,manual_review
Drug::麦考酚酸酯,麦考酚酸酯,麦考酚酸酯,2,,manual_review
Drug::麦考酚钠,麦考酚钠,麦考酚钠,3,,manual_review
Drug::麦芽,麦芽,麦芽,2,,manual_review
Drug::麦角乙脲,麦角乙脲,麦角乙脲,1,,manual_review
Drug::麦角新生物碱,麦角新生物碱,麦角新生物碱,1,,manual_review
Drug::麦角生物碱,麦角生物碱,麦角生物碱,26,,manual_review
Drug::麦角生物碱类药物,麦角生物碱类药物,麦角生物碱类药物,1,,manual_review
Drug::麦角类生物碱,麦角类生物碱,麦角类生物碱,1,,manual_review
Drug::麦角类衍生物,麦角类衍生物,麦角类衍生物,1,,manual_review
Drug::麦角胺,麦角胺,麦角胺|麦角胺或二氢麦角胺,67,,manual_review
Drug::麦角胺咖啡因,麦角胺咖啡因,麦角胺咖啡因,11,,manual_review
Drug::麦角胺类药物,麦角胺类药物,麦角胺类药物,1,,manual_review
Drug::麦角衍生物,麦角衍生物,麦角衍生物,1,,manual_review
Drug::麦角酸二乙胺,麦角酸二乙胺,麦角酸二乙胺,3,,manual_review
Drug::麦角醇,麦角醇,麦角醇,1,,manual_review
Drug::麦迪霉素,麦迪霉素,麦迪霉素|麦迪霉素片,28,,manual_review
Drug::麦迪霉素醋酸盐,麦迪霉素醋酸盐,麦迪霉素醋酸盐,2,,manual_review
Drug::麻疹疫苗,麻疹疫苗,麻疹疫苗,2,,manual_review
Drug::麻醉乙醚,麻醉乙醚,麻醉乙醚,1,,manual_review
Drug::麻醉剂,麻醉剂,麻醉剂,4,,manual_review
Drug::麻醉品,麻醉品,麻醉品,3,,manual_review
Drug::麻醉性镇痛药,麻醉性镇痛药,麻醉性镇痛药,1,,manual_review
Drug::麻醉椒,麻醉椒,麻醉椒,2,,manual_review
Drug::麻醉药,麻醉药,麻醉药,6,,manual_review
Drug::麻醉药物,麻醉药物,麻醉药物,1,,manual_review
Drug::麻黄,麻黄,麻黄,28,,manual_review
Drug::麻黄汤,麻黄汤,麻黄汤,2,,manual_review
Drug::麻黄硷,麻黄硷,麻黄硷,4,,manual_review
Drug::麻黄碱滴鼻液,麻黄碱滴鼻液,麻黄碱滴鼻液,2,,manual_review
Drug::麻黄素,麻黄素,麻黄素,14,,manual_review
Drug::黄体酮,黄体酮,黄体酮|黄体酮胶囊,6,,manual_review
Drug::黄体酮软,黄体酮软,黄体酮软胶囊,2,,manual_review
Drug::黄嘌呤,黄嘌呤,黄嘌呤,1,,manual_review
Drug::黄嘌呤类药物,黄嘌呤类药物,黄嘌呤类药物,1,,manual_review
Drug::黄嘌呤衍生物,黄嘌呤衍生物,黄嘌呤衍生物,1,,manual_review
Drug::黄柏,黄柏,黄柏,4,,manual_review
Drug::黄热病疫苗,黄热病疫苗,黄热病疫苗,1,,manual_review
Drug::黄独乙素,黄独乙素,黄独乙素,4,,manual_review
Drug::黄独素b,黄独素B,黄独素B,2,,manual_review
Drug::黄精,黄精,黄精,1,,manual_review
Drug::黄芩,黄芩,黄芩,19,,manual_review
Drug::黄芩素,黄芩素,黄芩素,10,,manual_review
Drug::黄芩苷,黄芩苷,黄芩苷,9,,manual_review
Drug::黄芪,黄芪,黄芪,17,,manual_review
Drug::黄芪多糖,黄芪多糖,黄芪多糖,1,,manual_review
Drug::黄芪生脉饮,黄芪生脉饮,黄芪生脉饮,2,,manual_review
Drug::黄芪甲苷,黄芪甲苷,黄芪甲苷,2,,manual_review
Drug::黄芪甲苷ii,黄芪甲苷II,黄芪甲苷II,1,,manual_review
Drug::黄芪甲苷iv,黄芪甲苷IV,黄芪甲苷IV,1,,manual_review
Drug::黄药子,黄药子,黄药子,4,,manual_review
Drug::黄药子提取物,黄药子提取物,黄药子提取物,1,,manual_review
Drug::黄藤素,黄藤素,黄藤素,2,,manual_review
Drug::黄藤素软,黄藤素软,黄藤素软胶囊,3,,manual_review
Drug::黄豆苷原,黄豆苷原,黄豆苷原,1,,manual_review
Drug::黄连,黄连,黄连,21,,manual_review
Drug::黄连生物碱,黄连生物碱,黄连生物碱,1,,manual_review
Drug::黄连碱,黄连碱,黄连碱,1,,manual_review
Drug::黄连素,黄连素,黄连素|黄连素片,24,,manual_review
Drug::黄连解毒汤,黄连解毒汤,黄连解毒汤,2,,manual_review
Drug::黄酮,黄酮,黄酮,1,,manual_review
Drug::黄霉素,黄霉素,黄霉素,30,,manual_review
Drug::黄青霉素,黄青霉素,黄青霉素,2,,manual_review
Drug::黑升麻提取物,黑升麻提取物,黑升麻提取物,1,,manual_review
Drug::黑点叶金丝桃,黑点叶金丝桃,黑点叶金丝桃,1,,manual_review
Drug::黛力新,黛力新,黛力新,3,,manual_review
Drug::鼠尾草酚,鼠尾草酚,鼠尾草酚,1,,manual_review
Drug::鼻内用糖皮质激素,鼻内用糖皮质激素,鼻内用糖皮质激素,2,,manual_review
Drug::鼻宁,鼻宁,鼻宁喷雾剂,3,,manual_review
Drug::鼻康,鼻康,鼻康片,3,,manual_review
Drug::鼻炎滴剂,鼻炎滴剂,鼻炎滴剂,3,,manual_review
Drug::鼻炎通,鼻炎通,鼻炎通喷雾剂,3,,manual_review
Drug::齐墩果酸,齐墩果酸,齐墩果酸,3,,manual_review
Drug::齐多夫定,齐多夫定,AZT|齐多夫定|齐多夫定片|齐多夫定胶囊,74,,manual_review
Drug::齐夫多定,齐夫多定,齐夫多定,1,,manual_review
Drug::齐拉西酮,齐拉西酮,齐拉西酮,17,,manual_review
Drug::齐留通,齐留通,齐留通,2,,manual_review
Drug::龙胆,龙胆,龙胆,2,,manual_review
Drug::龙胆草,龙胆草,龙胆草,1,,manual_review
Drug::龙骨,龙骨,龙骨,3,,manual_review
Drug::龟甲,龟甲,龟甲,2,,manual_review
