canonical_name,aliases,ingredients,approval_numbers,example_instructions,record_count
"1,3二甲基黄嘌呤","1,3二甲基黄嘌呤",,,,1
131I,131I,,,,1
2-乙酰苯甲酸,2-乙酰苯甲酸,,,,1
4-羟托莫西汀,4-羟托莫西汀,,,,1
5-ASA,5-ASA,,,,1
5-FU/LV,5-FU/LV,,,,1
5-Fu,5-Fu|5-氟尿嘧啶,,,,1
5-氟尿嘧啶,5-FU|5-氟尿嘧啶|5-氟脲嘧啶,,,,3
5-氟脲嘧啶,5-氟脲嘧啶,,,,1
5-氨基水杨酸,5-ASA|5-氨基水杨酸,,,,2
5-羟色胺去甲肾上腺素再摄取抑制剂,5-羟色胺去甲肾上腺素再摄取抑制剂,,,,1
6-巯基嘌呤,6-巯基嘌呤,,,,1
ACE抑制剂,ACE制剂|ACE抑制剂,,,,3
Aclasta,Aclasta,,,,1
Aleviatin,Aleviatin|Aleviatin注射液,,,,1
BCG疫苗,BCG疫苗,,,,1
Bitashimin,Bitashimin|BitashiminVc|BitashiminVc注射液,,,,1
Buroakuto,Buroakuto,,,,1
CF,CF,,,,1
CYP3A4,CYP3A4,,,,1
CYP3A4强抑制剂,CYP3A4强抑制剂,,,,1
D,D|D分散片|阿奇霉素。,阿奇霉素。,,以阿奇霉素分散片治疗感染性疾病，其疗程及使用方法如下：用水分散后口服或直接吞服成沙眼衣原体或敏感淋球菌所致性传播疾病，仅需单次口服本品1.0g.对其他感染的治疗：总剂量1.5g，分三次服药；一日1次服用本品0.5g。或总剂量相同，仍为1.5g，首日服用0.5g，然后第二至第五日一日1次口服本品0.25g.如发生超量使用(尚未有报道)，可进行洗胃或用一般支持疗法。,1
D860,D860,,,,2
Delavirdine,Delavirdine,,,,1
FAC,FAC,,,,1
Fulumarin,Fulumarin,,,,1
GLP-1受体激动剂,GLP-1受体激动剂,,,,1
H2受体拮抗剂,H2受体拮抗剂,,,,1
HMG-COA还原酶抑制剂,HMG-COA还原酶抑制剂,,,,1
IA类抗心律失常药,IA类抗心律失常药,,,,2
IFL,IFL,,,,1
III类抗心律失常药,III类抗心律失常药,,,,1
L-色氨酸,L-色氨酸,,,,1
MylantaⅡ,MylantaⅡ,,,,1
M胆碱酯酶药,M胆碱酯酶药,,,,1
N-去甲基托莫西汀,N-去甲基托莫西汀,,,,1
OLanzapineTablets,OLanzapineTablets|奥氮平。,奥氮平。,,精神分裂症：奥氮平的建议起始剂量为10mg/天，每日一次，与进食无关。在精神...,3
Olestra,Olestra,,,,2
P-糖蛋白,P-糖蛋白,,,,1
Puremarin,Puremarin|静注用Puremarin,,,,1
S-华法林,S-华法林,,,,1
VP-16,VP-16,,,,1
indinavir,indinavir,,,,1
retonavir,retonavir,,,,1
ritonavir,ritonavir,,,,1
saquinavir,saquinavir,,,,1
α-2a干扰素,α-2a干扰素,,,,1
α-受体阻滞剂,α-受体阻滞剂,,,,1
α-干扰素,α-干扰素,,,,3
α-甲基多巴,α-甲基多巴,,,,1
α-硫辛酸,α-硫辛酸|α-硫辛酸注射液|活性成份为α-硫辛酸辅料乙二胺注射用水。,,国药准字J20090105,1.本品可用于静脉注射。静脉注射应缓慢，最大速度为每分钟50 mg α-硫辛酸 (相当于2 mL本注射液)。 2.本品也可加入生理盐水静脉滴注，如250-500 mg α-硫辛酸 (相当于10-20 mL本注射液) 加入100-250 mL生理盐水中，静脉滴注时间约30分钟。 3.除非有特别医嘱对严重糖尿病周围神经病变引起的感觉异常的患者，可用静脉滴注给药，每天300-600 mg (相当于12-,3
α1受体阻滞药,α1受体阻滞药,,,,2
α受体拮抗药,α受体拮抗药,,,,1
β-受体阻滞剂,β-受体阻滞剂,,,,3
β-肾上腺素阻断剂,β-肾上腺素阻断剂,,,,1
β受体阻滞剂,β受体阻滞剂,,,,2
β胡萝卜素,β胡萝卜素|β胡萝卜素胶囊|β－胡萝卜素6mg，维生素E100mg，维生素C200mg。,β－胡萝卜素6mg，维生素E100mg，维生素C200mg。,国药准字H20020039,口服，一日一次，一次一粒。或遵医嘱。,3
β阻滞剂,β阻滞剂,,,,1
Ⅲ类抗心律失常药,Ⅲ类抗心律失常药,,,,1
丁二酸洛沙平,丁二酸洛沙平|丁二酸洛沙平胶囊|本品主要成份丁二酸洛沙平。,,国药准字H20056302,本品口服：开始剂量为每日34-68mg(1-2粒)，分二次服用。以后可根据病情逐渐递增，最大用量一般每日不超过340mg(10粒)，分2-4次服用。,3
丁卡因,丁卡因,,,,1
丁咯地尔口服制剂,丁咯地尔口服制剂,,,,1
丁氧普鲁卡因,丁氧普鲁卡因|丁氧普鲁卡因滴眼液,,,,1
丁溴东莨菪碱,丁溴东莨菪碱|丁溴东莨菪碱注射液|丁溴东莨菪碱胶囊|本品主要成份为丁溴东莨菪碱。,丁溴东莨菪碱,国药准字H44023471,口服。成人每次1～2粒，每日3次;或每次1粒，每日3～5次;小儿每日0.4mg/kg，分4次口服。 || 肌肉注射、静脉注射或溶于5%葡萄糖注射液、氯化钠注射液静脉滴注。成人每次1-2支，或一次1支，间隔20-30分钟后再用1支。,6
丁环螺酮,丁环螺酮,,,,1
丁香,1、本品含挥发油16%-19%，油中主要成分是丁香油酚、乙酰丁香油酚，微量成分有丁香烯醇、庚酮、水杨酸甲脂、α-丁香烯、胡椒酚、苯甲醇、苯甲醛等。2、2015年版《中国药典》规定：含丁香酚C10H12O2不得少于11.0%。|丁香,,,煎服，1-3g。外用适量。,2
万古霉素,万古霉素|盐酸万古霉素,,,,11
万拉法辛,万拉法辛,,,,1
万艾可,万艾可|本品主要成份为枸橼酸西地那非。,,25mg：国药准字H20020526；50mg：国药准字H20020527；100mg：国药准字H20020528。,1、对大多数患者，推荐剂量为50mg，在性活动前约1小时按需服用；但在性活动前0.5-4小时内的任何时候服用均可。基于药效和耐受性，剂量可增加至100mg（最大推荐剂量）或降低至25mg。每日最多服用1次。在没有性刺激时，推荐剂量的西地那非不起作用。2、下列因素与血浆西地那非水平（AUC）增加有关：年龄65岁以上（增加40％）、肝脏受损（如肝硬化，增加80％）、重度肾损害（肌酐清除率<30毫升/分,1
三七,三七,,,,1
三乙酰夹竹桃霉素,三乙酰夹竹桃霉素,,,,1
三乙醇胺,三乙醇胺|三乙醇胺乳膏|本品主要成份为：三乙醇胺。,,H20120425,放疗引起的皮肤损伤 ：遵照医嘱，一般，一日敷用2-3次，每次敷用间隔相等，轻轻按摩以使皮肤吸收。 II度烧伤和其它皮肤创伤：有必要咨询医生的意见。在清洁创伤后，于创伤表面敷上一厚层药物，重复敷用以使创伤处有足量的药物。若需要，请使用湿润的敷布包扎好。请勿使用干性吸水敷布包扎。 I度烧伤：敷上一厚层直至皮肤不再吸收药物为止，并轻轻按摩。一日2-4次。若烧伤面积较大，请咨询医生。,3
三价灭活流感疫苗,三价灭活流感疫苗,,,,4
三唑仑,三唑仑,,,,21
三棱,三棱,,,,1
三氯噻嗪,三氯加塞腠|三氯噻嗪,,,,1
三氯甲噻嗪,三氯甲噻嗪,,,,1
三环抗抑郁药,三环抗抑郁药,,,,1
三环类抗抑郁药,TCAs|三环类抗抑郁药,,,,5
三甲氧苄氨嘧啶,三甲氧苄氨嘧啶,,,,1
三硅酸镁,三硅酸镁,,,,3
三维亚铁,三维亚铁|三维亚铁咀嚼片|本品为复方制剂，其组份为每片含:富马酸亚铁15mg、维生素C11.25mg、维生素B123.75mg、叶酸0.075mg。,,,"口服。小儿:2岁以下一次1片；2岁以上一次2～4片,一日2～3次。嚼服或含服,也可研细后加入食品(除牛乳外)中服用。成人遵医嘱。通常宜餐后服用。",3
三维葡磷钙,三维葡磷钙|三维葡磷钙咀嚼片|本品为复方制剂，每片含葡萄糖酸钙150毫克，磷酸氢钙100毫克，维生素B10.5毫克，维生素B20.5毫克，维生素D21.5微克。,,,嚼服或含服。成人一次1~2片，一日3次；儿童一次一片，一日3次。,3
三维鱼肝油乳儿,三维鱼肝油乳儿|本品每10毫升含维生素A620单位，维生素D365单位，维生素C15.4毫克。,本品每10毫升含维生素A620单位，维生素D365单位，维生素C15.4毫克。,,口服。预防用：一次10毫升，一日3次，以温开水调服。治疗用：一次30～40毫升，...,3
三苯氧胺,三苯氧胺,,,,2
丙卡巴肼,丙卡巴肼,,,,2
丙吡胺,丙吡胺,,,,12
丙咪嗪,丙咪嗪,,,,7
丙基肾上腺素,丙基肾上腺素,,,,1
丙异肾上腺素,丙异肾上腺素,,,,1
丙戊酰胺,丙戊酰胺|丙戊酰胺片|丙戊酰胺胶囊|丙缬草酰胺。|本品活性成分为：丙戊酰胺。,丙戊酰胺|丙缬草酰胺。|本品活性成分为：丙戊酰胺。,国药准字H11021865|国药准字H43021874,"口服。一日0.6～1.2g，分3次服用。儿童口服一日10～30mg/kg，分2～3次服用。 || 口服。成人：一日O.6～1.2g(3片-6片)，分3次服用。儿童：一日10～30... || 口服。成人：一次2～4粒，一日3次。儿童：一日10～30mg/kg,分3次服用。",10
丙戊酰胺栓,丙戊酰胺栓|本品主要成份为丙戊酰胺,,国药准字H43021791,肛门给药。按体重一次8~18mg/kg，一日2次或遵医嘱。2岁以下儿童一次100mg，一日2次；2～7岁儿童一次200mg，一日2次；7~15岁儿童一次400mg，一日2次；16岁以上成人一次600mg，一日2次。,3
丙戊酸,丙戊酸,,,,16
丙戊酸半钠,丙戊酸半钠,,,,1
丙戊酸盐,丙戊酸盐,,,,1
丙戊酸钠,丙戊酸钠|丙戊酸钠片|丙戊酸钠糖浆|丙戊酸钠缓释片|戊酸钠口服溶液|本品为复方制剂，其组份为：每片含0.333G丙戊酸钠及0.145G丙戊酸相当于0.5G丙戊酸钠。|本品主要成份丙戊酸钠。|本品主要成份为：丙戊酸钠。|本品的主要成份为：丙戊酸钠,,国药准字H20043182|国药准字H21024473,1.成人常用量：每日按体重15mg/kg或每日600~1200mg分次2~3次服。开始时按5~10 mg/kg，一周后递增，至能控制发作为止。当每日用量超过2500mg时应分次服用，以减少胃肠刺激。每日最大量为按体重不超过30 mg/kg、或每日1.8~2.4g。 2.小儿常用量：按体重计与成人相同，也可每日20~30mg/kg，分2~3次服用或每日15 mg/kg，按需每隔一周增加5~10 mg || 口服：1? 成人常用量：每日按体重15mg/kg或每日600～1200mg，分次服。开始时按体重5～10mg/kg，一周后递增，至发作得以控制为止。当每日用量超过250mg时，每日应分次服用，以减少胃肠道刺激。最大量一般为每日按体重不超过30mg/kg，或每日1.8～2.4g。2? 小儿常用量：按体重计与成人相同。也有报道开始时按体重15mg/kg，按需要每隔一周增加5～10mg/kg至有效或不能 || 成人常用量:每日按体重15mg/kg或每日600～1200mg分次2-3次服。开始时按5～10mg/kg，一周后递增，至能控制发作为止。当每日用量超过250mg时应分次服用，以减少胃肠刺激。每日最大量为按体重不超过30mg/kg、或每日1.8～2.4g。小儿常用量:按体重计与成人相同。也可每日20～30mg/kg，分2～3次服用或每日15mg/kg，按需每隔一周增加5～10mg/kg，至有效或不能,19
丙戊酸钠口服溶液,丙戊酸钠口服溶液|本品主要成份为:丙戊酸钠，其化学名称为:2-丙基戊酸钠。,,国药准字H20041435,"1.口服 1成人常用量：每日按体重15mg/kg或每日600～1200mg，分次服。开始时按体重5～10mg/kg，一周后递增，至发作得以控制为止。当每日用量超过250mg时，每日应分次服用，以减少胃肠道刺激。最大量一般为每日按体重不超过30mg/kg，或每日1.8～2.4g。 
2.小儿常用量：按体重计与成人相同。也有报道开始时按体重15mg/kg，按需要每隔一周增加5～10mg/kg至有效或不",3
丙戊酸钠缓释片II,丙戊酸钠缓释片II|本品的主要成分为丙戊酸钠。化学名称：2-丙基戊酸钠分子式：C8H15NaO2分子量：166.20,,,口服，一次0.2~0.4g(1~2片)，一日2次。详见内包装说明书。,2
丙戊酸镁,丙戊酸镁|丙戊酸镁片|本品活性成份为丙戊酸镁。,,,口服 抗癫痫，小剂量开始，一次200mg，一日2～3次，逐渐增加至一次 300～...,3
丙氧拉嗪,丙氧拉嗪,,,,1
丙氧氨酚,丙氧氨酚|丙氧氨酚片,,国药准字H10940023,口服。成人一次1～2片，一日3～4次，饭后服。儿童酌减或遵医嘱。,3
丙氨酰-谷氨酰胺,N2-L-丙氨酰-L-谷氨酰胺|丙氨酰-谷氨酰胺|丙氨酰-谷氨酰胺注射液,N2-L-丙氨酰-L-谷氨酰胺,50ml：10g国药准字H20046391  100ml：20g国药准字H20043702,本品是一种高浓度溶液，不可直接输注。在输注前，必须与可配伍的氨基酸溶液或含有氨基酸的输液相混合，然后与载体溶液一起输注。1体积的本品应与至少5体积的载体溶液混合（例如：100ml本品应加入至少500ml载体溶液），混合液中本品的最大浓度不应超过3.5% 。剂量根据分解代谢的程度和氨基酸的需要量而定。胃肠外营养每天供给氨基酸的最大剂量为2g/kg体重，通过本品供给的丙氨酸和谷氨酰胺量应计算在内。通过,3
丙氨酰谷氨酰胺,丙氨酰谷氨酰胺|丙氨酰谷氨酰胺注射液|本品主要成份：丙氨酰谷氨酰胺。,,（1）国药准字H20065494（50ml）（2）国药准字H20053572（100ml）,1.剂量根据分解代谢的程度和氨基酸的需要量而定。胃肠外营养每天供给氨基酸的最大剂量为2g/kg体重。通过本品供给的丙氨酸和谷氨酰胺量应计算在内。通过本品供给的氨基酸量不应超过全部氨基酸供给量的20%。 (1)每日剂量： 0.3－0.4g N(2)-L-丙氨酰-L-谷氨酰胺/kg体重 (例如：70kg体重病人每日需20－28g本品)。 (2)每日最大剂量： 0.4g/k g体重。 2.加入载体溶液时,3
丙泊酚,丙泊酚|丙泊酚。所用辅料包括大豆油、纯化卵磷脂、甘油、油酸、氢氧化钠和注射用水。|丙泊酚注射液,,H20130535,使用本品通常需要补充镇痛药。本品已经辅助用于脊髓和硬膜外麻醉，并与常用的术前用药、神经肌肉阻断剂，吸入麻醉药和镇痛药配合使用，尚未遇到药物配伍禁忌。使用本品作为全身麻醉以辅助区域麻醉技术，所需剂量较低。参见关于用‘Diprifusor’靶控输注(TCI)系统输注‘得普利麻’的使用指南，其中包括‘Diprifusor’TCI系统软件，见“在成人中用‘Diprifusor’TCI系统靶控输注”部分。此,4
丙泊酚中/长链脂肪乳,丙泊酚中/长链脂肪乳|丙泊酚中/长链脂肪乳注射液,,H20110278,本品只能在医院或有合适设备的门诊由经过麻醉训练的医生使用或在重症监护病房使用。使用本品时，所用设备应在麻醉下能够处理突发事件，复苏设备应能伸手可及，呼吸与循环功能应被监控（如心电图，脉搏血氧饱和度仪）。本品作为手术和诊断过程中的镇静用药，不得由实施该手术或诊断的人给药。应根据病人反应及术前用药实行个体化给药。麻醉时除了使用本品外，一般还应补充镇痛药。◆剂量成人麻醉麻醉诱导本品应采用滴定法实施麻醉诱,3
丙硫异烟胺,丙硫异烟胺|丙硫异烟胺片|丙硫异烟胺肠溶片|主要成份丙硫异烟胺。|本品化学名称为：2-丙基硫代异烟酰胺。,本品化学名称为：2-丙基硫代异烟酰胺。,国药准字H14022093|国药准字H21022339,"1. 成人常用量:口服,与其他抗结核药合用,一次25ｏmg,一日2～3次。 2. 小儿常用量:与其他抗结核药合用,一次按体重口服4～5mg/kg,一日3次。 || 1、成人常用量口服，与其他抗结核药合用，一次250mg，一日2~3次。2、小儿常用量与其他抗结核药合用，一次按体重口服4~5mg/kg,一日3次。",8
丙硫氧嘧啶,丙硫氧嘧啶|丙硫氧嘧啶。|丙硫氧嘧啶片|丙硫氧嘧啶肠溶片,丙硫氧嘧啶|丙硫氧嘧啶。,国药准字H20041764,用于治疗成人甲状腺功能亢进症，开始剂量一般为每天300mg，视病情轻重介于150-400mg，分次口服，一日最大量600mg。病情控制后逐渐减量，维持量每天50-150mg，视病情调整；小儿开始剂量每日按体重4mg/kg，分次口服，维持量酌减。 || 用于治疗成人甲状腺功能亢进症，开始剂量一般为每天300mg，视病情轻重介于150...,6
丙硫氧嘧啶肠溶,丙硫氧嘧啶肠溶|丙硫氧嘧啶肠溶胶囊|本品主要成份为：丙硫氧嘧啶。,,国药准字H20041763,口服用药。|1.成人用量|(1)治疗甲状腺功能亢进症分三个阶段。治疗阶段：一日300-400mg（6-8粒），分3-4次服用，重症甲亢可适当加量，极量一日600mg（12粒），症状控制之后逐渐减量，一般需要1- 3个月；减量阶段：根据病情、血压及血TSH水平酌情减量，一次可减量 50-100mg（1-2粒），3-4周减量一次；(2)维持量阶段：一日50-150mg（1粒-3粒），需服药6-12个月,3
丙磺舒,丙磺舒|丙磺舒片|主要成份、丙磺舒。,,国药准字H41020471,1? 口服。 2? 慢性痛风的高尿酸血症：成人一次0.25g，一日 2 次，一周后可增至一次0.5g，一日2次。 3? 增强青霉素类的作用：成人一次0.5g，一日4次。2～14岁或体重在50kg 以下儿童，首剂按体重 0.025g/kg或按体表面积 0.7g/m2，以后每次0.01g/kg或 0.3g/m2，一日4次。,141
丙磺酸,丙磺酸,,,,3
丙米嗪,丙米嗪,,,,2
丙谷胺,丙谷胺|丙谷胺片|丙谷胺胶囊|本品主要成份丙谷胺。|本品主要成份为：丙谷胺。,,国药准字H44023212,口服。 1.成人：每次0.4g，每日3～4次，餐前15分钟服用，连续服用30～60天，亦可根据胃镜或X线检查结果决定用药时间。 2.小儿：每次10～15mg/kg，每日3次，餐前15分钟服用，疗程视病情而定。 || 口服。成人:每次0.4g(2片)，每日3-4次，餐前15分钟服用，连续服用30-60天，亦可根据胃镜或X线检查结果决定用药时间。小儿:每次10-15mg/kg，每日3次，餐前15分钟服用，疗程视病情而定。,6
丙酸交沙霉素,丙酸交沙霉素|丙酸交沙霉素颗粒|本品主要成份为丙酸交沙霉素。,,国药准字H10950037,"口服。幼儿及儿童一日按每公斤体重服30mg（效价/kg）,分3～4次服用,可根据年龄适当增减或遵医嘱。",3
丙酸倍氯米松气雾剂,丙酸倍氯米松气雾剂|本品主要成份为丙酸倍氯米松。,,国药准字H37022928,用于治疗和预防支气管哮喘时口腔吸入。 成人一般每次0.05～ｏ.1mg?即1～2喷?一日3～4次。重症患者用全身性皮质激素控制后再用本品治疗?每日最大量不超过1mg（20喷）。 儿童用量按年龄酌减?每日最大量不超过0.4mg（8喷）。症状缓解后逐渐减量。 不论对成人或儿童?可以对剂量进行调整?直至症状得到控制。或根据个体反应将剂量调节至最低有效剂量。 1.使用时除去助动器帽?瓶身倒置?摇匀。 2.,3
丙酸氟替卡松吸入气雾剂,丙酸氟替卡松。|丙酸氟替卡松吸入气雾剂,丙酸氟替卡松。,,丙酸氟替卡松气雾剂仅供吸入用：应使病人明了吸入丙酸氟替卡松疗法的预防性质，即使无...,3
丙酸氟替卡松鼻,丙酸氟替卡松鼻|丙酸氟替卡松鼻喷雾剂|药液浓度为0.05%，相当于每喷含丙酸氟替卡松50微克。辅料为：葡萄糖、微晶纤维素和羧甲基纤维素钠、苯乙醇、苯扎氯铵，吐温80、稀盐酸、纯水。,,,鼻腔喷入：左手喷右侧鼻孔，右手喷左侧鼻孔，避免直接喷向鼻中隔。成人和12岁以上儿童：每个鼻孔各2喷，每日1次(每日200g)，以早晨用药为好。某些患者需每个鼻孔各2喷，每日2次，早晚各1次直至症状改善。当症状得到控制时，维持剂量为每个鼻孔1喷，每日1次。每日最大剂量为每个鼻孔不超过4喷。,3
丙酸睾酮,丙酸睾酮|丙酸睾酮注射液|本品主要成份为：丙酸睾酮。辅料为：大豆油供注射用,,国药准字H12020531,1．成人常用量深部肌内注射（1）男性性腺功能低下激素替代治疗：一次25-50mg，每周2-3次。（2）绝经后女性晚期乳腺癌：一次50-100mg，每周3次。（3）功能性子宫出血：配合黄体酮使用每次25-50mg，每日1次，共3-4次。2．儿童常用量男性青春发育延缓：一次12.5-25mg，每周2-3次，疗程不超过4-6个月。,3
东山感冒,东山感冒|东山感冒片|山芝麻、东风桔、鬼针草、三叉苦、岗梅、葫芦茶、羊耳菊、对乙酰氨基酚、马来酸氯苯那敏。辅料为：氢氧化铝、淀粉、羟丙纤维素、硬脂酸镁、羟丙甲纤维素、聚山梨酯80、二氧化钛、滑石粉、丙二醇、绿色色淀。,,国药准字Z20026889,口服，一次3～4片，一日3次。,3
东莨菪碱膜,东莨菪碱|东莨菪碱膜|东莨菪碱膜片,东莨菪碱,国药准字H10880042,于上车船前将其贴于耳后无毛处，药效可维持72小时。,2
两性霉素,两性霉素,,,,1
两性霉素B,两性霉素B,,,,21
中枢性麻醉剂,中枢性麻醉剂,,,,2
中枢抑制药,中枢抑制药,,,,1
中枢神经抑制药,中枢神经抑制药,,,,3
丹参,丹参,,,,1
丹参川芎嗪,丹参川芎嗪|丹参川芎嗪注射液|丹参素、川芎嗪,丹参素、川芎嗪,国药准字H52020959,静脉滴注，每次5ml，每日1～2次。用5%～10%葡萄糖注射液250ml～500ml稀释。,3
丹曲林,丹曲林,,,,1
丹曲洛林,丹曲洛林,,,,1
乌洛托品,乌洛托品|乌洛托品片|乌洛托品，化学名称为：六次甲基四胺。,乌洛托品，化学名称为：六次甲基四胺。,,口服。一次1～3片，一日3次或遵医嘱。,3
乙内酰脲,乙内酰脲,,,,2
乙炔雌二醇/炔诺酮,乙炔雌二醇/炔诺酮|含乙炔雌二醇及炔诺酮,,,,1
乙琥胺,乙琥胺,,,,1
乙硫异烟胺,乙硫异烟胺,,,,13
乙肝免疫球蛋白,乙肝免疫球蛋白,,,,1
乙胺嘧啶,乙胺嘧啶,,,,3
乙酰半胱氨酸,乙酰半胱氨酸|乙酰半胱氨酸。|乙酰半胱氨酸本品辅料为：乙二胺四醋酸氢氧化钠|乙酰半胱氨酸泡腾片|乙酰半胱氨酸注射液|乙酰半胱氨酸片|乙酰半胱氨酸胶囊|乙酰半胱氨酸颗粒|本品主要成份为：乙酰半胱氨酸。|本品的主要成份为乙酰半胱氨酸。,乙酰半胱氨酸|乙酰半胱氨酸。,国药准字H20051788,临用前加少量温开水溶解，混匀服用，或直接口服。成人：口服，一次0.2g（以乙酰半... || 口服。成人，每次0.2g，每日2～3次。 || 成人:口服，一次1片(600mg)，一日1-2次，或遵医嘱。,16
乙酰唑胺,乙酰唑胺|乙酰唑胺片|本品主要成分为乙酰唑胺。,本品主要成分为乙酰唑胺。,国药准字H32020382,口服给药：成人常用量（1）开角型青光眼，首量250mg(1片)，每日l～3次，维持量应根据病人对药物的反应决定，尽量使用较小的剂量使眼压得到控制；一般每日2次，每次250mg(1片)就可使眼压控制在正常范围。（2）继发性青光眼和手术前降眼压，250mg(1片)，每4～8小时1次，一般每日2～3次。（3）急性病例，首次药量加倍给500mg(2片)，以后用125～250mg(0.5～1片)维持量，每日,5
乙酰水杨酸,乙酰水杨酸,,,,13
乙酰胆碱,乙酰胆碱,,,,3
乙酰螺旋霉素,乙酰螺旋霉素|乙酰螺旋霉素片|本品为单乙酰螺旋霉素Ⅱ、单乙酰螺旋霉素Ⅲ、双乙酰螺旋霉素Ⅱ和双乙酰螺旋霉素Ⅲ四个组分为主的混合物。,,,成人剂量：一次0.2- 0.3g（2-3片），一日4次，首次加倍。,5
乙醇,乙醇,,,,17
九价HPV疫苗,九价HPV疫苗|本品系用重组酿酒酵母CANADE3C-5菌株1895分别表达重组人乳头瘤病毒HPV6、11、16、18、31、33、45、52和58型L1蛋白的病毒样颗粒VLP，经纯化，添加铝佐剂制成的九价疫苗。,,,1、免疫程序和剂量：（1）本品每剂接种0.5mL。按照0，2，6月的免疫程序接种3剂。（2）根据临床研究数据，第2剂与首剂的接种间隔至少为1个月，而第3剂与第2剂的接种间隔至少为3个月，所有3剂应在一年内完成。（3）尚未确定本品是否需要加强免疫。2、接种说明：（1）本品为肌肉注射，首选接种部位为上臂三角肌。（2）本品使用前应充分摇匀。本品充分摇匀后呈白色混悬液。应在使用前肉眼观察有无颗粒或变色，如,3
九味羌活颗粒无糖型,九味羌活颗粒无糖型|羌活、防风、苍术、细辛、川芎、白芷、黄芩、甘草、地黄。辅料为糊精。,,,姜汤或开水冲服。一次5克，一日23次。,3
乳果糖,乳果糖|乳果糖口服液|本品主要成份为乳果糖。,,,乳果糖口溶液：每日剂量可根据个人需要进行调节，下述剂量供参考：1、便秘或临床需要保持软便的情况：（1）成人，起始剂量每日30ml，维持剂量每日10-25ml。（2）7-14岁儿童，起始剂量每日15ml，维持剂量每日10-15ml。（3）1-6岁儿童，起始剂量每日5-10ml，维持剂量每日5-10ml。（4）婴儿，起始剂量每日5ml，维持剂量每日5ml。治疗几天后，可根据患者情况酌情减剂量。本品宜在 || 每日剂量可根据个人需要进行调节，下述剂量供参考：1、便秘或临床需要保持软便的情况：（1）成人，起始剂量每日30ml，维持剂量每日10-25ml。（2）7-14岁儿童，起始剂量每日15ml，维持剂量每日10-15ml。（3）1-6岁儿童，起始剂量每日5-10ml，维持剂量每日5-10ml。（4）婴儿，起始剂量每日5ml，维持剂量每日5ml。治疗几天后，可根据患者情况酌情减剂量。本品宜在早餐时一次服用,7
乳果糖口服溶液,乳果糖口服溶液|本品主要成份为乳果糖。,,,每日剂量可根据个人需要进行调节，下述剂量供参考：1.便秘或临床需要保持软便的情况：成人起始剂量每日30ml，维持剂量每日10-25ml；年龄7-14岁儿童起始剂量，维持剂量每日15ml每日10-15ml；年龄1-6岁儿童起始剂量，维持剂量每日5-10ml每日5-10ml；婴儿起始剂量每日5ml，维持剂量每日5ml。治疗几天后，可根据患者情况酌情减剂量。本品宜在早餐时一次服用。根据乳果糖的作用机制，,3
乳清酸,乳清酸,,,,4
乳酶生,乳酶生|乳酶生片|本品每片含主要成份乳酶生0.15克。辅料为淀粉、糖粉、糊精、硬脂酸镁、滑石粉。,,,口服。12岁以上儿童及成人一次2～6片，一日3次，饭前服。儿童用量见下表：详见说明书图。,7
乳酸亚铁,乳酸亚铁|乳酸亚铁。辅料为：蔗糖、乳酸。|乳酸亚铁口服液|乳酸亚铁片|每片含乳酸亚铁0.1克。辅料为：预胶化淀粉、乳糖、羟丙纤维素、羟丙甲纤维素、硬脂酸镁。,,,口服。成人一次10-20毫升，一日3次。饭后服用。 || 口服，成人每次0.2g(2片)，一日3次，小儿剂量按年龄进行调整。,6
乳酸依沙吖啶溶液,乳酸依沙吖啶溶液|本品每毫升含主要成份为乳酸依沙吖啶1毫克。辅料为：乳酸、水。,,,外用。洗涤或涂抹患处。,3
乳酸司帕沙星,乳酸司帕沙星|乳酸司帕沙星片|活性成份：乳酸司帕沙星。,,,"口服，成人每次0.1-0.3g，最多不超过0.4g,每日一次，疗程一般4-7天，可据病种及病情适当增减疗程，或遵医嘱。",3
乳酸左氧氟沙星,乳酸左氧氟沙星|乳酸左氧氟沙星片|乳酸左氧氟沙星胶囊|本品主要成分为乳酸左氟沙星。,本品主要成分为乳酸左氟沙星。,国药准字H20052389,"口服。成人常用量:1.支气管感染、肺部感染:一次0.2g，一日2次，或一次0.1g，一日3次，疗程7～14日。2.急性单纯性下尿路感染:一次0.1g，一日2次，疗程5～7日；复杂性尿路感染:一次0.2g，一日2次，或一次0.1g，一日3次，疗程10～14日。3.细菌性前列腺炎:一次0.2g，一日2次，疗程6周。成人常用量为一日0.3～0.4g，分2～3次服用，如感染较重或感染病原体敏感性较差者，如 || 口服。成人常用量： 1.支气管感染、肺部感染：1次0.2g，一日2次，或一次0.1g，一日3次，疗程7~14日。 2.急性单纯下尿路感染：一次0.2g,一日2次，或一次0.1g，一日2次，疗程5～7日；复杂性尿路感染：一次0.2g,一日2次，或一次0.1g,一日3次，疗程10~14日。 3.细菌性前列腺炎：一次0.2g，一日2次，疗程6周。成人常用量为一日0.3~0.4g,分2～3次服用，如感染较",5
乳酸左氧氟沙星葡萄糖,乳酸左氧氟沙星葡萄糖|乳酸左氧氟沙星葡萄糖注射液|本品主要成份为乳酸左氧氟沙星。,,国药准字H20041932,1.静脉滴注。成人每日0.4g，分2次静滴。 2.重度感染患者及病原菌对本品的敏感性较差者（如铜绿假单胞菌等假单胞菌属细菌感染），每日最大剂量可增至0.6g，分2次静滴。或遵医嘱。,3
乳酸林格氏液,乳酸林格氏液,,,,1
乳酸菌素,乳酸菌素|乳酸菌素片|乳酸菌素颗粒|本品主要成分为乳酸菌素。|本品每片含主要成份乳酸菌素0.4g，辅料为硬脂酸镁、淀粉、蔗糖粉、可可粉、蛋白糖、滑石粉。,本品主要成分为乳酸菌素。,国药准字H23022499,口服。1. 儿童一次0.5～1包。2. 成人一次1～2包;一日3次。温开水冲服。 || 嚼服。成人一次1.2～2.4克（按乳酸菌素计），一日3次。小儿一次0.4～0.8...,5
乳酸钙,乳酸钙|乳酸钙颗粒|本品每包含乳酸钙0.5克相当于钙65毫克。,本品每包含乳酸钙0.5克相当于钙65毫克。,,口服，一次1包，一日1～2次，温水冲服。,3
乳酸钠林格,乳酸钠林格|乳酸钠林格注射液,,,,1
二丙酸倍他米松,二丙酸倍他米松|二丙酸倍他米松乳膏,二丙酸倍他米松,,均匀涂本品一薄层于患处，每日1～2 次，每周总量不超过45g。勿采用封 包治疗。,3
二巯丙醇,二巯丙醇,,,,3
二氟尼柳,二氟尼柳|二氟尼柳片|本品主要成份为：二氟尼柳。,,,饭后口服。成人一日2次，一次0.5g，或遵医嘱。一日维持剂量不应超过1.5g。,4
二氢可待因酮,二氢可待因酮,,,,1
二氢麦角碱,二氢麦角碱,,,,4
二氢麦角胺,二氢麦角胺|口服二氢麦角胺,,,,15
二氨嗪,二氨嗪,,,,1
二氮嗪,二氮嗪,,,,2
二氯乙酸二异丙胺,二氯乙酸二异丙胺|二氯乙酸二异丙胺胶囊|本品主要成份为二氯乙酸二异丙胺，其化学名称为二氯乙酸与N-1-甲基乙基-2-丙胺化合物1:1。其结构式为：分子式：C6H15N·C2H2Cl2O2分子量：230.13,,国药准字H20041477,通常成人一日1～3粒（20～60mg），分2～3次口服。服药剂量应随患者年龄和症状适当调整。,3
二甲双胍,二甲双胍|二甲双胍片|二甲双胍缓释片|本品主要成分为盐酸二甲双胍。,本品主要成分为盐酸二甲双胍。,,口服，成人开始一次0.25g，一日2-3次，以后根据疗效逐渐加量，一般每日量1-1.5g，最多每日不超过2g。餐中或餐后即刻服用，可减轻胃肠道反应。 || 本品不同剂型、不同规格的用法用量可能存在差异，请阅读具体药物说明书使用，或遵医嘱。盐酸二甲双胍片：口服。成人开始一次0.25g，一日2-3次，以后根据疗效逐渐加量，一般每日量1-1.5g，最多每日不超过2g。餐中或餐后即刻服用，可减轻胃肠道反应。盐酸二甲双胍肠溶片：1、糖尿病治疗应根据血糖测定情况按个体化原则进行。从小剂量开始使用，根据病人状况，逐渐增加剂量。成人最大推荐剂量为每天2.0g。通常起 || 盐酸二甲双胍缓释片、盐酸二甲双胍缓释片（Ⅱ）：1、口服，进食时或餐后服，开始用量通常为每日1次，一次500mg，晚餐时服用。2、根据血糖和尿糖调整用量，每日最大剂量不超过2000mg。3、如果每日1次，每次2000mg不能达到满意的疗效，可改为每日2次，每次（1000mg）。4、本品应整片吞服，禁止嚼碎。盐酸二甲双胍缓释片（Ⅲ）：1、必须整片吞服，不得碾碎或咀嚼后服用。（1）2型糖尿病使用本品治疗,29
二甲双胍格列本脲,二甲双胍格列本脲|二甲双胍格列本脲片|本品为复方制剂，每片含盐酸二甲双胍250mg与格列本脲1.25mg。,本品为复方制剂，每片含盐酸二甲双胍250mg与格列本脲1.25mg。,国药准字H20041013,1.口服，就餐时服用。 2.仅用于2型糖尿病的二线治疗：推荐开始剂量为一日两次，一次一片(2.5mg／500mg)。 3.对于以前服用过格列本脲或二甲双胍的病人，本药的首次剂量不应超过以前服用的格列本脲或/和二甲双胍的剂量，以避免发生低血糖，剂量应逐渐增加，直至达到对病人高血糖良好控制的最低剂量，一日最大剂量不超过四片(10mg／2000mg)。,3
二甲双胍格列本脲片I,二甲双胍格列本脲片I|本品含盐酸二甲双胍250mg与格列本脲1.25mg。,本品含盐酸二甲双胍250mg与格列本脲1.25mg。,,1、对于饮食与运动疗法已不能满意控制血糖都型糖尿病患者，推荐开始剂量为1日1次，...,3
二甲双胍格列本脲片Ⅰ,二甲双胍格列本脲片Ⅰ|本品为复方制剂，每片含盐酸二甲双胍250mg与格列本脲1.25mg。,本品为复方制剂，每片含盐酸二甲双胍250mg与格列本脲1.25mg。,国药准字H20041013,1.口服，就餐时服用。 2.仅用于2型糖尿病的二线治疗：推荐开始剂量为一日两次，一次一片(2.5mg／500mg)。 3.对于以前服用过格列本脲或二甲双胍的病人，本药的首次剂量不应超过以前服用的格列本脲或/和二甲双胍的剂量，以避免发生低血糖，剂量应逐渐增加，直至达到对病人高血糖良好控制的最低剂量，一日最大剂量不超过四片(10mg／2000mg)。,3
二甲双胍格列本脲片Ⅱ,二甲双胍格列本脲片Ⅱ|本品为复方制剂，其组分为：每片含格列本脲2.5mg，盐酸二甲双胍250mg。,本品为复方制剂，其组分为：每片含格列本脲2.5mg，盐酸二甲双胍250mg。,国药准字H20050590,1.口服，就餐时服用。推荐开始剂量为一日2次，一次2片（5mg/500mg）。 2.对于以前服用过格列本脲或/和二甲双胍的病人，本药的首次剂量不应超过以前服用的格列本脲或/和二甲双胍的剂量，以避免发生低血糖。 3.剂量增加应为每两周一次，每次增加不超过2片（5mg/500mg），直至达到对病人高血糖良好控制的最低剂量。 4.一日最大剂量不超过8片（20mg/2000mg）。,3
二甲双胍格列本脲胶囊I,二甲双胍格列本脲胶囊I|本品为复方制剂，其组份为磷酸西格列汀和盐酸二甲双胍。,本品为复方制剂，其组份为磷酸西格列汀和盐酸二甲双胍。,,个性化给药。1、于饮食与运动疗法已不能满意控制血糖的2型糖尿病患者，推荐开始剂量为1日1次，1次1粒(格列本脲/二甲双胍：1.25mg/250mg)，与饭同服。2、对于基线HbAlc]9%或FPG]200mg/dl的初次治疗病人，开始剂量为1日2次，1次1粒(1.25mg/250mg)，早晚饭时服。每隔两周，可增加本品的每日剂量，以达到最小的有效治疗剂量。3、用于以前已服用过其它降糖药的病人，推荐,3
二甲双胍格列本脲胶囊Ⅰ,二甲双胍格列本脲胶囊Ⅰ|本品为复方制剂，其组分为格列本脲和盐酸二甲双胍。,本品为复方制剂，其组分为格列本脲和盐酸二甲双胍。,,个性化给药1对于饮食与运动疗法已不能满意控制血糖的2型糖尿病患者，推荐开始剂量为...,3
二甲双胍格列齐特,二甲双胍格列齐特|二甲双胍格列齐特片|本品为复方制剂，其组分为每片含盐酸二甲双胍250mg，格列齐特40mg。,本品为复方制剂，其组分为每片含盐酸二甲双胍250mg，格列齐特40mg。,国药准字H20051894,口服，0.5g/次，1.5g/日，开始时0.25g/次，3次/日以后可根据病情调整用量。,3
二甲基硅油,二甲基硅油,,,,3
二甲矽油,二甲矽油,,,,1
二维三七桂利嗪,二维三七桂利嗪|二维三七桂利嗪胶囊|本品为复方制剂，其组份为:每粒含桂利嗪30mg，三七总皂苷60mg，维生素E15mg，维生素B610mg。,,,口服。一次1粒，每日2次。,3
二羟丙茶碱,二羟丙茶碱|二羟丙茶碱注射液|本品主要成分为二羟丙茶碱。,本品主要成分为二羟丙茶碱。,国药准字H32021912,静脉滴注，一次0.25-0.75g（1-3支），以5%或10%葡萄糖注射液稀释。,3
二苯乙内酰胺,二苯乙内酰胺,,,,3
五氟利多,五氟利多|五氟利多。|五氟利多片,五氟利多。,,口服 治疗剂量范围2~12片，一周一次。宜从每周1~2片开始，逐渐增量，每一周或...,3
五灵脂,五灵脂,,,,44
五维牛磺酸口服溶液,五维牛磺酸口服溶液|本品为复方制剂，其组分为：每10ml含维生素B18mg，维生素B21.3mg，维生素B61.6mg，烟酰胺4.8mg，牛磺酸20mg，维生素D27.2mg。,,国药准字H11021836,口服，饭后直接服用或用适量开水稀释后服用，一日3次或遵医嘱。1. 成人一次5ml。2. 儿童一次 2.5ml。,3
亚叶酸钙,亚叶酸钙|亚叶酸钙片|本品主要成份亚叶酸钙。,,H20020601,"口服给药: 1.作为甲氨喋呤的""解救""疗法，一般采用的剂量为5～15mg，每6～8小时一次，连续2日，根据血药浓度测定结果控制甲氨喋呤血药浓度在5×10-8mol/L以下。 2.作为乙胺嘧啶或甲氧苄啶等的解毒，每日剂量5～15mg，视中毒情况而定。 3.用于巨幼细胞贫血，每日15mg。 4.与5-氟尿嘧啶合用时，20～30mg/m2体表面积，在5-氟尿嘧啶用药半小时后服。",3
亚叶酸钙氯化钠,亚叶酸钙氯化钠|亚叶酸钙氯化钠注射液|本品主要成份亚叶酸钙。,,国药准字H20041525,1.用于与5-Fu合用增效:亚叶酸钙每次200mg/m2，静滴2小时，接着连续2天给予5-FU400mg/m2，每2周一次。|2.作为甲氨喋呤的“解救”疗法，本品剂量最好根据血药浓度而定，当甲氨喋呤用量为500mg/m2时，亚叶酸钙的一般剂量为100-500mg/m2，静注，每6小时1次，至甲氨喋呤血药浓度小于0.5μmol/l。,3
亚胺培南,亚胺培南,,,,1
亚胺培南-西司他丁,亚胺培南-西司他丁,,,,1
交感神经节阻断剂,交感神经节阻断剂,,,,1
交沙霉素,交沙霉素|交沙霉素片|本品主要成份为交沙霉素。,,,成人，一日0.8～1.2g，较重感染可增至一日1.6g；小儿，按体重一日30mg/kg。均分3～4次服用(餐前1小时或餐后3～4小时)。,4
产妇安,产妇安|产妇安颗粒|当归、川芎、红花、桃仁、甘草、干姜炮、益母草。,当归、川芎、红花、桃仁、甘草、干姜炮、益母草。,国药准字Z20033021,开水冲服，一次6g，一日2次。,3
京大戟,京大戟,,,,4
人二倍体细胞狂犬疫苗,人二倍体细胞狂犬疫苗,,,,1
人参,人参,,,,2
人参天麻药酒,人参天麻药酒|天麻、人参、黄芪、川牛膝、穿山龙、红花。,天麻、人参、黄芪、川牛膝、穿山龙、红花。,国药准字Z22021308,口服，一次10毫升，一日3次。,3
人工牛黄甲硝唑,人工牛黄甲硝唑|人工牛黄甲硝唑胶囊|本品为复方制剂，其组分为每粒含：甲硝唑200mg，人工牛黄5mg。|本品为复方制剂，其组分为甲硝唑、人工牛黄。,本品为复方制剂，其组分为每粒含：甲硝唑200mg，人工牛黄5mg。|本品为复方制剂，其组分为甲硝唑、人工牛黄。,,口服。一次2粒．一日3次；儿童一次1粒，一日3次。 || 口服，一次2粒，一日3次。,6
人血白蛋白,1.0ml注射液含：10g全蛋白至少含有96%人血白蛋白钠：0.17g7.5mmol钾：不超过0.004g最高0.1mmolN-乙酰-DL-色氨酸：不超过19.62mg0.08mmol/g白蛋白辛酸钠：不超过13.30mg0.08mmol/g白蛋白不含防腐剂分子量：66300|人血白蛋白,,进口药品注册证号：S20070032,用法：一般采用静脉滴注或静脉推注。为防止大量注射时机体组织脱水，可采用5%葡萄糖注射液或氯化钠注射液适当稀释作静脉滴注(宜用备有滤网装置的输血器)。滴注速度应以每分钟不超过2ml为宜，但在开始15分钟内，应特别注意速度缓慢，逐渐加速至上述速度。|用量：使用剂量由医师酌情考虑，一般因严重烧伤或失血等所致休克，可直接注射本品5～10g，隔4～6小时重复注射1次。在治疗肾病及肝硬化等慢性白蛋白缺乏症时，,3
人表皮生长因子凝胶,人表皮生长因子凝胶|人表皮生长因子凝胶。,人表皮生长因子凝胶。,,常规清创后，用生理氯化钠溶液清洗创面，取本品适量，均匀涂于患处。需要包扎者，同时将本品均匀涂于适当大小的内层消毒纱布，覆盖于创面，常规包扎，一日一次或遵医嘱。推荐剂量为每100cm2创面使用本品10g(以凝胶重量计)。,2
他克利,他克利,,,,5
他克莫司,他克莫司|他克莫司胶囊|他克莫司软膏|本品主要成分为他克莫司。|本品主要成分为他克莫司。化学名称：3S-3RE1S，3S，4S，4S，5R，8S，9E，12R，14R，15S，16R，18S，19S，26aR-5，6，8，11，12，13，14，15，16，17，18，19，24，25，26a-六-癸氢-5，19-二羟基-3-2-4-羟-3-甲氧环己基-1-甲基乙烯基-14，16-二甲氧-4，10，12，18-四甲基-8-2-丙烯基-15，19-环氧-3H-吡啶并2，1-c1，4氧杂氮杂环二十三碳烯-1，7，20，214H，23H-四酮，一水合物。分子式：C44H69NO12·H2O分子量：822.03,本品主要成分为他克莫司。,,1.成人术后接受口服普乐可复治疗的推荐起始剂量：(1)对肝移植患者，口服初始剂量应为按体重每日0.1-0.2mg/kg，分两次口服，术后6小时开始用药。(2)对肾移植患者，口服初始剂量应为按体重每日0.15-0.3mg/kg，分两次口服，术后24小时内开始用药。2.对传统免疫抑制剂治疗无效的排斥反应：(1)对发生了排斥反应，且传统免疫抑制剂治疗无效的患者，应开始给予普乐可复治疗，推荐的起始剂量同首 || 在患处皮肤涂上一薄层本品，轻轻擦匀，并完全覆盖，一天两次。注意：1、不要长期连续应用他克莫司软膏。2、只在湿疹受累的皮肤区域应用他克莫司软膏。3、不要将他克莫司软膏用于2岁以下的儿童。,14
他卡西醇,他卡西醇|他卡西醇软膏|萌尔夫软膏每1g中含他卡西醇2微克。,萌尔夫软膏每1g中含他卡西醇2微克。,,通常每日2次，适量涂抹在患部。,3
他可利,他可利,,,,1
他扎罗汀,他扎罗汀|他扎罗汀乳膏|本品主要成份是他扎罗汀。,,,银屑病：外用，每晚临睡前半小时将适量本品涂于患处。用药前，先清洗患处；待皮肤干爽...,3
他莫昔芬,他莫昔芬,,,,5
他达拉非,他达拉非|他达拉非片|本品主要成分为他达拉非。,本品主要成分为他达拉非。,,勃起功能障碍1、按需服用他达拉非片（1）对于大多数患者，按需服用他达拉非片的推荐起始剂量为10mg，在进行性生活之前服用。（2）依据个体的疗效和耐受性不同，可将剂量增加到20mg或降低至5mg。对大多数患者推荐的最大服药频率为每日一次。（3）与安慰剂相比，按需服用他达拉非片能在长达36小时内改善勃起功能。因此，在推荐患者以最佳方式服用他达拉非片时，应考虑此因素。（4）肌酐清除率为30-50 mL/ || 本品不同剂型、不同规格的用法用量可能存在差异，请阅读具体药物说明书使用，或遵医嘱。他达拉非片：勃起功能障碍1、按需服用他达拉非片（1）对于大多数患者，按需服用他达拉非片的推荐起始剂量为10mg，在进行性生活之前服用。（2）依据个体的疗效和耐受性不同，可将剂量增加到20mg或降低至5mg。对大多数患者推荐的最大服药频率为每日一次。（3）与安慰剂相比，按需服用他达拉非片能在长达36小时内改善勃起功能。,6
他达拉非片薄膜衣,"主要成份为他达拉非。化学名称：6-1,3-苯并间二氧戊环-5-基-2，3，6，7，12，12a-六氢化-2-甲基，6R,12aR-吡嗪并1’2’：1,6吡啶并3,4-b吲哚-1,4-二酮分子式：C22H19N3O4分子量：389.41|他达拉非片薄膜衣|他达拉非片薄膜衣片",,,"服用他达拉非片不受进食影响。
不需要掰开他达拉非片，本品需整片服用。
勃起功能障碍：按需服用他达拉非片。
对于大多数患者，按需服用他达拉非片的推荐起始剂量为10mg，在进行性生活之前服用。
依据个体的疗效和耐受性不同，可将剂量增加到20mg或降低至5mg，对大多数患者推荐的最大服药频率为每日一次。
与安慰剂想必，按需服用他达拉非片能在长达36小时内改善勃起功能，因此，在推荐患者以最佳方式服用他达拉",2
代血浆类药,代血浆类药,,,,1
代赫石,代赫石,,,,1
伊曲康唑,"伊曲康唑|伊曲康唑分散片|伊曲康唑胶囊|本品主要成份为伊曲康唑。化学名称：顺-4-4-4-4-2-2，4-二氯苯基-2-1H-1,2,4-三氮唑基-1-甲基-1,3-二氧环戊基-4-基甲氧基苯基-1-哌嗪基苯基-2,4-二氢-2--1-甲基丙基-3H-1,2,4-三氮唑-3-酮。分子式：C35H38Cl2N8O4分子量：705.64|本品主要成份是伊曲康唑。",,,为达到最佳吸收，伊曲康唑胶囊应餐后立即给药，胶囊必须整个吞服。 1.念珠菌性... || 为达到最佳吸收，应餐后立即给药，可加水分散均匀后口服，也可含于口中吮服或吞服。1.念珠菌性阴道炎：每次200mg，每天二次，疗程为1天或每次200mg，每天一次，疗程为3天。2.花斑癣：每次200mg，每天一次，疗程为7天。3.皮肤真菌病：每次100mg，每天一次，疗程为15天；高度角化区(如足底部癣、手掌部癣)需：延长治疗15日，每次100mg，每天一次，疗程为15天。4.口腔念珠菌病：每次10,58
伊班膦酸钠,伊班膦酸钠|伊班膦酸钠注射液,,国药准字H20010432,"本品应在医院内使用。|本品用于高钙血症：在用本品治疗前应适当给予0.9%生理盐水进行水化治疗。本品用量应依据高血钙的程度及肿瘤种类决定。|在大多数重度高血钙的病人(经白蛋白纠正后血钙*≥3mmol/L或12mg/dl)，可单剂量给予4mg；|在中度高血钙的病人(经白蛋白纠正后血钙＜3mmol/L或＜12mg/dl)，2mg即为有效剂量；|国外临床研究最高剂16mg,但本剂量并未使疗效进一步增加。|",3
伊立替康,伊立替康,,,,3
伊诺沙星,伊诺沙星,,,,2
伊贝沙坦,"伊贝沙坦|伊贝沙坦片|本品主要成分为厄贝沙坦，其化学名称为2-丁基-3-4-2-1H-四唑-5-基苯基苄基-1,3-二氮杂螺-4.4壬-1-烯-4-酮。",,BX20010135,口服：推荐起始剂量为0.15g，一日1次。根据病情可增至0.3g，一日1次。可单独使用，也可与其它抗高血压药物合用。对重度高血压及药物增量后血压下降仍不满意时，可加用小剂量的利尿药(如噻嗪类)或其它降压药物。,3
伏格列波糖,"伏格列波糖|伏格列波糖分散片|伏格列波糖咀嚼片|伏格列波糖片|伏格列波糖胶囊|本品主要成份:伏格列波糖。|本品主要成份为伏格列波糖。|本品主要成份为伏格列波糖，其化学名为：+-1L-1羟基,2,4,5/3-5-2-羟基-1-羟甲基乙基氨基-1-碳-羟甲基-1,2,3,4-环已四醇。|本品主要成份为伏格列波糖，其化学名为：＋-1L-1羟基，2，4，5/3-5-2-羟基-1-羟甲基乙基氨基-1-碳羟甲基-1，2，3，4-环己四醇。",,国药准字H20010308|国药准字H20070305,使用时将其加入适量水中，搅拌均匀后服用。通常成人1次0.2mg(1次1片)，1日... || 口服。成人0.2mg(1片)/次，每日3次，进食第一口食物后口服。疗效不明显时，... || 成人0.2mg/次，饭前口服。疗效不明显时，可将1次增量至0.3mg。,12
伏氟沙明,伏氟沙明,,,,1
伏立康唑,主要成份：伏立康唑。|伏立康唑|伏立康唑片|伏立康唑胶囊|本品主要成份为伏立康唑。,,,伏立康唑胶囊应至少在饭前1小时或者饭后1小时后服用。使用伏立康唑治疗前或治疗期间应监测血电解质，如存在低钾血症、低镁血症和低钙血症等电解质紊乱应予以纠正(参见【注意事项】)。成人用药：详见说明书。 || 成人用药:口服给药，首次给药时第一天均应给予负荷剂量，以使其血药浓度在给药第一天即接近于稳态浓度。由于口服片剂的生物利用度很高(96%)，所以在有临床指征时静脉滴注和口服两种给药途径可以互换(其余详见说明书)。,11
伐地那非,伐地那非|本品主要成分为伐地那非。,本品主要成分为伐地那非。,,本品不同剂型、不同规格的用法用量可能存在差异，请阅读具体药物说明书使用，或遵医嘱。1、口服。推荐开始剂量为10mg，在性交前25-60分钟服用。在临床试验中，性交前4-5小时服用，仍显示药效。最大推荐剂量使用频率为一日1次。伐地那非和食物同服或单独服用均可。需要性刺激作为本能的反应进行治疗。2、根据药效和耐受性，剂量可以增加到20mg或减少到5mg。最大推荐剂量是每日20mg。3、轻度肝损害的患者,3
伐尼克兰,伐尼克兰|本品主要成份为酒石酸伐尼克兰。,,,本品不同剂型、不同规格的用法用量可能存在差异，请阅读具体药物说明书使用，或遵医嘱。酒石酸伐尼克兰片：1、本品应用水整片吞服，餐前餐后均可服用。首先按如下方法进行1周的剂量递增，之后推荐剂量为每日2次，每次1mg。（1）第1-3日：0.5mg，每日1次（白色片）。（2）第4-7日：0.5mg，每日2次（白色片）。（3）第8日-治疗结束：1mg，每日2次（淡蓝色片）2、患者应设定戒烟日期并在此日期前1,3
优降宁,优降宁,,,,13
优降糖,优降糖,,,,6
伟哥,伟哥|本品主要成份为枸橼酸西地那非。,,,1、对大多数患者，推荐剂量为50mg，在性活动前约1小时按需服用；但在性活动前0.5-4小时内的任何时候服用均可。基于药效和耐受性，剂量可增加至100mg（最大推荐剂量）或降低至25mg。每日最多服用1次。在没有性刺激时，推荐剂量的西地那非不起作用。2、下列因素与血浆西地那非水平（AUC）增加有关：年龄65岁以上（增加40％）、肝脏受损（如肝硬化，增加80％）、重度肾损害（肌酐清除率<30毫升/分,1
伤寒活菌疫苗,伤寒活菌疫苗,,,,1
伤寒疫苗,伤寒疫苗,,,,1
伪麻黄碱,伪麻黄碱,,,,2
伯氨喹,伯氨喹,,,,1
低分子肝素,低分子肝素,,,,1
低分子量肝素钙,低分子量肝素钙|低分子量肝素钙注射液|本品主要成份是低分子量肝素钙，系由猪肠粘膜获取的氨基葡聚糖肝素片段的钙盐。辅料为无水醋酸钠。,,0.3ml：3000IU国药准字H200204690.4ml：4000IU国药准字H200007060.6ml：6000IU国药准字H20020470,注意：剂量由于每一种低分子量肝素都用不同的单位系统（单位和毫克）表示剂量，而且有不同的规格，所以对每一种低分子量肝素的剂量说明都必须特别注意。本品不能用于肌肉注射。在预防和治疗血栓栓塞性疾病，应皮下注射本品。在血液透析中预防血凝块形成，每次血透开始时应从动脉端给予单一剂量低分子量肝素钙。皮下注射时通常的注射部位是腹壁前外侧，左右交替。针头应垂直而不是斜着进入捏起的皮肤皱折。应用拇指和食指捏住皮肤皱,3
佐匹克隆,佐匹克隆,,,,1
佐米曲普坦,主要成份：佐米曲普坦化学名称：s-4-3-2-二甲氨基乙基-1H-吲哚-5-基甲基-2-噁唑烷酮。化学结构式：分子式：C16H21N3O2分子量：287.36|佐米曲普坦|佐米曲普坦分散片|佐米曲普坦片|本品主要成份为佐米曲普坦。,,,"本品可直接吞服，或置于适量开水中，搅拌至完全溶解后服用。治疗偏头痛发作的推荐剂量为2.5mg。如果24小时内症状持续或复发，再次服药仍有效。如需二次服药，时间应与首次服药时间最少相隔2小时。服用本品2.5mg，头痛减轻不满意者，在随后的发作中，可用5mg。通常服药1小时内效果最明显，偏头痛发作期间无论何时服用本品，都同样有效，建议发病后尽早服用。反复发作时，建议24小时内服用总量不超过15mg。本 || 治疗偏头痛发作的推荐剂量为2.5mg(一片)。如果24小时内症状持续或复发,再次服药仍有效。如需二次服药,时间应与首次服药时间最少相隔2小时。服用本品2.5mg(一片)，头痛减轻不满意者，在随后的发作中，可服用5mg(二片)。通常服药1小时内效果最明显。偏头痛发作期间无论何时服用本药，都同样有效，建议发病后尽早服用。反复发作时，建议24小时内服用总量不超过15mg(六片)。本品不作为偏头痛的预防性",6
佐米曲普坦鼻,佐米曲普坦鼻|佐米曲普坦鼻喷雾剂|每揿含佐米曲普坦2.5mg,每揿含佐米曲普坦2.5mg,,治疗偏头痛发作的推荐剂量为1揿。如果24小时内症状持续或复发，再次使用仍有效。如...,3
佐美酸,佐美酸,,,,1
何首乌,何首乌,,,,1
依他尼酸,依他尼酸,,,,18
依巴斯汀,依巴斯汀|依巴斯汀片|本品活性成份：依巴斯汀。,,,口服。成人及12岁以上儿童:一次一片(10mg)或二片(20mg)，一日一次；6...,3
依托度酸,依托度酸|依托度酸片|本品主要成份为依托度酸。,,,遵医嘱，服用依托度酸的剂量应个体化，以保证最佳的疗效和耐受性。1. 止痛：急性疼...,3
依托泊苷,主要成份：依托泊苷。|依托泊苷|依托泊苷胶囊,,,本药为剧毒药物，一定要在医生指导下服用。一般成人每日175-200mg，连续服用...,3
依托泊苷软,依托泊苷软|依托泊苷软胶囊|本品主要成分为依托泊苷,本品主要成分为依托泊苷,国药准字H19991006,1.单用每日60-100mg/m2，连用10日，每3-4周重复。 2.联合化疗每日50mg/m2，连用3或5天。,3
依托红霉素,依托红霉素|依托红霉素片|依托红霉素颗粒|本品主要成份为：依托红霉素,,,口服，成人一日0.75～2g，分3～4次，儿童每日按体重20～30mg/kg，分... || 口服，成人一日1～2g，分3～4次，儿童每日按体重20～30mg/kg，分3～4...,6
依托考昔,依托考昔|依托考昔片|本品主要成份为依托考昔。,,,1、本品用于口服，可与食物同服或单独服用。2、关节炎：（1）骨关节炎：推荐剂量为30mg每日一次。对于症状不能充分缓解的病人，可以增加至60mg每日一次。在使用本品60mg每日一次，4周以后疗效仍不明显时，其他治疗手段应该被考虑。（2）急性痛风性关节炎：推荐剂量为120mg，每日1次。本品120mg只适用于症状急性发作期，最长使用8天。（3）使用剂量大于推荐剂量时，尚未被证实有更好的疗效或目前尚未,3
依托芬那酯,依托芬那酯|依托芬那酯喷雾剂|本品主要成份为依托芬那酯化学名：2-2-羟基乙氧基乙基-N-a，a，a-三氟-间-甲苯基邻氨基苯甲酸酯。分子式：C18H18F3NO4分子量：369.35,,,将优迈喷雾剂每日喷至治疗部位及其周围皮肤次数(3-5次)，每次喷7下即可(喷1下相当于10mg依托芬那酯)。但如果需要可以增加剂量，建议在喷1或2下后轻轻按摩以促进药物吸收。疗程:对于风湿性疾病，大多数情况下 治疗持续3-4周即可。钝性损伤的疗程(如:运动损伤)可达2周。如果症状持续存在，应向医生咨询，决定是否需要进一步的治疗。,3
依托芬那酯凝胶,依托芬那酯|依托芬那酯凝胶,依托芬那酯,,根据疼痛部位大小，每次涂5-10Cm长霜剂在局部并用手轻按摩，每日3-4次。,3
依折麦布,依折麦布|依折麦布片|本品主要成份为：依折麦布。化学名称：1-4-氟苯基-3R-3-4-氟苯基-3S-羟丙基-4S-4-羟苯基-2-吖丁啶氮杂环丁烷酮分子式：C24H21F2NO3分子量：409.4|本品主要成分为依折麦布。,本品主要成分为依折麦布。,,"患者在接受本品治疗的过程中，应坚持适当的低脂饮食。本品推荐剂量为每天一次,每次10mg，可单独服用、或与他汀类联合应用、或与非诺贝特联合应用。本品可在一天之内任何时间服用，可空腹或与食物同时服用。药物在老年患者中的应用：老年患者不需要调整剂量。药物在儿童患者中的应用：年龄大于等于10岁的儿童及青少年：不需要调整剂量。小于10岁儿童：不推荐应用本品。药物用于肝功能受损患者：轻度肝功能受损患者不需要调 || 本品不同剂型、不同规格的用法用量可能存在差异，请阅读具体药物说明书使用，或遵医嘱。依折麦布片：1、患者在接受本品治疗的过程中，应坚持适当的低脂饮食。2、本品推荐剂量为每天一次，每次10mg，可单独服用、或与他汀类联合应用、或与非诺贝特联合应用。本品可在一天之内任何时间服用，可空腹或与食物同时服用。3、药物在老年患者中的应用：老年患者不需要调整剂量。4、药物在儿童患者中的应用：（1）年龄大于等于10",7
依普黄酮,依普黄酮|依普黄酮胶囊|本品主要成分为依普黄酮。,本品主要成分为依普黄酮。,国药准字H20040672,通常成人一次1粒(200mg)，一日3次，饭后口服。此剂量应根据年龄及患者的症状进行调整。,3
依曲康唑,依曲康唑,,,,3
依法韦仑,依法韦仑,,,,1
依法韦伦,依法韦伦,,,,1
依洛尤单抗,依洛尤单抗|本品主要成份为人单克隆免疫球蛋白G2IgG2。,,,本品不同剂型、不同规格的用法用量可能存在差异，请阅读具体药物说明书使用，或遵医嘱。依洛尤单抗注射液：1、皮下给药。2、使用一次性使用的预充式自动注射器，在腹部、大腿或上臂非柔嫩、淤青、红肿或变硬的部位通过皮下注射给予瑞百安。3、对于HoFH患者，推荐瑞百安皮下给药剂量420mg每月1次。鉴于对治疗的应答取决于LDL-受体功能的水平，应在瑞百安给药4-8周后检测HoFH患者的LDL-C水平。4、如果,3
依维莫司,依维莫司|依维莫司片,依维莫司,,本品每日一次口服给药，在每天同一时间服用，可与食物同服或不与食物同时服用,3
依西美坦,依西美坦|依西美坦片|依西美坦胶囊|本品主要成份为依西美坦。|本品主要成份依西美坦。,,H20100069|国药准字H20020014,一次一片（25mg），一日一次，饭后口服，轻度肝肾功能不全者不需要调节给药剂量. || 一次一粒(25mg)，一日一次，饭后口服，轻度肝肾功能不全者不需要调节给药剂量。,6
依诺沙星,依诺沙星|依诺沙星。辅料为葡萄糖酸δ-内酯。|依诺沙星注射液,,国药准字H20050530,每0.2g加入到5%葡萄糖注射液100ml内溶解后，避光静脉滴注。成人一次0.2g，一日2次。重症患者最大剂量一日不超过0.6g，疗程7～10日，治疗中病情显著好转后即可改用口服制剂。,18
依诺肝素,依诺肝素,,,,2
依达拉奉,依达拉奉|依达拉奉注射液|本品主要成份为依达拉奉。,,国药准字H20031342,1.一次30mg（1支），临用前加入适量生理盐水中稀释后静脉滴注，30分钟内滴完。每日2次，14日为一个疗程。 2.尽可能在发病后24小时内开始给药。,3
依那普利,依那普利,,,,2
依非韦伦,依非韦伦,,,,3
促皮质素,促皮质素|促皮质素，加适宜的赋形剂经冷冻干燥的无菌制品。,促皮质素，加适宜的赋形剂经冷冻干燥的无菌制品。,国药准字H31022942,1.肌内注射，一次25单位(1支)，一日2次。2.静脉滴注，临用前，用5%葡萄糖注射液溶解后应用。一次12.5～25单位，一日25～50单位3.促皮质素兴奋试验：用5%葡萄糖注射液500ml溶解注射用促皮质素20～25单位，静脉持续滴注8小时，滴注前后采血测血浆皮质醇，观察其变化，或留滴注促皮质素日尿液测尿游离皮质醇或17-羟皮质类固醇，与前一日对照值相比较。,3
促肾上腺皮质激素,促肾上腺皮质激素,,,,19
保和,保和|保和丸|焦山楂、六神曲炒、半夏制、茯苓、陈皮、连翘、炒莱菔子、炒麦芽。,焦山楂、六神曲炒、半夏制、茯苓、陈皮、连翘、炒莱菔子、炒麦芽。,国药准字Z53020377,口服，一次8丸，一日3次。,3
保和丸水,保和丸水|保和丸水丸|焦山楂、六神曲炒、半夏制、茯苓、陈皮、连翘、炒莱菔子、炒麦芽。,焦山楂、六神曲炒、半夏制、茯苓、陈皮、连翘、炒莱菔子、炒麦芽。,国药准字Z36021784,口服。一次6～9克，一日2次；小儿酌减。,3
保喉,保喉|保喉片|连翘、木蝴蝶、乌梅、诃子去核、桔梗、天花粉、甘草、薄荷油、蟾蜍、麦冬、党参、玄参、僵蚕、黄芪、百部、冰片。,,国药准字Z42020703,每隔一小时含服2―3片。,3
保妇康凝胶,保妇康凝胶|莪术油、冰片。,莪术油、冰片。,,洗净外阴部，将凝胶挤入阴道深部；或在医生指导下用药。每晚1支。,3
保妇康栓,保妇康栓|莪术油、冰片,莪术油、冰片,,洗净外阴部，将栓剂塞入阴道深部。每晚1粒,3
保泰松,"保泰松|保泰松片|本品主要成份为保泰松。其化学名称为:1,2-二苯基-4-正丁基毗唑烷-3,5-二酮。分子量:308.38",,,1.治疗关节炎，口服：每次0.1～0.2g，每日3次，饭后服。每日总量不宜超过0.8g。一周后如无不良反应，病情改善可继续服用，剂量应递减至维持量：每次0.1～0.2g，每日一次。2.急性痛风，口服：初量0.2～0.4g，以后每6小时0.1～0.2g。症状好转后减为每次0.1g，每日三次，连服三日。,37
保钾利尿剂,保钾利尿剂,,,,9
保钾利尿药,保甲利尿药|保钾利尿药|保钾类利尿药,,,,6
倍他乐克,倍他乐克|本品主要成分为酒石酸美托洛尔。,本品主要成分为酒石酸美托洛尔。,,本品不同剂型、不同规格的用法用量可能存在差异，请阅读具体药物说明书使用，或遵医嘱。酒石酸美托洛尔片：口服。剂量应个体化，以免心动过缓的发生。应空腹服药，进餐时服药可使美托洛尔的生物利用度增加40%。1、治疗高血压：每日100-200mg，分1至2次服用。2、急性心肌梗死：主张在早期，即最初的几小时内使用，因为即刻使用在未能溶栓的患者中可减小梗死范围、降低短期（15天）死亡率（此作用在用药后24小时,1
倍他米松,主要成份：倍他米松。|倍他米松|倍他米松片,,国药准字H44023978,口服起始剂量每日1～4mg，分次给予。维持量为每日0.5～1mg。,3
倍他米松磷酸钠,倍他米松磷酸钠|倍他米松磷酸钠注射液|本品主要成份为：倍他米松磷酸钠。,,国药准字H20064917,肌注或静脉注射:一日2～20mg，分次给药。,3
倍他胡萝卜素,β胡萝卜素。|倍他胡萝卜素|倍他胡萝卜素咀嚼片,β胡萝卜素。,国药准字H19980143,咀嚼口服，一次1片，一日3次，剂量范围一日30-200mg（2-13片），饭后服用，一疗程8周左右。小儿一日30-150mg（2-10片），分2-3次服用。,3
倍他胡萝卜素软,倍他胡萝卜素软|倍他胡萝卜素软胶囊|本品主要成分为：倍他胡萝卜素。,本品主要成分为：倍他胡萝卜素。,,口服，一次60mg(4粒)，一日3次，剂量范围一日30～200mg(2～13粒)，饭后服用，一疗程8周左右。小儿一日30～150mg(2～10粒)，分2～3次服用。或遵医嘱。,2
催产素,催产素,,,,1
催汤,催汤|催汤丸|土木香、悬钩子茎去皮、心、木藤蓼去皮、野姜、诃子去核、余甘子、毛诃子去核、块根糙苏。,,国药准字Z54020067,水煎服，用冷水约400毫升浸泡1～2小时后，煎至约300毫升，趁热服汤；一次1～2丸，一日3次。,3
催眠药,催眠药,,,,3
儿童维D钙,儿童维D钙|儿童维D钙咀嚼片|本品为复方制剂，每片含碳酸钙750毫克相当于钙300毫克，维生素D3100国际单位。辅料为：山梨糖醇﹑硬脂酸镁﹑阿司帕坦﹑柠檬酸﹑天然水果香料和着色剂。,,国药准字J20100035,口服，咀嚼后咽下。儿童，1次1片，1日1次。或遵医嘱。,3
先锋霉素,先锋霉素,,,,1
光敏感药,光敏感药,,,,1
克拉维酸,克拉维酸,,,,1
克拉霉素,克拉霉素|克拉霉素分散片|克拉霉素片|克拉霉素缓释片|克拉霉素胶囊|克拉霉素颗粒|本品主要成份为克拉霉素|本品主要成份为克拉霉素，化学名称:6-O-甲基红霉素，分子式:C38H69NO13，分子量:747.96。|本品主要成分为克拉霉素。,克拉霉素|本品主要成分为克拉霉素。,国药准字H20000354|国药准字H20010592|国药准字H20052132,1.成人：口服，常用量一次250（一片）mg，每12小时1次，重症感染者一次500mg（二片），每12小时1次，根据感染的严重程度应连续服用6～14日。|2.儿童：口服，6个月以上的儿童按体重一次7.5mg/kg，每12小时1次。或按以下方法给药：|(1)体重8～11kg，一次62.5mg，每12小时1次。|(2)体重12～19kg，一次125mg，每12小时1次。|(3)体重20～29kg，一次 || 口服。 |1.成人常用推荐剂量为每次一片(500mg)，每日一次。餐中服用。 不要压碎或咀嚼克拉霉素缓释片。|2.12岁以上儿童，同成人。 |3.12岁以下儿童，请使用其他适宜剂型的品种。|4.克拉霉素缓释片禁用于严重肾功能损害患者(肌酐清除率＜30ml/min)。克拉霉素片也许可以用于该患者群。|5.肾功能中度受损(肌酐清除率为30-60ml/min)的患者，应将剂量减少50%，其最大剂量为每天 || 口服给药。1. 成人(1) 常用量一次 0.25g，每12小时1次。(2) 重症感染者一次0.5g，每12小时1次。(3) 根据感染的严重程度应连续服用6～14日。2.儿童6个月以上的儿童按体重一次7.5mg/kg，每12小时1次。或按以下方法给药。(1) 体重8～11kg，一次62.5mg，每12小时1次。(2) 体重12～19kg，一次0.125g，每12小时1次。(3) 体重20～29kg，,59
克拉霉素缓释,克拉霉素缓释|克拉霉素缓释胶囊|本品主要成份为:克拉霉素。,,,口服，成人常用推荐剂量为每次0.5g(2粒)，每日一次。餐中服用。不要压碎或咀嚼。12岁以上儿童，同成人。12岁以下儿童，请使用其他适宜剂型的品种。在更为严重感染时，剂量可增至每次1.0g(4粒)，每日一次。治疗周期通常为7~14天。克拉霉素缓释胶囊禁用于严重肾功能损害患者(肌酐清除率<30ml/min)。克拉霉素片或克拉霉素胶囊也许可以用于该患者群。肾功能中度受损(肌酐清除率为3060ml/mi,2
克林霉素,克林霉素|克林霉素洗剂|氯林可霉素,,,,8
克林霉素磷酸酯,克林霉素磷酸酯|克林霉素磷酸酯注射液|本品主要成分为克林霉素磷酸酯。,本品主要成分为克林霉素磷酸酯。,国药准字H20010544,本品可静脉滴注给药，也可肌肉注射给药，给药剂量相同。|1.成人，静脉滴注给药，剂量如下:中度感染:0.6～1.2g/日，分2、3、4 等剂量，每12、8、6小时一次。严重感染:1.2～2.7g/日，，分2、3、4等剂量， 每12、8、6小时一次。或遵医嘱。|2.儿童，静脉滴注给药，剂量如下:中度感染:1.～25mg/kg/日，分3或4等剂量， 每8或6小时一次。重度感染:25～40mg/kg/日，,3
克林霉素磷酸酯凝胶,"克林霉素磷酸酯。其化学名称为：甲基6-1-甲基-反-4-丙基-L-2-吡咯烷甲酰氨基-1-硫代-7S-氯-6,7,8-三脱氧-L-苏式-a-D-半乳辛吡喃糖苷-2-磷酸酯。|克林霉素磷酸酯凝胶",,,局部外用，用温水洗净患处，轻轻擦干后，取适量凝胶在患处涂一薄层，每日早晚各1次。,3
克林霉素磷酸酯氯化钠,克林霉素磷酸酯氯化钠|克林霉素磷酸酯氯化钠注射液|本品主要成份为克林霉素磷酸酯。,,国药准字H20041618,1.静脉滴注:成人每日0.6―2.7g（以克林霉素计），分2―3次;儿童15―40mg/kg（以克林霉素计），分2―4次，或遵医嘱。|2.静滴速度:每瓶不少于30分钟。,3
克林霉素磷酸酯葡萄糖,克林霉素磷酸酯葡萄糖|克林霉素磷酸酯葡萄糖注射液|本品主要成分为克林霉素磷酸酯。,本品主要成分为克林霉素磷酸酯。,国药准字H20010803,1.成人，静脉滴注药，剂量如下:中度感染:0.6～1.2g/日，分2、3、4等剂量，每12、8、6小时一次，重度感染:1.2～2.7g/日，分2、3、4等剂量，每12、8、6小时一次。或遵医嘱。|2儿童，静脉滴注给药，剂量如下：中度感染：15～25?/?/日，分3或4等剂量，每8或6小时一次；重度感染：25～40?/?/日，分3或4等剂量，每8或6小时一次，或遵医嘱。,3
克霉唑,克霉唑,,,,2
克霉唑阴道,克霉唑|克霉唑阴道|克霉唑阴道片,克霉唑,,阴道用药。睡前1片，1片即为一疗程。用或不用投药器将药片置于阴道深处。一般用药1...,3
免疫抑制剂,免疫抑制剂|抑制免疫反应的药物,,,,4
免疫球蛋白,免疫球蛋白|本品为主要成分为免疫球蛋白。,本品为主要成分为免疫球蛋白。,,本品不同剂型、不同规格的用法用量可能存在差异，请阅读具体药物说明书使用，或遵医嘱。乙型肝炎人免疫球蛋白：1、使用方法：本品只限肌内注射，不得用于静脉输注。2、每个患者的最佳用药剂量和疗程应根据其具体病情而定。3、推荐的剂量与疗程：（1）母婴阻断：HBsAg阳性母亲所生婴儿出生24小时内注射本品100IU；注射乙型肝炎疫苗的剂量及时间见乙型肝炎疫苗说明书或按医生推荐的其他适宜方案。（2）乙型肝炎预防,5
党参,党参|党参。,党参。,-,一般用量6-15g，大剂量可用至30g。,3
全麻药,全麻药,,,,5
八宝眼膏,八宝眼膏|炉甘石、冰片、硼砂、牛黄、珍珠、麝香、琥珀、硇砂。,炉甘石、冰片、硼砂、牛黄、珍珠、麝香、琥珀、硇砂。,国药准字Z42021455,点入眼睑内，一日2～3次。,3
八正,八正|八正胶囊|栀子，车前子炒，瞿麦，萹蓄，滑石，大黄，川木通，灯心草，甘草。,栀子，车前子炒，瞿麦，萹蓄，滑石，大黄，川木通，灯心草，甘草。,国药准字Z20020141,口服，每次４粒，一日３次。,3
八正颗粒无糖型,八正颗粒无糖型|瞿麦、车前子炒、萹蓄、大黄、滑石、川木通、栀子、甘草、灯心草。,瞿麦、车前子炒、萹蓄、大黄、滑石、川木通、栀子、甘草、灯心草。,国药准字Z20050409,口服，一次3.0～4.0g，一日3次。,3
八珍,八珍|八珍片|熟地黄、当归、党参、白术炒、白芍、茯苓、川芎、炙甘草。,熟地黄、当归、党参、白术炒、白芍、茯苓、川芎、炙甘草。,国药准字Z20050370,口服，一次3片，一日3次。,3
八珍丸浓缩,八珍丸浓缩|八珍丸浓缩丸|熟地黄、当归、党参、白术麸炒、白芍、川芎、茯苓、甘草。,熟地黄、当归、党参、白术麸炒、白芍、川芎、茯苓、甘草。,国药准字Z62021040,口服，一次8丸，一日3　次。,3
八维钙锌,八维钙锌|八维钙锌片|本品为复方制剂，每片含维生素A5000单位、维生素D2400单位、维生素E2毫克、维生素C50毫克、维生素B11.5毫克、维生素B21.7毫克、维生素B62毫克、烟酰胺10毫克、磷酸氢钙272毫克相当于钙63.35毫克、硫酸锌0.1毫克。辅料为：,,国药准字H61023542,口服，一日1片。,3
六合维生素,六合维生素|六合维生素丸|本品为复方制剂，每粒含维生素A2500单位、维生素D800单位、维生素B10.5毫克、维生素B20.5毫克、维生素C30毫克、烟酰胺3毫克。,,,口服，一次1粒，一日1次。,3
兰索拉唑,兰索拉唑|兰索拉唑片|兰索拉唑肠溶片|兰索拉唑胶囊|本品主要成份为兰索拉唑。化学名称：2-3－甲基－4－2，2，2－三氟乙氧基-2-吡啶基甲基亚磺酰基－1H－苯并咪唑。分子式：C16H14F3N3O2S分子量：369.37|本品主要成份为：兰索拉唑。|本品主要成份为：兰索拉唑。化学名：2-3-甲基-4-2，2，2-三氟乙氧基-2-吡啶基甲基-亚磺酰基-1H-苯并咪唑分子式：C16H14F3N3O2S分子量：369.37,,,十二指肠溃疡，通常成人每日一次，口服兰索拉唑15mg～30mg，连续服用4～6周；胃溃疡、反流性食管炎、卓-艾综合征(Zollinger-Ellison症候群)、吻合口部溃疡，通常成人每日一次，口服兰索拉唑30mg，连续服用6～8周。但用做维持治疗、高龄者、有肝功能障碍、肾功能低下的患者，每日一次，口服兰索拉唑15mg。 || 通常成人口服兰索拉唑片，每日一次，一次二片(30mg)，十二指肠溃疡，连续服用4～6周；胃溃疡、反流性食管炎、卓～艾综合征，连续服用6～8周；或遵医嘱。 || 通常成人口服兰索拉唑肠溶片，每日一次，一次2片(30mg)。十二指肠溃疡，需连续服用4-6周；胃溃疡、反流性食管炎、卓-艾综合征，需连续服用6-8周；或遵医嘱。,8
兰索拉唑肠溶,兰索拉唑肠溶|兰索拉唑肠溶胶囊|本品主要成份为兰索拉唑。,,国药准字H10980035,胃溃疡?十二指肠溃疡?吻合口溃疡?卓-艾综合征。通常成人每日一次?口服兰索拉唑30mg。胃溃疡和吻合口溃疡?连续服用八周?十二指肠溃疡需连续服用六周。    反流性食管炎。通常成人每日一次?口服兰索拉唑3ｏmg．连续服用八周。对反复发作和复发性反流性食管炎的维持治疗?每日一次?口服15mg。如症状缓解不明显可加量至30mg。用法用量注意。对于反流性食管炎的维持治疗?只有在15mg治疗效果不佳或治疗,3
其他,其他|其他乳膏,,,,1
其他二价阳离子输注溶液,其他二价阳离子输注溶液,,,,1
其他会引起潜在心律失常的药物,其他会引起潜在心律失常的药物,,,,1
其他口腔含漱液,其他口腔含漱液,,,,2
其他口腔用药,其他口腔用药,,,,3
其他可能成瘾药,其他可能成瘾药,,,,1
其他含有解热镇痛药的药品,其他含有解热镇痛药的药品,,,,10
其他外用涂抹剂,其他外用涂抹剂,,,,1
其他外用药物,其他外用药物,,,,1
其他对骨髓抑制较强的药物,其他对骨髓抑制较强的药物,,,,1
其他抗感冒药,其他抗感冒药,,,,2
其他滴眼剂,其他滴眼剂,,,,3
其他滴鼻剂,其他滴鼻剂,,,,2
其他疫苗,其他疫苗,,,,1
其他眼药,其他眼药,,,,1
其他糖尿病药物,其他糖尿病药物,,,,1
其他药品,其他药品,,,,2
其他药物,其他药物,,,,14
其他血浆蛋白结合药物,其他血浆蛋白结合药物,,,,1
其他解热镇痛药,其他解热镇痛药,,,,1
其他金属盐,其他金属盐,,,,1
其他铋制剂,其他铋制剂,,,,1
其他降压药,其他降压药,,,,1
其他降糖药,其他降糖药,,,,2
其他降血糖药,其他降血糖药,,,,1
其他非甾体类抗炎药,其他非甾体类抗炎药,,,,2
其他颗粒剂,其他颗粒剂,,,,1
冰矾清毒生肌,冰矾清毒生肌|冰矾清毒生肌散|枯矾、五倍子、儿茶、冰片、硫酸钙,枯矾、五倍子、儿茶、冰片、硫酸钙,国药准字B20020600,取本品0.1克~0.2克，撒放在溃疡面上，轻轻按压几秒钟即可，一日2次。,3
冰硼咽喉,冰片、硼砂煅、青黛、玄明粉、石膏。|冰硼咽喉|冰硼咽喉散,冰片、硼砂煅、青黛、玄明粉、石膏。,国药准字Z52020367,外用。取少量，吹敷患处，一日3～4次。,3
决奈达隆,决奈达隆,,,,1
冻干静注人免疫球蛋白pH4,冻干静注人免疫球蛋白pH4|本品主要成份：人免疫球蛋白。,,国药准字S10980010,用法、用灭菌注射用水20ml将制品溶解后，静脉滴注或用5%葡萄糖溶液稀释1～2倍作静脉滴注，开始滴注速度为1. 0ml/分(约20滴/分)，持续15分钟后若无不良反应，可逐渐加快速度，最快滴注速度不得超过3. 0ml/分(约60滴/分)。用量、遵医嘱。推荐剂量、1. 原发性免疫球蛋白缺乏或低下症、首次剂量、400mg/kg体重。维持剂量、 200～400mg/kg体重，给药间隔时间视病人血清IgG,3
冻干静脉注射用人免疫球蛋白pH4,冻干静脉注射用人免疫球蛋白pH4|用乙型肝炎疫苗免疫的健康人血浆，经提取、灭活病毒制成的静脉注射用免疫球蛋白制剂。,用乙型肝炎疫苗免疫的健康人血浆，经提取、灭活病毒制成的静脉注射用免疫球蛋白制剂。,国药准字S20003021,1.使用时，用带有滤网的输液器进行静脉滴注。输注速度：首次使用本品开始要慢，成人1.0毫升/分钟（10-20滴/分钟）；持续15分钟后若无不良反应，可逐渐加快速度，最快滴注速度不得超过3.0毫升/分钟（约60滴/分钟）。儿童滴速酌情减慢。|2.原发性免疫球蛋白缺乏或低下症，首次剂量：400mg/Kg体重；维持剂量：200-400mg/Kg体重，给药间隔时间视病人血清IgG水平和病情而定，一般每月一,3
减毒活流感疫苗,减毒活流感疫苗,,,,4
减毒活疫苗,减毒活疫苗,,,,1
凝血因子,凝血因子,,,,6
凝血因子IX,凝血因子IX,,,,1
凝血酶原复合物浓缩剂,凝血酶原复合物浓缩剂,,,,8
利伐沙班,利伐沙班|利伐沙班片|本品主要成分为利伐沙班。,本品主要成分为利伐沙班。,,1、推荐剂量为口服利伐沙班10mg，每日1次。2、如伤口已止血，首次用药时间应于手术后6-10小时之间进行。3、治疗疗程长短依据每个患者发生静脉血栓栓塞事件的风险而定，即由患者所接受的骨科手术类型而定（详见说明书）。对于接受髋关节大手术的患者，推荐一个治疗疗程为服药5周。对于接受膝关节大手术的患者，推荐一个治疗疗程为服药2周。如果发生漏服一次用药，患者应立即服用利伐沙班，并于次日继续每天服药一次。 || 本品不同剂型、不同规格的用法用量可能存在差异，请阅读具体药物说明书使用，或遵医嘱。利伐沙班片：1、推荐剂量为口服利伐沙班10mg，每日1次。2、如伤口已止血，首次用药时间应于手术后6-10小时之间进行。3、治疗疗程长短依据每个患者发生静脉血栓栓塞事件的风险而定，即由患者所接受的骨科手术类型而定（详见说明书）。对于接受髋关节大手术的患者，推荐一个治疗疗程为服药5周。对于接受膝关节大手术的患者，推荐一,6
利匹韦林,利匹韦林,,,,1
利培酮,"利培酮|利培酮。|利培酮分散片|利培酮口服液|利培酮片|利培酮胶囊|本品主要成份为利培酮,。其化学名称为3-2-4-6-氟-1,2-苯并异噁唑-3-基-1-哌啶基乙基-6，7，8，9-四氢-2-甲基-4H-吡啶并1，2-α嘧啶-4-酮。|本品主要成份为利培酮.。化学名称为3-2-4-6-氟-1,2-苯并异恶唑-3-基-1-哌啶基乙基-6，7，8，9-四氢-2-甲基-4H-吡啶并1，2-α嘧啶-4-酮。|本品主要成份为利培酮。化学名称：3-2-4-6-氟-1,2-苯并异噁唑-3-基-1-哌啶基乙基-6,7,8,9,-四氢-2-甲基-4H-吡啶并1,2-α嘧啶-4-酮。分子式：C23H27FN402分子量：410.49",利培酮。,,"本品为分散片，使用时可直接吞服。或将其加入适量水中，搅拌均匀后服用。由使用其它抗精神病药物改用本品者：开始使用时，应渐停原先使用的抗精神病药。若患者原来使用的是精神病药的长效注射剂，则在原定下一次注射时开始使用本品替换药物治疗。对已用的抗帕金森氏症的药物是否需要继续则应定期地进行再评定。1.成人：每日1次或每日2次。推荐起始剂量为一日二次，一次1mg，第二天增加到一日二次，一次2mg；如能耐受，第 || 由使用其它抗精神病药改用本品者: 开始使用时, 应渐停原先使用的抗精神病药。若患... || 由使用其它抗精神病药改用本品者:开始使用时，应渐停原先使用的抗精神病药。若患者原来使用的是抗精神病药的长效注射剂，则在原定下一次注射时开始使用本品替换该药治疗。对已用的抗帕金森氏症药物是否需要继续使用则应定期地进行再评定。成人:每日1次或每日2次。推荐起始剂量为一日二次，一次1mg，第二天增加到一日二次，一次2mg；如能耐受，第三天可增加到一日二次，每次3mg。此后，可维持此剂量不变，或根据个人情",13
利培酮口崩,主要组成成份为利培酮。|利培酮口崩|利培酮口崩片,,,利培酮口崩片服用时将片剂置于舌上，几秒钟内崩解，无需用水即可吞服（也可以用水吞服...,3
利培酮口服溶液,利培酮口服溶液|本品主要成份为利培酮。,,,由使用其它抗精神病药改用本品者：开始使用时，应渐停原先使用的抗精神病药。若患者原来使用的是抗精神病药的长效注射剂，则在原定下一次注射时开始使用本品来替换该药治疗。对已用的抗帕金森氏症药物是否需要继续使用则应定期地进行再评定。成人：每日1次或每日2次。推荐起始剂量为一日二次，一次1mg(1ml)，第二天增加到一日二次，一次2mg(2ml)；如能耐受，第三天增加到一日二次，一次3mg(3ml)。详见说,3
利塞膦酸钠,利塞膦酸钠|利塞膦酸钠片|本品主要成份为利塞膦酸钠。,,,口服用药，需至少餐前30分钟直立位服用，一杯(200ml左右)清水送服，服药后30分钟内不宜卧床。用量为一日一次，一次5mg(一片)。,3
利多卡因,利多卡因,,,,5
利多卡因凝胶贴膏,"利多卡因凝胶贴膏|本品主要成份为利多卡因，化学名称为:N-2,6-二甲苯基-2-二乙氨基乙酰胺",,,本品用于无破损皮肤，覆盖疼痛最严重的区域。按处方量贴敷(单次同时最多使用3贴)，24小时内累计贴敷时间不超过12个小时。详见说明书。,3
利多卡因气雾剂,利多卡因气雾剂|本品主要成份为利多卡因。,,,用法：将本品除去帽罩壳，插上带有导管的喷头，竖直握住喷雾瓶，按需对准给药部位揿压喷头，即有药液粒喷出。用量：口、鼻腔、咽喉部小手术，局部喷雾二次，二次间隔1-2分钟，每次三揿，每揿4.5mg，总量27mg。喷后1-2分钟后施术。胃镜、喉镜镜检插管：咽喉部喷雾二次，二次间隔3分钟，每次二揿，每揿4.5mg，总量18mg。气管镜镜检插管：咽喉部喷雾二次，二次间隔1-2分钟，每次二揿，每揿4.5mg，总,2
利多卡因氯己定气雾剂,利多卡因氯己定气雾剂|本品为复方制剂，每克含利多卡因20毫克、醋酸氯己定5毫克、苯扎溴铵1毫克。,本品为复方制剂，每克含利多卡因20毫克、醋酸氯己定5毫克、苯扎溴铵1毫克。,国药准字H37023231,1.外用。|2.距离患处10-20cm喷至患处，一日喷1-3次或视需要喷数次。,3
利多卡因氯已定气雾剂,利多卡因氯已定气雾剂|本品为复方制剂，每克含利多卡因20毫克、醋酸氯己定5毫克、苯扎溴铵1毫克。,本品为复方制剂，每克含利多卡因20毫克、醋酸氯己定5毫克、苯扎溴铵1毫克。,,外用距离患处10-20公分揿压阀门喷出药液，一日1-3次，喷药次数视症状轻重酌定...,3
利奈唑胺,利奈唑胺,,,,2
利尿剂,利尿剂,,,,11
利尿药,利尿药,,,,8
利尿酸,利尿酸,,,,3
利尿酸药,利尿酸药,,,,1
利尿降压药,利尿降压药,,,,1
利巴韦林,利巴韦林|利巴韦林分散片|利巴韦林注射液|利巴韦林滴眼液|利巴韦林片|利巴韦林颗粒|本品主要成份为利巴韦林。|本品主要成份为利巴韦林，每支含抑菌剂羟苯乙酯2.4mg。|本品主要成份利巴韦林。|本品主要成份：利巴韦林。,,国药准字H19993373|国药准字H20000045|国药准字H41023268,口服。 1.病毒性呼吸道感染:成人一次0.15g，一日3次，疗程7天。 2.皮肤疱疹病毒感染:成人一次0.3g，一日3次，疗程7天。 3.小儿每日按体重10mg/kg ，分4次服用，疗程7天，6岁以下小儿口服剂量未定。 || 口服，用水分散后服用，或直接服用。|1.病毒性呼吸道感染：成人一次0.15g(即1.5片)，一日3次，疗程7日。|2.皮肤疱疹病毒感染：成人一次0.3g(即3片)，一日3次，疗程7日。|3.小儿每日按体重10mg/kg(如小儿体重10kg，则每日1片)，分4次服用，疗程7日。 || 本品用温开水完全溶解后口服。1.用于病毒性呼吸道感染：成人一次0.15g，一日3次，连用7天。2.用于皮肤疱疹病毒感染：成人一次0.3g，一日3～4次，连用7天。,15
利巴韦林含,"利巴韦林含|利巴韦林含片|本品主要成份为：利巴韦林。化学名称：1-β-D-呋喃核糖基-1H-1,2,4-三氮唑-3-羧酰胺。分子式：C8H12N4O5分子量：244.21",,,口服：1.病毒性呼吸道感染和皮肤疱疹病毒感染：成人每日400～1000mg，疗程7~14天。2.小儿每日按体重10mg/kg，分4次口服。疗程7天。6岁以下小儿口服剂量未定。,2
利巴韦林泡腾,利巴韦林泡腾|利巴韦林泡腾颗粒|本品主要成份是利巴韦林，其化学名为：1-β-D-呋喃核糖-1，2，4-三氮唑-3-羧酰胺。化学结构式：分子式：C8H12N4O5分子量：244.21,,,本品用温开水完全溶解后口服。1.用于病毒性呼吸道感染：成人一次0.15g(3袋)，一日3次，连用7天。2.用于皮肤疱疹病毒感染：成人一次0.3g(6袋)，一日3～4次，连用7天。3．小儿每日按体重10mg/kg，分4次服用，疗程7～14天，或遵医嘱。,3
利托纳韦,利托纳韦,,,,2
利托那韦,retonavir|利托那韦,,,,35
利眠宁,利眠宁,,,,1
利福喷丁,主要成份利福喷汀。|利福喷丁|利福喷丁胶囊,,国药准字H10940212,口服，抗结核。 1.成人一次0.6g(体重<55kg者应酌减)，一日1次，空腹时( 餐前1小时 )用水送服；一周服药1～2次。 2.需与其他抗结核药联合应用，肺结核初始患者其疗程一般为6～9个月。,3
利福布丁,利福布丁,,,,1
利福布汀,利福布汀|利福布汀胶囊|本品主要成份为利福布汀。,,,口服，每次服0.15g-0.3g；每日1次。推荐剂量：MAC感染：0.3g，每...,9
利福平,3-4-甲基-1-哌嗪基亚氨基甲基-利福霉素。|利福平|利福平胶囊,3-4-甲基-1-哌嗪基亚氨基甲基-利福霉素。,,1. 抗结核治疗成人：口服，一日0.45g～0.60g（3-4粒），空腹顿服，每...,109
利福昔明,利福昔明|利福昔明。|利福昔明片,利福昔明。,国药准字H20040057,1.成人口服，每次0.2g(1片)，每日4次。|2.6-12岁儿童口服，每次0.1-0.2g，每日4次。|3.12岁以上儿童剂量同成人。|4.可根据医嘱调节剂量和服用次数。|5.除非是遵照医嘱的情况下，每一次疗程不超过7天。,3
利舍平,利舍平,,,,2
利血平,利血平,,,,20
利鲁唑,利鲁唑|利鲁唑片|本品主要成份为利鲁唑。,,,口服，一次50mg(1片)，一日2次。增加每日给药剂量不会增加药效，但增加不良反...,3
别嘌呤,别嘌呤,,,,3
别嘌呤醇,别嘌呤醇,,,,14
别嘌醇,别嘌醇|别嘌醇片|别嘌醇缓释片|本品主要成份为别嘌醇。|本品主要成分为别嘌醇，其化学名为1H-吡唑并3，4-d嘧啶-4醇。,本品主要成分为别嘌醇，其化学名为1H-吡唑并3，4-d嘧啶-4醇。,国药准字H33020019,?口服?成人常用量：初始剂量一次50mg，一日1～2次，每周可递增50～100mg，至一日200～300mg，分2～3次服。每2周测血和尿尿酸水平，如已达正常水平，则不再增量，如仍高可再递增。但一日最大量不得大于600mg。2?儿童治疗继发性高尿酸血症常用量：6岁以内每次50mg，一日1～3次；6～10岁，一次100mg，一日1～3次。剂量可酌情调整。 || 口服。1.成人常用量：初始剂量一次50mg，一日1～2次，每周可递增50～100mg，至一日200～300mg，分2～3次服。每2周测血和尿尿酸水平，如已达正常水平，则不再增量，如仍高可再递增。但一日最大量不得大于600mg。2.儿童治疗继发性高尿酸血症常用量：6岁以内每次50mg，一日1～3次；6～10岁，一次100mg，一日l～3次。剂量可酌情调整。 || 口服，剂量应由医生根据患者个体的病情及生化检查结果(如血尿酸和尿尿酸)来决定。一般平均剂量为每天一片，可酌情调整。,37
别嘌醇缓释,别嘌醇缓释|别嘌醇缓释胶囊|本品主要成分为别嘌醇。,本品主要成分为别嘌醇。,国药准字H20041338,口服，每日一次，每次250mg(一粒)。,3
别嘌醇钠,别嘌醇钠,,,,1
制何首乌,制何首乌,,,,1
制酸剂,制酸剂,,,,2
制酸药,制酸药,,,,7
制酸药物,制酸药物,,,,2
制霉素阴道栓,制霉素阴道栓|本品每粒含制霉素20万单位.辅料为:混合脂肪酸甘油酯,,,"外用.每晚1粒,患者洗净手及外阴部,采取平卧体位,戴上配套的医用手套,将栓剂放入...",3
制霉菌素,制霉菌素,,,,1
前列地尔,前列地尔,,,,1
前列腺素E1,前列腺素E1,,,,1
前列解毒,前列解毒|前列解毒胶囊|水蛭、大黄酒制、益母草、蒲公英、红花、地龙、黄芪、当归、白芍、鸡内金、柴胡。,水蛭、大黄酒制、益母草、蒲公英、红花、地龙、黄芪、当归、白芍、鸡内金、柴胡。,,口服，一次4粒，一日2次。,3
加巴喷丁,主要组成成分加巴喷丁化学名称:1-氨基甲基-环己乙酸。分子式:C9H17NO2分子量:171.24|加巴喷丁|加巴喷丁胶囊,,,第一次睡前服300毫克(3粒)、以后每天增加30毫克、用量可以高达每天3600毫克上述剂量需分三次服用。,5
加替沙星,"加替沙星|加替沙星注射液|加替沙星滴眼液|加替沙星片|加替沙星胶囊|本品主要成份为加替沙星。|本品主要成份为加替沙星。其化学名:±1-环丙基-6-氟-1,4-二氢-8-甲氧基-7-3-甲基-1-哌嗪基-4-氧代-3-喹啉羧酸。|本品主要成分:加替沙星",本品主要成分:加替沙星,国药准字H20052024|国药准字H20052429|国药准字H20060453,"1.口服。每日一次,每次400mg(2片)。推荐剂量参照用药剂量指南。 2.用药剂量指南: (1)感染 （取决于病原菌）:每日剂量400mg ,疗程为7-10天。 (2)慢性支气管炎急性发作:每日剂量400mg ,疗程为10天。 (3)急性鼻窦炎:每日剂量400mg ,疗程为7-14天。 (4)社区获得性肺炎:每日剂量400mg ,疗程为7-14天。 (5)单纯性尿路感染:每日剂量400mg或20 || 口服，一日1次，一次0.4g(2粒)。 || 第1～2天:清醒状态下，2小时1次，1次1滴，每天8次；第3～7天:清醒状态下，每天4次，1次1滴。",11
加替沙星氯化钠,加替沙星氯化钠|加替沙星氯化钠注射液|本品主要成份为加替沙星,,国药准字H20052021,1.静脉滴注，每次200mg，每天二次，具体参照下表（表1）。本品与口服片剂具生物等效。疗程中，可根据医生决定，由静脉给药改为口服片剂，无须调整剂量。 2.用药剂量指南:感染（取决于病原菌） 每日剂量、疗程 (1)慢性支气管炎急性发作 400mg 7~10天 (2)急性鼻窦炎 400mg 10天 (3)社区获得性肺炎 400mg 7~14天 (4)单纯性尿路感染 400mg 单剂或200mg 3~,3
加替沙星眼用凝胶,加替沙星眼用凝胶|本品主要成分为加替沙星。,本品主要成分为加替沙星。,国药准字H20090161,每次1滴，每天3次。,3
加替沙星葡萄糖,"加替沙星葡萄糖|加替沙星葡萄糖注射液|本品主要成份为加替沙星,其化学名:±1-环丙基-6-氟-1,4-二氢-8-甲氧基-7-3-甲基-1-哌嗪基-4-氧代-3-喹啉羧酸。辅料为葡萄糖、盐酸、氢氧化钠和依地酸二钠。",,国药试字H20030046,1.静脉滴注，每次200mg，每天二次，本品与口服片剂具生物等效。疗程中，可根据医生决定，由静脉给药改为口服片剂，无须调整剂量。 2.用药剂量指南:感染（取决于病原菌） 每日剂量、疗程 (1)慢性支气管炎急性发作 400mg 7~10天 (2)急性鼻窦炎 400mg 10天 (3)社区获得性肺炎 400mg 7~14天 (4)单纯性尿路感染 400mg 单剂或200mg 3~5天 (5)复杂性尿路,3
动物胰岛素,动物胰岛素,,,,1
劳拉西泮,劳拉西泮,,,,2
化学疗法药物,化学疗法药物,,,,1
化疗药,化疗药,,,,1
化痰平喘,化痰平喘|化痰平喘片|南沙参、地龙暴马子皮、百部、浮海石、黄芩、盐酸异丙嗪。,南沙参、地龙暴马子皮、百部、浮海石、黄芩、盐酸异丙嗪。,,口服，一次4～6片，一日2次。,2
北豆根,北豆根|北豆根总生物碱。|北豆根滴丸,北豆根总生物碱。,国药准字Z20090834,遵医嘱。,3
匹伐他汀,匹伐他汀|本品主要成份为匹伐他汀钙。,,,本品不同剂型、不同规格的用法用量可能存在差异，请阅读具体药物说明书使用，或遵医嘱。匹伐他汀钙片、匹伐他汀钙分散片：通常，成人1日1次，晚饭后口服本品1-2mg（即0.5-1片）按照年龄和治疗反应适宜增减剂量，在LDL-胆固醇降低不充分的情况下可以增量，每日最大给药量为4mg（即2片）。1、肝病患者给药时，初始给药量为每日1mg（即0.5片）最大给药量为每日2mg（即1片）。（参照【慎重给药、药代动,3
匹伐他汀钙,匹伐他汀钙|匹伐他汀钙分散片|匹伐他汀钙片|本品活性成份为匹伐他汀钙。,,,通常，成人1日1次，晚饭后口服本品1~2mg(即0. 5~1片) 。按照年龄和治疗反应适宜增减剂量，在LDL-胆固醇降低不充分的情况下可以增量，每日最大给药量为4ng(即2片)。 || 通常，成人一日1次，晚饭后口服匹伐他汀钙1~2mg。按照年龄和治疗反应适当增减剂量，在LDL胆固醇降低不充分的情况下可以增量，每日最大给药量为4mg。详见说明书。,4
匹多莫德,匹多莫德|匹多莫德口服液,匹多莫德,,3岁及以上儿童及青少年：每次0.4g，每日两次，不超过60天。,3
匹多莫德口服溶液,匹多莫德|匹多莫德口服溶液,匹多莫德,,3岁及以上儿童及青少年：每次0.4g，每日两次，不超过60天。,3
匹维溴铵,化学名称；N2-溴-4，5-二甲基苄基-N22-双甲基-2-去甲蒎烷基乙氧基乙基吗啉溴。|匹维溴铵|匹维溴铵片,,H20120127,成人：常用推荐剂量3-4片/天，少数情况下，如有必要可增至6片/天。为钡灌肠做准备时，应于检查前三天开始用药，剂量为4片/天。切勿咀嚼或掰碎药片，宜在进餐时用水吞服。不要在卧位时或临睡前服用。,3
匹莫林,匹莫林,,,,1
匹莫齐特,匹莫齐特,,,,3
医用玻璃酸钠凝胶,医用玻璃酸钠凝胶|本品主要成分为玻璃酸钠。,本品主要成分为玻璃酸钠。,国药准字H10950128,根据手术方式选择用量，眼前节手术常用量为一次0.2ml左右。前房内注射，术毕根据手术需要消除残留药液。,3
十一酸睾酮胶,十一酸睾酮。其化学名称为：17b-羟基雄甾-4-烯-3酮十一烷酸酯。|十一酸睾酮胶|十一酸睾酮胶丸,十一酸睾酮。其化学名称为：17b-羟基雄甾-4-烯-3酮十一烷酸酯。,国药准字J20100060,一般，剂量应根据每个病人对药物的反应情况而加以适当的调整。通常，起始剂量每天120-160mg（以十一酸睾酮计，即3-4粒）连服2-3周，然后服用维持剂量，每天40-120mg(以十一酸皋酮计，即1-3粒)。 本品应在吃饭时服用，如有需要可用少量水吞服，必须将整个胶丸吞服，不可咬嚼。可将每天的剂量分成两个等份，早晨服一份，晚间服一份。如果胶丸个数不能均分为两等份，则早晨服用胶丸个数较多的一份，或遵,3
升汞,升汞,,,,2
半枝莲,半枝莲|半枝莲。辅料为硬酯酸镁。|半枝莲片,,国药准字Z20025024,口服，一次5片，一日3次。,4
华法令,华法令|华法令或其衍生物,,,,50
华法林,华发令|华法令|华法林|法华林,,,,202
华法林钠,化学名称：3-3-氧代-1-苯基丁基-4-羟基-2H-1-苯并吡喃二酮钠盐与异丙醇。分子式：C19H15NaO4分子量：330.31|华法林钠|华法林钠片,,,口服。成人常用量：避免冲击治疗口服第1～3天3～4mg(年老体弱及糖尿病患者半量即可)，3天后可给维持量一日2.5～5mg(1-2片)(可参考凝血时间调整剂量使INR值达2～3)。因本品起效缓慢，治疗初3天由于血浆抗凝蛋白细胞被抑制可以存在短暂高凝状态，如须立即产生抗凝作用，可在开始同时应用肝素，待本品充分发挥抗凝效果后再停用肝素。,3
华法林钾,华法林钾,,,,1
单价乙肝疫苗,单价乙肝疫苗,,,,1
单价甲肝疫苗,单价甲肝疫苗,,,,1
单氯芬那酸,单氯芬那酸|单氯芬那酸片|本品主要成份单氯芬那酸。,,国药准字H33022658,本品口服 一次0.2～0.4g，一日3次。,3
单盐酸氟西泮,单盐酸氟西泮|单盐酸氟西泮胶囊|本品的主要成分为单盐酸氟西泮。,本品的主要成分为单盐酸氟西泮。,国药准字H31021384,按氟西泮计算成人口服15~30mg，睡前服。老年或体弱者一次15mg。,3
单硝酸异山梨酯,单硝酸异山梨酯|单硝酸异山梨酯分散片|单硝酸异山梨酯喷雾剂|单硝酸异山梨酯注射液|单硝酸异山梨酯片|单硝酸异山梨酯缓释片|单硝酸异山梨酯胶囊|本品主要成份:单硝酸异山梨酯。|本品主要成分为单硝酸异山梨酯。|本品成份单硝酸异山梨酯.,单硝酸异山梨酯|本品主要成分为单硝酸异山梨酯。,国药准字H10960021|国药准字H19990227|国药准字H20020439|国药准字H20066203,1.口服:每日清晨服1片，病情严重者，可在每日清晨服2片，若出现头疼，最初剂量可减至每日半片。 2.整片或半片服用前应保持完整，用半杯水吞服，不可咀嚼或碾碎服用。 || 口服。一次10～20mg，一日三次，或遵医嘱。 || 含服或吞服，也可加水分散后口服，一次10～20mg(半片~1片)，一日2次(两次服药之间相隔7小时)，或遵医嘱。,17
单硝酸异山梨酯氯化钠,单硝酸异山梨酯|单硝酸异山梨酯氯化钠|单硝酸异山梨酯氯化钠注射液,单硝酸异山梨酯,国药准字H20030656,静脉滴注。药物剂量可根据病人的反应调整，一般有效剂量为每小时2~7mg。开始给药速度为60μg/分，一般速度为60~120μg/分，每日一次，10天为一疗程。,3
单硝酸异山梨酯缓释,单硝酸异山梨酯缓释|单硝酸异山梨酯缓释胶囊|本品主要成份为单硝酸异山梨酯。,,,口服。每日一次，每次1粒，用适量温水整粒吞服(不可咀嚼)。对循环不稳定者，首次服药可能引起血管性虚脱症状，也可能产生硝酸盐性头痛。可在开始治疗时服用非长效制剂早晚各半片以明显减少上述症状。,3
单硝酸异山梨酯缓释胶囊I,单硝酸异山梨酯缓释胶囊I|本品主要成份为单硝酸异山梨酯。化学名称：1，4：3，6-二脱水-D-山梨糖醇-5-硝酸酯。分子式：C6H9NO6分子量：191.14,,,口服：每日清晨服1片，病情严重者，可在每日清晨服2片，若出现头疼，最初剂量可减至每日半片。整片或半片服用前应保持完整，用半杯水吞服，不可咀嚼或碾碎服用。,2
单硝酸异山梨酯缓释胶囊IV,主要成分为单硝酸异山梨酯。|单硝酸异山梨酯缓释胶囊IV,主要成分为单硝酸异山梨酯。,,除另有医嘱，否则每日一次，每次1粒(50mg)，用适量温水整粒吞服(不可咀嚼)。对循环不稳定的患者，首次服药可能引起血管性虚脱症状，也可能产生硝酸盐性头痛。可在开始治疗时服用非长效制剂-单硝酸异山梨酯(如艾复咛20mg)早晚各半片以明显减少上述症状。,3
单硝酸异山梨酯缓释胶囊Ⅰ,单硝酸异山梨酯|单硝酸异山梨酯缓释胶囊Ⅰ,单硝酸异山梨酯,国药准字H20000724,口服：一次40mg，每日一次，早饭后服。,3
单硝酸异山梨酯缓释胶囊Ⅱ,单硝酸异山梨酯缓释胶囊Ⅱ|本品主要成份:单硝酸异山梨酯。,,国药准字H19991018,口服，每日早饭后服用，一日一次，一次40mg，或遵医嘱。,3
单硝酸异山梨酯缓释胶囊Ⅲ,单硝酸异山梨酯缓释胶囊Ⅲ,,国药准字H19991021,口服。每日清晨服40mg。副作用明显时，可改用每次20mg，每日2次。每日服用40mg疗效不明显时，可遵医嘱增至每日60mg。,3
单硝酸异山梨酯胶,"单硝酸异山梨酯胶|单硝酸异山梨酯胶丸|本品化学名称为：1,4:3,6-二脱水-D-山梨醇-5-单硝酸酯。","本品化学名称为：1,4:3,6-二脱水-D-山梨醇-5-单硝酸酯。",,口服。一次10～20mg(1~2粒)，一日2次，或遵医嘱。,3
单硝酸异山梨酯胶囊山苏,"单硝酸异山梨酯胶囊山苏|本品主要成份是单硝酸异山梨酯，化学名：1,4:3,6-二脱水-D-山梨糖醇-5-硝酸酯。",,,口服。一次10～20mg，一日2次，口服。,3
单硝酸异山梨酯葡萄糖,单硝酸异山梨酯葡萄糖|单硝酸异山梨酯葡萄糖注射液|本品为复方制剂，其组份为：单硝酸异山梨酯80mg﹑葡萄糖50g﹑注射用适量﹑全量1000ml。所用辅料为注射用水。,,国药准字H20030752,药物的剂量可根据病人的反应调整，一般有效剂量为每小时2～7mg。静脉滴注开始剂量60ug/min，一般剂量60～120ug/min，每日一次，10天为一疗程。,3
单胺氧化酶抑制剂,单胺氧化酶抑制剂|单胺氧化酶抑制剂MAOI,,,,9
卡前列素氨丁三醇,卡前列素氨丁三醇|卡前列素氨丁三醇注射液,卡前列素氨丁三醇,国药准字H20094183,1、流产|起始剂量为250μg，用结核菌注射器做深部肌肉注射。此后根据子宫反应，间隔1.5至3.5小时再次注射250μg。|开始时可使用选择性的测试剂量100μg。多次间隔注射250μg剂量后子宫收缩力仍不足时，剂量可增至500μg。|使用本品总剂量不得超过12mg，且不建议连续使用超过两天。|2、产后子宫出血|起始剂量为250μg，做深部肌肉注射。73%的患者对单次注射即有反应。如果需要，|个别,3
卡培他滨,卡培他滨|卡培他滨片|本品主要成分为卡培他滨。,本品主要成分为卡培他滨。,,1、本品单药的推荐剂量为1250mg/m2，每日2次口服（早晚各1次；等于每日总剂量2500mg/m2），治疗2周后停药1周，3周为一个疗程。片剂应在餐后30分钟内用水吞服。2、在与多西他赛联合使用时，卡培他滨的推荐剂量为1250mg/m2，每日2次，治疗2周后停药1周，与之联用的多西他赛推荐剂量为75mg/m2，每3周1次，静脉滴注1小时。根据多西他赛的说明书，在对接受卡培他滨和多西他赛联合化疗,4
卡巴咪嗪,卡巴咪嗪,,,,1
卡托普利,卡托普利|卡托普利片|本品主要成份为卡托普利。,,,视病情或个体差异而定。本品宜在医师指导或监护下服用，给药剂量须遵循个体化原则，按疗效予以调整。1.成人常用量（1）高血压，口服，1次12.5 mg，每日2-3次，按需要1-2周内增至50 mg，每日2-3次。疗效不满意可加用其他降压药。（2）心力衰竭，开始1次口服12.5 mg，每日2-3次，必要时逐渐增至50 mg，每日2-3次。若需进一步加量，宜观察疗效2周再考虑；对近期大量服用利尿剂，处于低,7
卡比多巴,卡比多巴,,,,8
卡氮芥,卡氮芥,,,,7
卡泊三醇,卡泊三醇|卡泊三醇软膏|本品主要成份为卡泊三醇。,,,仅限于外用。取本品适量均匀涂在患处，并轻轻按摩，每日2次。某些患者在生效后减少用...,3
卡维地洛,卡维地洛|卡维地洛片|本品主要成份为卡维地洛。,,,剂量必须个体化，需在医师的密切监测下加量。1.高血压 推荐起始剂量6.25mg...,3
卡莫司汀,卡莫司汀,,,,1
卡那霉素,卡那霉素|硫酸卡那霉素,,,,13
卡那霉素B,卡那霉素B,,,,1
卡铂,卡铂|卡铂注射液|本品主要成分及其化学名称为:顺-二氨-1，1-环丁烷二羧酸合铂。,本品主要成分及其化学名称为:顺-二氨-1，1-环丁烷二羧酸合铂。,H20110231,1.本品可单用也可与其它抗癌药物联合使用。 2.临用时把本品加入到5％葡萄糖注射液250～500ml中静脉滴注。 3.推荐剂量为0.3～0.4g／m2，一次给药，或分五次五天给药。 4.均四周重复给药一次，每2～4周期为一疗程。,5
卡马西平,卡马西平|卡马西平片|活性成分：卡马西平。|酰胺咪嗪,活性成分：卡马西平。,,本品可在用餐时、用餐后、或两餐之间用少量液体送服。对老年患者，应慎重选择卡马西平的剂量。癫痫:卡马西平应尽可能单药治疗用药。治疗应从小剂量开始，缓慢增加至获得最佳疗效。当发作被控制后，可以缓慢减至最低有效剂量。测定血药浓度可帮助确定合适的剂量。如果服用其它抗癫痫药时加用卡马西平，在维持原药剂量的情况下，卡马西平的剂量应逐渐增加，必要时可调整其它抗癫痫药的剂量(见【药物相互作用】)。成人：初始剂量每,95
卤泛群,卤泛群,,,,1
印地那韦,印地那韦,,,,2
卵磷脂络合碘,卵磷脂络合碘|卵磷脂络合碘胶囊|本品主要成份为卵磷脂络合碘。,,,口服，成人一次1~3粒，一日2~3次。,3
卷曲霉素,卷曲霉素,,,,4
厄多司坦,厄多司坦|厄多司坦胶囊|本品主要成份是厄多司坦。,,国药准字H20030653,口服，成人一次1粒（0.3g），一日2次。,3
厄洛替尼,厄洛替尼,,,,1
厄贝沙坦,"伊贝沙坦|伊贝沙坦片|厄贝沙坦|厄贝沙坦分散片|厄贝沙坦片|厄贝沙坦胶囊|本品主要成份为厄贝沙坦。|本品主要成份为厄贝沙坦。化学名称：2-丁基-3-邻-1H-5-四唑基苯基苄基-1，3-二氮杂螺4，壬-1-烯-4-酮分子式：C25H28N6O分子量：428.54|本品主要成份为厄贝沙坦。辅料为：交联聚维酮、微晶纤维素、乳糖、聚维酮K30、糖精钠、二氧化硅、硬脂酸镁。化学名称为2-丁基-3-邻-1H-5四唑基苯基苄基-1,3-二氮杂螺-4.4壬-1-烯-4-酮。化学结构式：分子式：C25H28N6O分子量：428.54|本品主要成分为厄贝沙坦。",本品主要成分为厄贝沙坦。,,口服。1、推荐起始剂量为0.15g，一日1次。根据病情可增至0.3g，一日1次。2、可单独使用，也可与其他抗高血压药物合用。对重度高血压及药物增量后血压下降仍不满意时，可加用小剂量的利尿药（如噻嗪类）或其他降压药物。 || 推荐开始剂量为0.15g，1次/天。必要时可逐渐增加到0.3g，1次/天，不能控制血压时可加服利尿药氢氯噻嗪。 || 本品不同剂型、不同规格的用法用量可能存在差异，请阅读具体药物说明书使用，或遵医嘱。厄贝沙坦胶囊/厄贝沙坦片：口服。1、推荐起始剂量为0.15g，一日1次。根据病情可增至0.3g，一日1次。2、可单独使用，也可与其他抗高血压药物合用。对重度高血压及药物增量后血压下降仍不满意时，可加用小剂量的利尿药（如噻嗪类）或其他降压药物。厄贝沙坦分散片：1、通常建议的初始剂量和维持剂量为每日150mg，饮食对服药,12
厄贝沙坦氢氯噻嗪,厄贝沙坦氢氯噻嗪|厄贝沙坦氢氯噻嗪胶囊|本品每粒含厄贝沙坦150mg，氢氯噻嗪12.5mg。,本品每粒含厄贝沙坦150mg，氢氯噻嗪12.5mg。,国药准字H20060811,"1.本品每日1次，空腹或进餐时使用，用于治疗单用厄贝沙坦150mg或氢氯噻嗪不能有效控制血压的患者。 
2.推荐患者对单一成分（即厄贝沙坦或氢氯噻嗪）进行调整后，用复方进行替代。 
3.不推荐使用每日一次剂量大于厄贝沙坦300mg/氢氯噻嗪25mg。",3
去氧孕烯炔雌醇,去氧孕烯炔雌醇|去氧孕烯炔雌醇片|本品为复方制剂，每片含去氧孕烯0.15mg和炔雌醇30μg。辅料为：马铃薯淀粉，无水硅胶，a-生育酚，硬脂酸。聚乙烯呲咯烷酮，一水合乳糖，丙醇和纯水。,,,在月经周期的第1天，即月经来潮的第1天开始服用本品。也可以从月经来潮的第2-5天开始服用，但建议您在第一个服药周期的最初7天，同时采用屏障避孕法。按照箭头所指的方向每天约同一时间服一片本品，连续服21天，随后停药7天，在停药的第8天开始服用下一板。(详见说明书)。,3
去氧氟尿苷,化学名称：5′-去氧-5-氟尿苷。|去氧氟尿苷|去氧氟尿苷。|去氧氟尿苷片|去氧氟尿苷胶囊,化学名称：5′-去氧-5-氟尿苷。|去氧氟尿苷。,国药准字H20000651,"口服,一天总量0.8-1.2g（4- 6粒）,分3-4次,并根据年龄?症状可适当增减,或遵医嘱,与其他抗肿瘤药物一起使用时,请遵医嘱。 || 口服，一天总量0.8～1.2g(4-6片)，分3～4次，并根据年龄、症状可适当增减，或遵医嘱，与抗肿瘤药物一起使用时，请遵医嘱。",6
去氧苯比妥,去氧苯比妥,,,,1
去炎松,去炎松,,,,2
去甲万古霉素,去甲万古霉素,,,,3
去甲丙咪嗪,去甲丙咪嗪,,,,2
去甲丙米嗪,去甲丙米嗪,,,,1
去甲替林,去甲替林,,,,1
去甲肾上腺素,去甲肾上腺素,,,,6
去羟基苷,去羟基苷,,,,4
去羟肌苷,去羟肌苷|去羟肌苷分散片,去羟肌苷,H20030354,剂量:去羟肌苷分散片应在餐前至少30分钟给药，或在用餐2小时以后，空腹服用。无论是每日一次，还是每日两次，为了提供足够的缓冲液以防止去羟肌苷在胃中被酸降解，每次至少应服用两片相应的剂量。因需要足够的缓冲剂，200mg规格的片剂只用于每日一次治疗方案。为避免胃肠道的不良反应，患者每次服药不应超过4片。成人:推荐剂量按体重和每日一次、每日两次的治疗方案。,19
去铁胺,去铁胺,,,,4
参乌益肾,制何首乌、菟丝子、太子参、麸炒苍术、枸杞子、怀牛膝、泽兰、赤芍、茯苓、泽泻、车前子、熟大黄。|参乌益肾|参乌益肾片,,,口服。一次4片，一日3次。疗程为8周。,2
参芎葡萄糖,参芎葡萄糖|参芎葡萄糖注射液|本品为复方制剂，其组分为：丹参相当于丹参素20mg，盐酸川芎嗪100mg，葡萄糖5.0g，甘油1.0ml。,,国药准字H52020703,静脉滴注，每天一次，每次100ml～200ml，或遵医嘱，儿童及老年患者应遵医嘱。,3
参芪博力康,人参、淫羊藿、菟丝子、黄芪、灵芝、制何首乌、黄精、麦冬、当归、知母盐炒等13味。|参芪博力康|参芪博力康片,人参、淫羊藿、菟丝子、黄芪、灵芝、制何首乌、黄精、麦冬、当归、知母盐炒等13味。,国药准字Z20003276,口服，一次4～6片，一日2次。,3
参芪鱼肝油凝胶,参芪鱼肝油凝胶|本品为复方制剂，每毫升含党参10毫克，黄芪40毫克，鱼肝油4毫克，维生素A194单位，维生素D319.4单位。辅料为：,,国药准字H46020578,口服。一次10毫升，一日3次，用温开水冲服。,3
参苏丸大蜜,党参、紫苏叶、葛根、前胡、茯苓、半夏制、陈皮、枳壳炒、桔梗、甘草、木香、生姜、大枣。|参苏丸大蜜|参苏丸大蜜丸,,国药准字Z20027352,口服，一次6-9克，一日2-3次。,3
参苏丸小蜜,党参、紫苏叶、葛根、前胡、茯苓、半夏制、陈皮、枳壳炒、桔梗、木香、甘草、生姜、大枣、蜂蜜炼。|参苏丸小蜜|参苏丸小蜜丸,,国药准字Z20027389,口服，一次9-18克，一日2-3次。,3
参苏丸水,党参、紫苏叶、葛根、前胡、茯苓、半夏制、陈皮、枳壳炒、桔梗、木香、甘草、生姜、大枣、蜂蜜炼。|参苏丸水|参苏丸水丸,,国药准字Z61021506,口服，一次9-18克，一日2-3次。,3
参苏丸水蜜,党参、紫苏叶、葛根、前胡、茯苓、半夏制、陈皮、枳壳炒、桔梗、甘草、木香、生姜、大枣。|参苏丸水蜜|参苏丸水蜜丸,,国药准字Z20027390,口服。一次6～9克，一日2～3次。,3
参苏补肾,参苏补肾|参苏补肾胶囊|西洋参、猪脑、何首乌、益智仁、五味子、天麻、石菖蒲、紫苏子、丹参、远志、葛根,西洋参、猪脑、何首乌、益智仁、五味子、天麻、石菖蒲、紫苏子、丹参、远志、葛根,国药准字B20021039,口服，一次4~5粒，一日3次。,3
参苑益气补肾,人参、黄芪、丹参、女贞子、沙苑子、枸杞子、猪苓、补骨脂。|参苑益气补肾|参苑益气补肾胶囊,人参、黄芪、丹参、女贞子、沙苑子、枸杞子、猪苓、补骨脂。,国药准字B20020395,口服，一次6～8粒，一日3次。,3
参苓白术,人参、茯苓、白术炒、山药、白扁豆炒、莲子、薏苡仁炒、砂仁、桔梗、甘草。|参苓白术|参苓白术口服液,人参、茯苓、白术炒、山药、白扁豆炒、莲子、薏苡仁炒、砂仁、桔梗、甘草。,国药准字Z10960040,口服，一次1支，一日2-3次。,3
参茸三七补血,人参、龟甲胶、党参、五味子、白术、肉桂、远志炙、甘草炙、鹿茸、三七蒸、熟地黄、当归、山药、砂仁、大枣、鹿角胶、黄芪炙、枸杞子、茯苓、白芍酒炙、香附醋盐炙、陈皮。|参茸三七补血|参茸三七补血片,,国药准字Z53020653,口服，一次5～8片，一日3次。,3
参茸三七酒,人参、鹿茸、三七熟、白术麸炒、茯苓蒸、五味子蒸、枸杞、肉苁蓉、补骨脂盐炙、麦冬、巴戟天盐炙、怀牛膝酒炙。|参茸三七酒,,国药准字Z36021470,口服，一次10毫升，一日2～3次。,3
参茸大补膏,参茸大补膏|红参，鹿茸，白术，五味子，当归，陈皮，白芍，熟地黄，甘草，党参，肉桂，远志，黄芪，茯苓。,,国药准字Z43021037,口服，一次20～30克，一日2次。,3
参茸天麻酒,参茸天麻酒|天麻、人参、鹿茸、枸杞子、何首乌、茯苓、五味子。,天麻、人参、鹿茸、枸杞子、何首乌、茯苓、五味子。,国药准字Z45020018,口服，一次15毫升，一日2次。,3
参茸安神,人参、鹿茸、地黄、玉竹、菟丝子炒、五味子、肉苁蓉制、丹参、桔梗、琥珀、酸枣仁炒、远志等18味。|参茸安神|参茸安神丸|参茸安神片|红参、丹参、玉竹、拍子仁、山药、玄参、芡实、酸枣仁、肉苁蓉、远志、五味子、白术、菟丝子、石菖蒲、生地黄、桔梗、鹿茸、琥珀。,,国药准字Z21020768|国药准字Z22020658,口服，一次1丸，一日2次。 || 口服，一次5片，一日2次。,6
参茸珍宝,人参、鹿茸、珍珠、枸杞子、菟丝子、女贞子、褚实子、沙苑子、肉苁蓉、五味子、苍术米泔水制、小麦胚芽粉。|参茸珍宝|参茸珍宝片,,国药准字Z20044609,口服，饭前一、二小时温开水送服。一次2片，一日2次。,3
参茸益肾,人参去芦、五味子、淫羊藿制、黄芪、酸枣仁炒、丹参、地黄、鹿茸去毛、哈蟆油、鹅管石煅、韭菜子盐制、蛇床子、胡芦巴炒、鹿鞭烫、牛鞭烫、狗鞭烫、海马、大海米、冰片、柞蚕蛹。|参茸益肾|参茸益肾胶囊,,国药准字B20020565,口服，一次3～4粒，一日3次。,3
参茸蛤蚧保肾,参茸蛤蚧保肾|参茸蛤蚧保肾丸|红参、当归、山茱萸、杜仲、山药、益智制、鹿茸、熟地黄、肉苁蓉、远志、茯苓、补骨脂、蛤蚧、枸杞子、巴戟天、沉香、白术。,,国药准字Z21021090,口服，一次3克，一日2次。,3
参茸补酒,人参、鹿茸制、熟地黄、山药、牛膝制、甘草蜜炙、肉桂、桑寄生、当归、党参蜜炙、白术制、川芎制、白芍制、制何首乌、龙眼肉。|参茸补酒,,国药准字Z20025184,口服，一次15～30毫升，一日2～3次。,3
参茸鹿胎膏,参茸鹿胎膏|杜仲炭、人参、化橘红、熟地黄、丹参、小茴香盐制、益母草、桃仁炒、川芎、荆芥穗炭、白芍、香附醋制、莱菔子、白术麸炒、肉桂、银柴胡、泽泻盐制、槟榔焦、厚朴姜制、神曲炒、附子制、麦芽炒、赤芍、山楂焦、延胡索醋制、苍术炒、续断、吴茱萸盐制、砂仁、海螵蛸、茯苓、乌药、牡丹皮、牛膝、龟甲醋制、豆蔻、木瓜、红花、木香、山药、沉香、当归、鹿茸、甘草、鹿胎。,,国药准字Z22025349,温黄酒或温开水冲服，一次10克，一日2次。,3
参附脱毒,制附子、人工牛黄、洋金花、钩藤、珍珠、人参、郁金、芦荟、甘草。|参附脱毒|参附脱毒胶囊,制附子、人工牛黄、洋金花、钩藤、珍珠、人参、郁金、芦荟、甘草。,国药准字Z20020071,口服，一次3粒，一日3次；3?5日后酌情减至一次2粒，一日3次，或晚睡前3粒。,3
参鹿强身,参鹿强身|参鹿强身丸|红参、白芍炒、甘草炙、山茱萸蒸、女贞子蒸、全鹿干、肉苁蓉、山药、覆盆子、白术炒、锁阳、菟丝子酒炙、陈皮,,国药准字Z33020972,口服，一次3克，一日3次。,3
参鹿补膏,参鹿补膏|鸡血藤、女贞子、墨旱莲、仙鹤草、熟地黄、淫羊藿、狗脊砂烫去毛、白术麸炒、锁阳、党参、续断、玉竹、干鹿肉、或鲜鹿肉人参。,,国药准字Z23020500,口服，一次10～15克，一日2次。,3
双丙戊酸盐,双丙戊酸盐,,,,1
双唑泰,"双唑泰|双唑泰泡腾片|双唑泰软膏|本品为复方制剂，每支4克，含甲硝唑0.2克、克霉唑0.16克、醋酸氯己定8毫克。|每片含甲硝唑灭滴灵0.2G,克霉唑0.16G,醋酸氯己定洗必泰0.008G.","本品为复方制剂，每支4克，含甲硝唑0.2克、克霉唑0.16克、醋酸氯己定8毫克。|每片含甲硝唑灭滴灵0.2G,克霉唑0.16G,醋酸氯己定洗必泰0.008G.",,用戴指套的手指将本品置于阴道后穹窿部，一次1片，一日1次。连用7日为一疗程，停药... || 阴道给药。用药前洗净阴部，取曲膝仰卧位，将注膏器（顶帽拔除后）轻轻送入阴道深入至...,6
双唑泰栓,双唑泰栓|本品为复方制剂，每粒含主要成份甲硝唑200毫克、克霉唑160毫克、醋酸氯己定8毫克。辅料为石蜡、羊毛脂、半合成脂肪酸甘油酯。,,,阴道给药。睡前洗净双手，戴上指套，将本品送入阴道深处(后穹窿部)，每次1粒，一日1次。连用七日为一个疗程。停药后第一次月经净后再重复一疗程。,3
双唑泰阴道,双唑泰阴道|双唑泰阴道泡腾片|本品为复方制剂，每片含主要成份甲硝唑0.2克、克霉唑0.16克、醋酸氯己定0.008克。,,,阴道给药。将本品置于阴道后穹窿部，一次1片，一日1次。连用7日为一个疗程，停药后...,3
双嘧达莫,双嘧达莫|双嘧达莫。化学名：2，2’，2”，2’’’-4，8-二哌啶基嘧啶并5，4-d嘧啶-2，6-二基双次氮基-四乙醇|双嘧达莫片,,,口服，一次1-2片，一日三次，饭前一小时服用，或遵医嘱。,10
双嘧达莫缓释,双嘧达莫缓释|双嘧达莫缓释胶囊|本品主要成份为双嘧达莫。,,国药准字H19991140,口服，一次200mg，一日2次。,3
双异丙吡胺,双异丙吡胺,,,,2
双歧杆菌三联活菌,双歧杆菌三联活菌|双歧杆菌三联活菌胶囊|本品为复方制剂，主要成分为长型双歧杆菌，嗜酸乳杆菌和粪肠球菌。,本品为复方制剂，主要成分为长型双歧杆菌，嗜酸乳杆菌和粪肠球菌。,,1、口服，一日2次，每次2-4粒，重症加倍，饭后半小时温水服用。2、儿童用药酌减，婴幼儿服用时可将胶囊内药粉用温开水或温牛奶冲服。,3
双歧杆菌四联活菌,​本品为复方制剂，主要成份为婴儿双歧杆菌、嗜酸乳杆菌、粪肠球菌、蜡样芽孢杆菌。|双歧杆菌四联活菌|双歧杆菌四联活菌片,,,1、口服，一日3次，一次3片，重症可加倍服用或遵医嘱。2、餐后用温开水或温牛奶送服。,3
双氢氯噻嗪,双氢氯噻嗪,,,,2
双氢麦角胺,双氢麦角胺,,,,4
双氯芬酸,双氮芬酸|双氯芬酸,,,,7
双氯芬酸二乙胺乳胶剂,双氯芬酸二乙胺乳胶剂|本品每支含双氯芬酸二乙胺0.2克以双氯芬酸钠计辅料为异丙醇和丙二醇等。,,,外用。按照痛处面积大小，使用本品适量，轻轻揉搓，使本品渗透皮肤，一日3～4次。,3
双氯芬酸二乙胺凝胶,双氯芬酸二乙胺凝胶|本品每克含主要成份双氯芬酸二乙胺10毫克以双氯芬酸钠记。辅料为：丙二醇、聚山梨酯80、乙醇、卡波姆。,,,外用.根据患处大小使用本品适量涂布.并轻轻揉擦.一日3-4次。,3
双氯芬酸钠,双氯芬酸钠|双氯芬酸钠。化学名称：2-2，6－二氯苯基氨基苯乙酸钠化学结构式：分子式：C14H10Cl2NNaO2分子量：318.13|双氯芬酸钠滴眼液|双氯芬酸钠缓释片|双氯芬酸钠肠溶片|本品主要成分为双氯芬酸钠。|本品含有双氯芬酸钠，玻璃酸钠。,本品主要成分为双氯芬酸钠。|本品含有双氯芬酸钠，玻璃酸钠。,国药准字H10950098,1、口服，本品须整片吞服，勿嚼碎。2、一次0.1g，一日1次，或遵医嘱。 || 一日4～6次，一次1滴；眼科手术用药：术前3、2、1和0.5小时各滴眼一次，一次1滴。白内障术后24小时开始用药，一日4次，持续用药二周；角膜屈光术后15分钟即可用药，一日4次，持续用药三天。 || 双氯芬酸钠缓释片：口服，本品须整片吞服，勿嚼碎。一次0.1g，一日1次，或遵医嘱。双氯芬酸钠缓释片（Ⅰ）：口服，一次1片（0.1g），一日1次，或遵医嘱。晚餐后用开温水送服，需整片吞服，不要弄碎或咀嚼。双氯芬酸钠缓释胶囊：口服。本品须整粒吞服，勿嚼碎。一次50mg，一日2次，或遵医嘱。双氯芬酸钠缓释胶囊（Ⅰ）：口服：本品须整粒吞服，勿嚼碎。一次0.1g，一日1次，或遵医嘱。双氯芬酸钠肠溶片：口服。,12
双氯芬酸钠双释放肠溶,双氯芬酸钠双释放肠溶|双氯芬酸钠双释放肠溶胶囊|本品活性成份为双氯芬酸钠。,,,正常成人的剂量为一日一次。一次l粒。必要时可增至一日2次，一次1粒。儿童和老年人...,3
双氯芬酸钠栓,"化学名称为：2-2,6-二氯苯基氨基-苯乙酸钠。|双氯芬酸钠栓","化学名称为：2-2,6-二氯苯基氨基-苯乙酸钠。",,"取塑料指套一只,套在食指上,取出栓剂,持栓剂下端,以少量温水湿润后,轻轻塞入肛门...",3
双氯芬酸钠米索前列醇,双氯芬酸钠米索前列醇|双氯芬酸钠米索前列醇片|米索前列醇。,米索前列醇。,国药准字H20084598,成人：每次服一片，与食物一起服用，每天2～3次。药片应完整吞服，不能嚼碎。老年人/肝脏损害／肾脏损害者：老年人或有肝脏损害或有轻、中度肾损害者，由于药物动力学不会造成任何临床上有关程度的改变，故无需调整剂量。然而，对有严重肝肾脏损害者，必须进行密切观察。,3
双氯芬酸钠缓释,双氯芬酸钠缓释|双氯芬酸钠缓释胶囊|本品主要成分为双氯芬酸钠。,本品主要成分为双氯芬酸钠。,,双氯芬酸钠缓释胶囊：口服，本品须整粒吞服，勿嚼碎，一次50mg，一日2次，或遵医嘱。双氯芬酸钠缓释胶囊（Ⅰ）：口服：本品须整粒吞服，勿嚼碎。一次0.1g，一日1次，或遵医嘱。,3
双氯芬酸钠缓释片IV,双氯芬酸钠缓释片IV|本品主要成份是双氯芬酸钠。,,,"口服:一日1～2次,一次1片，或遵医嘱。晚餐后用温开水送服，需整片吞服，不要弄碎...",2
双氯芬酸钠缓释片Ⅰ,双氯芬酸钠。|双氯芬酸钠缓释片Ⅰ|本品的主要成分为双氯芬酸钠。,双氯芬酸钠。|本品的主要成分为双氯芬酸钠。,,口服，一次1片（0.1g)，一日1次，或遵医嘱。晚餐后用开温水送服，需整片吞服，... || 口服，一次1片（0.1g），一日1次，或遵医嘱。晚餐后用开温水送服，需整片吞服，不要弄碎或咀嚼。,6
双氯芬酸钠肠溶,双氯芬酸钠肠溶|双氯芬酸钠肠溶胶囊|本品主要成份为双氯芬酸钠。,,,口服，一次50mg(1粒)，一日两次，或遵医嘱。,3
双氯芬酸钠肠溶缓释,双氯芬酸钠肠溶缓释|双氯芬酸钠肠溶缓释胶囊|本品主要成份为双氯芬酸钠。,,,口服，本品须整粒吞服，勿嚼碎。每次0.1g(1粒)，一日1次，或遵医嘱。,3
双氯芬酸钾,双氯芬酸钾|双氯芬酸钾。|双氯芬酸钾片,双氯芬酸钾。,国药准字H20073443,口服，饭前服用。成人，100～?150mg/天?;症状较轻者以及14岁以上儿?童，75～100mg/天，分2～3次服用。原发性痛经，一般剂量50～150mg/天，根据病情可以提高至最大剂量，200mg/天，或遵医嘱。,3
双氯苯咪唑,双氯苯咪唑,,,,2
双环已乙哌淀,双环已乙哌淀,,,,1
双硫仑,双硫仑,,,,25
双胍乙啶,双胍乙啶,,,,1
双醋瑞因,双醋瑞因|双醋瑞因。|双醋瑞因胶囊,双醋瑞因。,,长期治疗(不短于3个月)：每日1-2次，每次1粒，餐后服用。由于服用安必丁®的首...,3
双香豆素,双香豆素,,,,71
双香豆素类,双香豆素类,,,,4
双香豆素类抗凝剂,双香豆素类抗凝剂,,,,1
双香豆素类药物,双香豆素类药物,,,,1
双香豆素衍生物,双香豆素衍生物,,,,2
反苯环丙胺,反苯环丙胺,,,,1
叠氮胸苷,叠氮胸苷,,,,3
口服抗凝剂,口服抗凝剂,,,,8
口服抗凝药,口服抗凝药,,,,20
口服抗凝药物,口服抗凝药物,,,,1
口服抗凝血剂,口服抗凝血剂,,,,1
口服抗凝血药,口服抗凝血药,,,,1
口服抗糖尿病药,口服抗糖尿病药,,,,2
口服抗糖尿病药物,口服抗糖尿病药物,,,,1
口服避孕药,口服避孕药|口服避孕药乙炔雌二醇/炔诺酮35/1|口服避孕药炔雌醇和炔诺酮|口胶避孕药,,,,77
口服酪酸梭菌活菌,口服酪酸梭菌活菌|口服酪酸梭菌活菌片|酪酸梭菌活菌。,酪酸梭菌活菌。,国药准字S20040083,口服，成人，一次2片，一天3次。用温开水送服。急性腹泻，疗程3~7天；慢性腹泻，疗程14~21天，或遵医嘱。,3
口服降糖药,口服降糖药|口服降血糖药,,,,17
口服降血糖药,口服降血糖药,,,,11
口服降血糖药物,口服降血糖药物,,,,15
可乐定,可乐定,,,,14
可乐定透皮,可乐定透皮|可乐定透皮贴片|本品主要成份为可乐定，其化学名称为：2-2，6-二氯苯基亚氨基咪唑烷。分子式：C9H9Cl2N3分子量：230.10,,,用法： 1.敷贴部位： 背部肩胛骨下(首选);上胸部;耳后乳突或上臂外侧等无毛...,3
可力,可力|本品主要成份地高辛。,,国药准字H23020316,"1.成人常用量口服：|(1)常用0.125~0.5mg，每日－次，7天可达稳态血药浓度；|(2)若达快速负荷量，可每6~8小时给药0.25,mg，总剂量0.75~1.25mg／日；维持量，每日－次0.125~0.5mg。|2.小儿常用量口服：本品总量，|(1)早产儿0.02~0.03mgkg；|(2)1月以下新生儿0.03~0.04mg／kg；|(3)1月~2岁，0.05~0.06mg／kg；|(",1
可卡因,可卡因,,,,3
可威磷酸奥司他韦,可威磷酸奥司他韦|可威磷酸奥司他韦颗粒|本品主要成份为磷酸奥司他韦,,,"• 本品用温开水完全溶解后口服。 
• 磷酸奥司他韦可以与食物同服或分开服用。但对一些病人，进食同时服药可提高药物的耐受性。
流感的治疗
在流感症状开始的第一天或第二天（理想状态为36小时内）就应开始治疗。
成人和13岁以上青少年
推荐口服剂量是每次75毫克，每日2次，共5天。
儿童
对1岁以上的儿童推荐按照下列体重-剂量表服用。
体重 推荐剂量
≤ 15 千克 30 毫克，每日 2 次
＞ 15",3
可导致溶血的药物,可导致溶血的药物,,,,1
可待因,可待因,,,,5
可的松,可的松,,,,1
可的松类似物,可的松类似物,,,,1
右佐匹克隆,右佐匹克隆|本品主要成分为右佐匹克隆。,本品主要成分为右佐匹克隆。,,1、本品应个体化给药，成年人推荐起始剂量为入睡前2mg，由于3mg可以更有效的延长睡眠时间，可根据临床需要起始剂量为或增加到3mg。2、主诉入睡困难的老年患者推荐起始剂量为睡前1mg，必要时可增加到2mg，睡眠维持障碍的老年患者推荐剂量为入睡前2mg。如高脂肪饮食后立刻服用右佐匹克隆有可能会引起药物吸收缓慢，导致右佐匹克隆对睡眠潜伏期的作用降低。3、特殊人群：严重肝脏损患者应慎重使用本品，初始剂量,3
右布洛芬,右布洛芬|本品主要成份为右旋布洛芬。,,1、右布洛芬胶囊：国药准字H20030375。2、右布洛芬片：国药准字H20020155。,一、右布洛芬胶囊：口服。1、抗风湿，一次2粒，一日3-4次。2、轻或中等疼痛及痛经的止痛，一次1粒，一日3-4次。3、超过6岁的儿童，每天2-3次，每次1粒。4、体重未超过30kg的儿童，每天服用剂量不应超过2粒，或遵医嘱。二、右布洛芬片：成人：每日服用2-3次，一次1-2片；或遵医嘱。,3
右旋糖酐,右旋糖酐,,,,4
右旋糖酐40,右旋糖酐40,,,,1
右旋糖酐40葡萄糖,右旋糖酐40葡萄糖|右旋糖酐40葡萄糖注射液|本品主要成份:右旋糖酐-40。,,国药准字H32024445,1.静脉滴注，用量视病情而定，成人常用量一次250～.00ml，24小时内不超过1000～1500ml。婴儿用量为5ml/kg，儿童用量为10ml/kg。 2.休克病例:用量可较大，速度可快，滴注速度为20～40ml/分，第一天最大剂量可用至20ml/kg，在使用前必须纠正脱水。 3.预防术后血栓形成:术中或术后给予500ml，通常术后第一?二日500ml/日，以2～4小时的速度静滴，高危患者，疗,3
右旋糖酐羟丙甲纤维素,右旋糖酐羟丙甲纤维素|右旋糖酐羟丙甲纤维素滴眼液|每毫升含右旋糖酐-70Dextran-701mg0.1%羟丙基甲基纤维素-29103mg0.3%Polyquaternium-10.01mg0.001%硼酸钠、氯化钠、氯化钾等,,,"根据病情需要滴眼,每次1-2滴。",2
右旋糖酐铁,右旋糖酐铁|右旋糖酐铁分散片|右旋糖酐铁片|本品主要成份为右旋糖酐铁。|本品主要成分为右旋糖酐铁片，为氢氧化铁与重均分子量Mw5000-7500的右旋糖酐的络合物。辅料为：微晶纤维素、交联聚维酮、聚维酮K30、二氧化硅、阿司帕坦、薄膜包衣预混剂。,,,口服。成人一次2-4片，一日1-3次，饭后服。 || 本品可直接用水送服，或将本品放入适量的温开水中溶解后口服，成人一次2～4片，一日1～3次。饭后服。,6
右旋糖酐铁口服溶液,右旋糖酐铁口服溶液|本品主要成份为右旋糖酐铁，是重均分子量mw为5000-7500的右旋糖酐与氢氧化铁的络合物。辅料为：蔗糖、柠檬香精。,,,口服。成人一次50-100mg(以铁计)，一日1～3次，饭后服。,3
右旋苯丙胺,右旋苯丙胺,,,,2
右旋酮洛芬氨丁三醇,"化学名称：本品主要成分为右旋酮洛芬氨丁三醇，其化学名称为：+-s-α-甲基-3-苯甲烷基-苯乙酸-α-氨基-2-羟甲基-1,3-丙二醇盐。分子式：C20H25NO6分子量：375.43|右旋酮洛芬氨丁三醇|右旋酮洛芬氨丁三醇胶囊",,,给药剂量可根据疼痛的类型、程度和时间长短而不同。通常每次1～2粒(12.5毫克～25毫克)，日服3～4次，或遵医嘱。一般宜饭后服或与食物同服。每日最大剂量不超过100毫克(8粒)。,2
右美沙芬,右美沙芬,,,,9
右美沙芬愈创甘油醚,右美沙芬愈创甘油醚|右美沙芬愈创甘油醚糖浆|本品为复方制剂，每10毫升中含氢溴酸右美沙芬15毫克，愈创甘油醚100毫克。辅料为：蔗糖、柠檬酸、苯甲酸钠、羟苯甲酯、黑加仑香精、胭脂红、乙醇、纯水。,,,口服。1.12岁以上儿童及成人一次10～20ml，一日3次，24小时内不超过4次。2.12岁以下儿童：(1)1-3岁，体重10-15公斤，一次5ml，一日3次，24小时内不超过4次。(2)4-6岁，体重16-21公斤，一次5ml，一日3次，24小时内不超过4次。(3)7-9岁，体重22-27公斤，一次10ml，一日3次，24小时内不超过4次。(4)10-12岁，体重28-32公斤，一次10ml，一,3
右美沙芬缓释混悬液,右美沙芬缓释混悬液|本品每毫升含主要成份氢溴酸右美沙芬6毫克。辅料为：吐温-80、丙二醇、黄原胶、聚磺苯乙烯钠、乙基纤维素、纯化水、蔗糖、羟苯乙酯、乙二胺四乙酸二钠、香料。,,,口服。服用以前充分振摇。 成人和12周岁以上儿童，常用量每日2次，每次10毫升。 6～12岁儿童，常用量每日2次，每次5毫升。 2～6岁儿童，常用量每日2次，每次2.5毫升。,3
叶酸,叶酸|叶酸片|本品的主要成份为叶酸。|本品的主要成分为叶酸。,本品的主要成分为叶酸。,,"口服：成人，一次5~10mg(1~2片)，一日15~30mg(3~6片)，直至血象恢复正常；儿童，一次5mg(1片)，一日3次(或一日5~15mg(1~3片)，分3次)；妊娠期、哺乳妇女预防用药：一次0.4mg,一日一次。 || 叶酸片：口服。1、成人：一次5-10mg，一日15-30mg，直至血象恢复正常。2、儿童：一次5mg，一日3次（或一日5-15mg，分3次）。3、妊娠期、哺乳妇女预防用药：一次0.4mg，一日一次。",7
司他夫定,司他夫定|司他夫定胶囊|本品主要成份为司他夫定。,,国药准字H20060882,司他夫定用药间隔为12小时。服用司他夫定与进餐无关。|1.成人：推荐剂量按体重为≥60公斤患者，―次40mg，每日两次。<60公斤患者，一次30mg，每日两次。|2.儿童：儿童患者的推荐剂量为<30公斤，每次lmg/公斤，每12小时一次，>30公斤的儿童患者，按成人推荐剂量服用。|3.剂量调整：若在治疗期间发生外周神经病变，立即停止司他夫定治疗。停止后，中毒症状可消退。有时停止治疗后，中毒症状可暂,6
司帕沙星,"司帕沙星|司帕沙星片|司帕沙星胶囊|本品主要成份为司帕沙星。化学名称为5-氨基-1-环丙基-7-顺式-3,5-二甲基-1-哌嗪基-6,8-二氟-1,4-二氢-4-氧代-3-喹啉羧酸。分子式为C19H22F2N4O3.，分子量为392.41。|本品主要成分为司帕沙星。",本品主要成分为司帕沙星。,国药准字H10980055|国药准字H10980056,"口服,成人 一次1～3片,最多不超过4片,一日1次,疗程一般5～10日,可据病种及病情适当增减疗程。或遵医嘱。 || 口服,成人一次0.1～0.3g,最多不超过0.4g,一日1次,疗程一般5～10日,可据病种及病情适当增减疗程。",6
司来吉兰,司来吉兰,,,,6
司莫司汀,主要成份为:司莫司洒。|司莫司汀|司莫司汀胶囊,,,口服100～200mg/m2，顿服，每6～8周一次，睡前与止吐剂、安眠药同服。,3
合成洗涤剂,合成洗涤剂,,,,1
合成类固醇,合成类固醇,,,,1
吉西他滨,吉西他滨,,,,1
吉非替尼,吉非替尼,,,,1
吉非罗齐,"吉非罗齐|吉非罗齐胶囊|本品主要成份：吉非罗齐。化学名称：2，2-二甲-5-2,5-二甲苯基氧基-戊酸。化学结构式为：分子式：C15H22O3分子量：250.34",,,成人常用量口服:一次0.3～0.6g(1～2粒)，一日2次，早餐及晚餐前30分钟服用。,6
吉非贝齐,吉非贝齐,,,,7
吗啡,吗啡,,,,13
吗替麦考酚酯,吗替麦考酚酯|吗替麦考酚酯。|吗替麦考酚酯分散片|吗替麦考酚酯胶囊|本品的活性成份为吗替麦考酚酯，其化学名称为：E-6-1，3-二氢-4-羟基-6-甲氧基-7-甲基-3-氧代-5-异苯并呋喃基-4-甲基-4-己烯酸-2’-吗啉代乙酯。化学结构式：分子式：C23H31NO7分子量：433.50,吗替麦考酚酯。,,预防排异剂量应于移植72小时内开始口服。肾移植病人服用推荐剂量为1克一天两次（一... || 预防排斥剂量应于移植72小时内开始服用。肾移植病人服用推荐剂量为1克，一天两次（...,5
吗氯贝胺,吗氯贝胺|吗氯贝胺片|吗氯贝胺胶囊|本品主要成份吗氯贝胺。,,国药准字H19990322|国药准字H20030145,口服。开始剂量为一次50mg～100mg，一日2～3次。逐渐增加至一日150mg～450mg，高量为一日600mg。 || 常用治疗量每日3片~4片半，人2~3次饭后口服，如果有必要，可以第二周加至最大剂量每日6片。,11
吡咯他尼,吡咯他尼|吡咯他尼注射液,,,,2
吡哌酸,吡哌酸|吡哌酸片|本品主要成份为：吡哌酸,,,口服成人一次0.5g一日1～2g。,3
吡啶斯的明,吡啶斯的明,,,,1
吡嗪酰胺,吡嗪甲酰胺|吡嗪酰胺|吡嗪酰胺片|吡嗪酰胺胶囊|本品主要成份吡嗪酰胺。,吡嗪甲酰胺,国药准字H21021517,口服。成人常用量，与其他抗结核药联合，每日15～30mg/kg顿服，或50～70... || 本品口服。 1.成人常用量，与其他抗结核药联合，每日15～30mg/kg顿服，或50～70mg/kg，每周2～3次； 2.每日服用者最高每日2g，每周3次者最高每次3g，每周服2次者最高每次4g。,14
吡拉西坦,吡拉西坦|吡拉西坦分散片|吡拉西坦片|本品主要成份为吡拉西坦。化学名称：2-氧化-1-皮诺烷基乙酰胺分子式：C6H10N2O2分子量：142.16|本品的主要成分为吡拉西坦。,本品的主要成分为吡拉西坦。,国药准字H23021070,口服每次0.8～1.6g(2～4片)，每日3次，4～8周为一疗程。儿童用量减半。 || 可直接口服，也可置于适量水中待分散后服用。通常成人每次一片(0.8g)，每日三次；重症可增至每次2片(1.6g)， 每日三次，3~6周为一疗程。,5
吡格列酮,吡格列酮,,,,3
吡格列酮二甲双胍,吡格列酮二甲双胍|吡格列酮二甲双胍片|每片含盐酸吡格列酮以吡格列酮计15mg和盐酸二甲双胍500mg。,每片含盐酸吡格列酮以吡格列酮计15mg和盐酸二甲双胍500mg。,,常用起始剂量为1片/次，1日1-2次，根据治疗反应再逐渐增加剂量。最高推荐剂量：...,3
吡罗昔康,吡罗昔康|吡罗昔康。其化学名称为：2-甲基-4-羟基-N-2-吡啶基-2H-1，2-苯并噻嗪-3甲酰胺-1，1-二氧化物。|吡罗昔康注射液|吡罗昔康片|本品主要成份为：吡罗昔康。辅料为：精氨酸、无水亚硫酸钠、依地酸二钠。,,国药准字H10880044,口服，成人常用量：一次1片（20mg），一日一次，或一次（10mg），一日2次，... || 肌内注射成人一次10～20mg，一日1次。,6
吡美莫司,吡美莫司|吡美莫司乳膏|本品主要成份为吡美莫司。,,,吡美莫司乳膏应由对异位性皮炎局部用药治疗有临床经验的医师开据处方。临床试验观察结果支持吡美莫司乳膏用于长期间歇治疗可长达12个月。如果用药6周后病情仍然没有缓解，或疾病有加重，应停用吡美莫司乳膏，并考虑采用其它治疗方法。1、成人患者：在受累皮肤局部涂一薄层吡美莫司乳膏，每日两次，轻柔地充分涂擦患处。每处受累皮肤都应上药，直至皮疹消退，方可停药。吡美莫司乳膏可用于全身皮肤的任何部位，包括头面部、颈部 || 本品不同剂型、不同规格的用法用量可能存在差异，请阅读具体药物说明书使用，或遵医嘱。吡美莫司乳膏：应由对异位性皮炎局部用药治疗有临床经验的医师开据处方。临床试验观察结果支持吡美莫司乳膏用于长期间歇治疗可长达12个月。如果用药6周后病情仍然没有缓解，或疾病有加重，应停用吡美莫司乳膏，并考虑采用其它治疗方法。1、成人患者：在受累皮肤局部涂一薄层吡美莫司乳膏，每日两次，轻柔地充分涂擦患处。每处受累皮肤都应,6
吡非尼酮,吡非尼酮|吡非尼酮胶囊|本品主要成份为：吡非尼酮。,,,本品按剂量递增原则逐渐增加用量，因空腹服用本品时，吡非尼酮在血液中浓度会明显升高...,3
含乙醇制剂,含乙醇制剂,,,,1
含五灵脂的药物,含五灵脂的药物,,,,1
含亚硫酸氢钠或焦亚硫酸钠的药物,含亚硫酸氢钠或焦亚硫酸钠的药物,,,,1
含大量钙的药物,含大量钙的药物,,,,3
含大量镁、钙的药物,含大量镁、钙的药物,,,,1
含大量镁的药物,含大量镁的药物,,,,3
含有大量镁、钙的药物,含有大量镁、钙的药物,,,,2
含有布洛芬及其他解热镇痛药的药品,含有布洛芬及其他解热镇痛药的药品,,,,1
含有枸橼酸的血液,含有枸橼酸的血液,,,,1
含有碳酸的药物,含有碳酸的药物,,,,1
含有磷酸的药物,含有磷酸的药物,,,,1
含有藜芦的药品,含有藜芦的药品,,,,1
含枸橼酸的抗凝剂全血或血浆或血液制品,含枸橼酸的抗凝剂全血或血浆或血液制品,,,,1
含氢氧化铝、氢氧化镁的制酸剂,含氢氧化铝、氢氧化镁的制酸剂,,,,1
含汞水银制剂,含汞水银制剂,,,,2
含白陶土止泻药,含白陶土止泻药,,,,4
含皂荚或其制剂的药物,含皂荚或其制剂的药物,,,,1
含磷药,含磷药,,,,1
含磷药物,含磷药物,,,,2
含维生素A和维生素D的药物,含维生素A和维生素D的药物,,,,1
含脱屑药制剂,含脱屑药制剂,,,,1
含藜芦制剂,含藜芦制剂,,,,1
含藜芦的药物,含藜芦的药物,,,,1
含酒精溶剂的,含酒精溶剂的|含酒精溶剂的注射液,,,,1
含酒精的制剂,含酒精的制剂,,,,2
含钙、镁离子及酸性较强的药物,含钙、镁离子及酸性较强的药物,,,,1
含钙制剂,含钙制剂,,,,1
含钙药物,含钙药物,,,,4
含钙输注溶液,含钙输注溶液,,,,1
含钙输液,含钙输液,,,,3
含钙静脉注射溶液,含钙静脉注射溶液,,,,1
含钾利尿剂,含钾利尿剂,,,,1
含钾的盐替代物,含钾的盐替代物,,,,1
含钾盐,含钾盐,,,,1
含钾盐替代品,含钾的盐替代品|含钾盐替代品,,,,1
含钾药物,含钾药物,,,,2
含铁抗酸药,含铁抗酸药,,,,1
含铁等金属的药物,含铁等金属的药物,,,,1
含铁等金属药物,含铁等金属药物,,,,1
含铋制剂,含铋制剂,,,,1
含铝、钙、镁、铁离子的药物,含铝、钙、镁、铁离子的药物,,,,1
含铝、镁的制酸药,含铝、镁的制酸药,,,,5
含铝、镁的抗酸药,含铝、镁的抗酸药,,,,3
含铝制酸剂,含铝制酸剂,,,,1
含铝和氢氧化镁的抗酸剂,含铝和氢氧化镁的抗酸剂,,,,1
含铝和镁的抗酸剂,含铝和镁的抗酸剂,,,,1
含铝或镁制酸剂,含铝或镁制酸剂,,,,4
含铝或镁的制酸药,含铝或镁的制酸药,,,,2
含铝或镁的抗酸药,含铝或镁的抗酸药,,,,1
含铝抗酸药,含铝抗酸药|含铝的抗酸药,,,,3
含铝抗酸药物,含铝抗酸药物,,,,1
含铝的抗酸药,含铝的抗酸药,,,,14
含铝的抗酸药物,含铝的抗酸药物,,,,1
含铝药物,含铝的药物|含铝药物,,,,1
含铝镁抗酸剂,含有金属铝?镁的抗酸剂|含铝镁抗酸剂,,,,1
含铝镁的抗酸药物,含铝镁的抗酸药物,,,,1
含锂制剂,含锂制剂,,,,3
含锌多种维生素制剂,含锌多种维生素制剂|含锌的多种维生素制剂,,,,1
含锌的多种维生秦制剂,含锌的多种维生秦制剂,,,,1
含锌的多种维生素制剂,含锌的多种维生素制剂,,,,1
含镁制剂,含镁制剂,,,,1
含镁制酸药,含镁制酸药|含镁的制酸药,,,,1
含镁或铝之抗酸剂,含镁或铝之抗酸剂,,,,1
含镁或铝抗酸剂,含镁或铝之抗酸剂|含镁或铝抗酸剂,,,,1
含镁或铝的抗酸剂,含镁或铝的抗酸剂,,,,1
含镁抗酸药,含镁抗酸药,,,,1
含镁抗酸药物,含镁抗酸药物,,,,1
含镁的抗酸剂,含镁的抗酸剂,,,,1
含镁药物,含镁药物,,,,5
含镁钙药物,含有大量镁、钙的药物|含镁钙药物,,,,1
含雌激素类药物,含雌激素类药物,,,,1
含鞣质的中药,含鞣质的中药,,,,1
含鞣酸的药物,含鞣酸的药物,,,,1
含鞣酸药物,含鞣酸药物|含鞣酸较多的药物,,,,1
含高钾的药物,含高钾的药物,,,,3
吲哚美辛,吲哚美辛|吲哚美辛肠溶片|本品主要成分及其化学名称为：本品主要成分为吲哚美辛，其化学名为2-甲基-1-4-氯苯甲酰基-5-甲氧基-1H-吲哚-3-乙酸。,,,口服1. 成人常用量：(1)抗风湿，初始剂量一次25～50mg，一日2～3次，一日最大量不应超过150mg；(2)镇痛，首剂一次25～50mg，继之25mg，一日3次，直到疼痛缓解，可停药；(3)退热，一次6.25～12.5mg，一日不超过3次。2. 小儿常用量：一日按体重1.5～2.5mg/kg，分3～4次。待有效后减至最低量。,60
吲哚美辛栓,吲哚美辛化学名称：2-甲基-1-4-氯苯甲酰基-5-甲氧基-1H-吲哚-3-乙酸。|吲哚美辛栓,,,直肠给药。取塑料指套一只，套在食指上，取出栓剂，持栓剂下端，轻轻塞入肛门约2厘米处，一次一枚，一日一次，每日剂量不宜超过2枚。,3
吲哚美辛缓释,吲哚美辛缓释|吲哚美辛缓释胶囊|本品主要成份为吲哚美辛。,,国药准字H20030063,口服，一次75mg，一日1次;或一次75mg，一日2次;或遵医嘱。,3
吲达帕胺,吲达帕胺|吲达帕胺。|吲达帕胺缓释片|吲达帕胺胶囊|本品主要成份吲达帕胺。,吲达帕胺。,国药准字H20040548,1.口服(最好早晨服用).一次1粒，一日1次. 2.口服剂量每天不应超过2.5mg(因增加剂量不会提高疗效，而会增加副作用). || 口服。每24小时服１片，最好早晨服用。药片用水整片吞服且不要嚼碎。加大剂量并不能...,6
吲达帕胺片薄膜衣,吲达帕胺片薄膜衣|本品主要成份为吲达帕胺。,,,口服，每次一片，每日一次，最好早晨服用。口服剂量每天不应超过2.5mg(因增加剂量不会提高疗效，而会增加副作用)。,2
吲达帕胺缓释,吲达帕胺缓释|吲达帕胺缓释胶囊|本品主要成份为吲达帕胺.,,国药准字H20090010,1.口服。每24小时服1粒，最好早晨服用。 2.胶囊用水整粒吞服且不要嚼碎。 3.加大剂量并不能提高吲达帕胺的抗高血压疗效，只能增加利尿作用。,3
吴茱萸,吴茱萸,,,,1
吸入性麻醉药,吸入性麻醉药,,,,4
吸入用乙酰半胱氨酸溶液,吸入用乙酰半胱氨酸溶液|本品主要成份为乙酰半胱氨酸。辅料：氢氧化钠、乙二胺四乙酸二钠。,,,雾化吸入。每次3ml，每天1~2次，持续5~10天，医师可根据病人的临床反应和治疗效果对用药的相关剂量和次数进行调整。成人和儿童的使用剂量一致。,2
吸入用布地奈德混悬液,吸入用布地奈德混悬液|本品主要活性成份：布地奈德。,,,吸入用布地奈德混悬液：如果发生哮喘恶化，布地奈德每天用药次数和(或)总量需要增加。吸入用布地奈德混悬液应经合适的雾化器给药。根据不同的雾化器，病人实际吸入的剂量为标示量的40-60%。雾化时间和输出药量取决于流速、雾化器容积和药液容量。对大多数雾化器，适当的药液容量为2一4毫升吸入用布地奈德混悬液在贮存中会发生一些沉积。如果在振荡后，不能形成完全稳定的悬浮，则应丢弃。其余请详见说明书。,2
吸入用异丙托溴铵溶液,吸入用异丙托溴铵溶液|异丙托溴铵,异丙托溴铵,,剂量：剂量应按病人个体需要做适量调节；在治疗过程中病人应该在医疗监护之下。除非另有医师处方，以下为推荐剂量：6-12岁儿童：每次1个单剂量小瓶；病情稳定前可重复给药。给药间隔可由医生决定。详见说明书。,2
吸入糖皮质激素,吸入糖皮质激素,,,,1
吸入麻醉药,吸入麻醉药|麻醉药,,,,1
吸收依赖于胃内pH的药物,吸收依赖于胃内pH的药物,,,,1
呋喃唑酮,呋喃唑酮|呋喃唑酮片|本品主要成份为呋喃唑酮。,,,口服。成人常用剂量为一次0.1g(1片)，一日3~4次；儿童按体重一日5~10mg/kg，分4次服用，肠道感染疗程为5~7日，贾第鞭毛虫病疗程为7~10日。,8
呋喃妥因,呋喃妥因|呋喃妥因肠溶片,呋喃妥因,,口服 成人一次50～100mg，一日3～4次。单纯性下尿路感染用低剂量；1月以上...,21
呋喃苯胺酸,呋喃苯胺酸|呋喃苯胺酸利尿剂|呋喃苯胺酸注射液,,,,9
呋噻咪,呋噻咪,,,,1
呋噻米,呋噻米,,,,1
呋塞咪,呋塞咪,,,,1
呋塞米,呋噻米|呋塞米|呋塞米注射液|呋塞米片|本品主要成份为呋塞米。|速尿,,,口服。1、成人：（1）治疗水肿性疾病，起始剂量为20-40mg，每日1次，必要时6-8小时后追加20-40mg，直至出现满意利尿效果。最大剂量虽可达每日600mg，但一般应控制在100mg以内，分2-3次服用。以防过度利尿和不良反应发生。部分患者剂量可减少至20-40mg，隔日1次，或每周中连续服药2-4日，每日20-40mg。（2）治疗高血压，起始每日40-80mg，分2次服用，并酌情调整剂量。 || 呋塞米片：1、成人：（1）治疗水肿性疾病，起始剂量为口服20-40mg，每日1次，必要时6-8小时后追加20-40mg，直至出现满意利尿效果。最大剂量虽可达每日600mg，但一般应控制在100mg以内，分2-3次服用。以防过度利尿和不良反应发生。部分患者剂量可减少至20-40mg，隔日1次，或每周中连续服药2-4日，每日20-40mg。（2）治疗高血压，起始每日40-80mg，分2次服用，并酌情调,96
呋山那韦,呋山那韦,,,,1
和胃整肠,和胃整肠|和胃整肠丸|颠茄提取物、肉桂、丁香、甘草、木馏油、水杨酸苯酯、薄荷脑。辅料为：羧甲基淀粉钠、甘油、阿拉伯胶。,,,温开水冲服，成人每次4-6丸、小儿减半，每日3次。,3
咖啡因,咖啡因,,,,12
咪唑安定,咪唑安定,,,,2
咪唑斯汀,咪唑斯汀|咪唑斯汀缓释片|活性成份：咪唑斯汀。,,,口服。成人（包括老年人）和12岁以上儿童：每日1次，每次1片（10mg）。或...,3
咪康唑,咪康唑,,,,7
咪贝地尔,咪贝地尔,,,,3
咪达唑仑,口服咪达唑仑|咪达唑仑,,,,11
哌唑嗪,哌唑嗪,,,,1
哌拉西林/三唑巴坦,哌拉西林/三唑巴坦,,,,1
哌拉西林/他唑巴坦,哌拉西林/他唑巴坦|注射用哌拉西林钠他唑巴坦钠,,,,1
哌拉西林他唑巴坦,哌拉西林他唑巴坦|注射用哌拉西林钠他唑巴坦钠,,,,2
哌拉西林舒巴坦,哌拉西林舒巴坦|注射用哌拉西林钠舒巴坦钠4:1,,,,1
哌替啶,哌替啶,,,,1
哌甲酯,哌甲酯,,,,1
哌醋甲酯,哌醋甲酯,,,,1
善存银,善存银|善存银片|本品为复方制剂，每片含：维生素A醋酸酯4000国际单位钾80毫克胡萝卜素相当于维生素A2000国际单位氯72毫克维生素D400国际单位镁100毫克维生素E45国际单位铁9毫克维生素B11.5毫克铜2毫克维生素B21.7毫克锌15毫克维生素B63毫克锰2.5毫克维生素C60毫克碘150微克,,,口服，一日1片。,2
喘康速,喘康速|硫酸特布他林,硫酸特布他林,国药准字H10930059,喷雾吸入。一次0.25～0.50mg（1～2喷），一天3～4次，严重患者每次可增至1.5mg（6喷），24小时内的总量不超过6mg(24喷)。如果疗效不显著，咨询医生。操作步骤如下：1.取下保护盖，充分振摇，使其混匀；2.将接口端平放入双唇间，通过接口端平静呼气；3.在吸气开始的同时，按压气雾剂顶部使之喷药，经口缓慢和深深吸入；4.尽可能长地屏住呼吸，最好10秒钟，然后再呼气。,3
喷他脒,喷他脒,,,,2
喷昔洛韦,喷昔洛韦,,,,1
喹硫平,喹硫平|本品主要成分为富马酸喹硫平。,本品主要成分为富马酸喹硫平。,,富马酸喹硫平片：口服。每日总剂量分为2次，饭前或饭后服用。1、成人：治疗初期的日总剂量为：第一日50mg，第二日100mg，第三日200mg，第四日300mg。从第四日以后，将剂量逐渐增加到有效剂量范围，一般为每日300-450mg。可根据患者的临床反应和耐受性将剂量调整为每日150-750mg。2、老年患者：与其它抗精神病药物一样，本品慎用于老年患者，尤其在开始用药时。老年患者的起始剂量应为每日,3
喹诺酮类,喹诺酮类,,,,1
喹诺酮类药物,喹诺酮类药物,,,,1
噻吗咯尔,噻吗咯尔,,,,1
噻吗心安,噻吗心安|噻吗心安滴眼液,,,,2
噻唑类利尿剂,噻唑类利尿剂,,,,3
噻嗪类,噻嗪类,,,,1
噻嗪类利尿剂,噻嗪类利尿剂|噻嗪类药,,,,6
噻嗪类利尿药,噻嗪类利尿药,,,,4
噻奈普汀钠,噻奈普汀钠|噻奈普汀钠片|本品成份噻奈普汀钠。,,国药准字H20033738,1. 推荐剂量是每日三次，一次一片[含噻奈普汀(钠盐)12.5mg]，于三餐(早、中、晚)前口服。2. 对于慢性酒精中毒病人，无论是否存在肝硬化，均无必要改变剂量。3. 对于超过70岁的病人，和存在肾功能不全的病人，剂量应限制在每日二片，或遵医嘱。,3
噻托溴铵,噻托溴铵|噻托溴铵。|噻托溴铵喷雾剂,噻托溴铵。,,。,3
噻托溴铵吸入粉雾剂,"噻托溴铵。化学名称：6β，7β-环氧-3α-2-羟基-2,2-双2-噻吩基乙酰氧基-8,8-二甲基-1αΗ，5αΗ-托烷基溴化物。分子式：C19H22BrNO4S2；分子量：472.42。|噻托溴铵吸入粉雾剂",,,本品的推荐剂量为每日一次，每次应用Helioeast®粉雾吸入器吸入给药装置吸入...,3
噻托溴铵奥达特罗吸入,"噻托溴铵奥达特罗吸入|噻托溴铵奥达特罗吸入喷雾剂|本品为复方制剂，活性成分为噻托溴铵和盐酸奥达特罗。噻托溴铵：化学名称：1α,2β,4β,5α,7β3-恶-9-氮翁三环3.3.1.02,4壬烷,7-羟基-二-2-噻吩乙酰基氧基-9,9-二甲基,溴化物,一水合物分子式：C19H22NO4S2Br?H2O分子量：490.4盐酸奥达特罗：化学名称：2H-1,4-苯并恶嗪-3H4H-酮,6-羟基-8-1R-1-羟基-2-2-4-甲氧苯基-1,1-二甲基乙基氨基乙基-,单盐酸盐分子式：C21H26N2O5?HCl分子量：422.91",,,本品只能吸入使用。药瓶只能插入吸入器中，并通过吸入器吸入使用。由吸入器喷出的2揿药物为1个药用剂量。成人推荐剂量为噻托铵5g和奥达特罗5g，每日1次，每次吸入2揿，每日在相同的时间通过吸入器吸入。不得超过推荐剂量。具体使用方法参考说明书图片。,3
噻托溴铵粉,噻托溴铵粉|噻托溴铵粉吸入剂|本品主要成份为噻托溴铵。辅料：乳糖。,,,。,3
噻托溴铵粉雾剂,"噻托溴铵粉雾剂|本品主要成份为噻托溴铵，非活性成份为乳糖。化学名称：1α，2β，4β，5α，7β3-恶-9-氮翁三环3.3.1.02,4壬烷，7-羟基-二-2-噻吩乙酰氧基-9.9-二甲基，溴，-水合物。分子式：C19H22NO4S2Br?H2O分子量：490.4",,,。d)药代动力学和药理学特性之间的相关性药代动力学和药理学特性之间无直接相关...,3
噻氯匹啶,噻氯匹啶,,,,1
噻氯匹定,噻氯匹定|盐酸噻氯匹定,,,,10
四价HPV疫苗,四价HPV疫苗,,,,1
四氢叶酸,四氢叶酸,,,,1
四环素,四环素|四环素片|本品主要成份为：四环素|盐酸四环素,,,口服，成人常用量：一次0.25～0.5g，每6小时1次。8岁以上小儿常用量：每次...,49
四环素族,四环素族,,,,1
四环素族抗生素,四环素族抗生素,,,,1
四环素盐酸盐,四环素盐酸盐,,,,1
四环素类,四环素类,,,,26
四环素类抗生素,四环素类抗生素,,,,2
四环素类药物,四环素类药物,,,,4
四维他,其组份为：每粒含烟酰胺100毫克，维生素B620毫克，维生素B210毫克，叶酸10毫克|四维他|四维他胶囊,,,口服。一日3次，成人一次1粒，小儿酌减（服1/3--1/2粒）,3
因子Ⅸ,因子Ⅸ,,,,4
土霉素,土霉素|土霉素片|盐酸土霉素,土霉素,,"口服，成人一日1.5～2g,分3～4次；8岁以上小儿一日30～40mg/kg,分...",12
圣约翰草,圣约翰草,,,,1
圣约翰草提取物,圣约翰草提取物,,,,1
地丹诺辛,地丹诺辛,,,,2
地塞米松,地塞米松|地塞米松片|本品主要成份为醋酸地塞米松。|本品主要成份地塞米松。,,国药准字H44024841,口服。成人开始剂量为一次0.75～3.00mg(1～4片)，一日2～4次。维持量视病情而定，约一日0.75mg(1片)。 || 地塞米松片、醋酸地塞米松片：口服，成人开始剂量为一次0.75-3.00mg，一日2-4次。维持量约一日0.75mg，视病情而定。醋酸地塞米松口腔贴片、醋酸地塞米松粘贴片：贴于患处。一次1片，一日总量不超过3片，连用不得超过1周。洗净手指后粘少许唾液粘起黄色面，将白色层贴于患处，并轻压10-15秒，使其粘牢，不须取出，直至全部溶化。用药期间，可以饮食。醋酸地塞米松注射液：1、肌注：一次1-8mg，一,25
地塞米松磷酸钠,地塞米松磷酸钠|地塞米松磷酸钠注射液|本品主要成份：地塞米松磷酸钠C。,,国药准字H20068157,静脉给药：1. 一般剂量：静脉注射每次2～20mg;静脉滴注时，应以5%葡萄糖注射液稀释，可2～6小时重复给药至病情稳定，但大剂量连续给药一般不超过72小时。2. 脑肿瘤：① 还可用于缓解恶性肿瘤所致的脑水肿，首剂静脉推注10mg，随后每6小时肌内注射4mg，一般12～24小时患者可有所好转，2～4天后逐渐减量，5～7天停药。② 对不宜手术的脑肿瘤，首剂可静脉推注50mg，以后每2小时重复给予8m,4
地塞米松缓释微粒,地塞米松缓释微粒|本品的主要成分为吡拉西坦。,本品的主要成分为吡拉西坦。,国药准字H11020160,口服。每次0.8～1.6g（2～4片），每日3次，4～8周为一疗程。儿童用量减半。,3
地奥司明,地奥司明|地奥司明片|本品为复方制剂，其组分为：每片含微粒化、纯化的黄酮类化合物500mg，其中地奥司明450mg，以橙皮甙形式表示的黄酮类成份50mg。,,,服药剂量：常用剂量为每日2片；当用于急性痔发作时，前四天每日6片，以后三天，每日...,3
地尔硫,地尔硫,,,,4
地尔硫?,地尔硫?,,,,2
地尔硫䓬,地尔硫䓬,,,,1
地尔硫卓,地尔硫卓,,,,17
地拉夫定,地拉夫定,,,,1
地昔帕明,地昔帕明,,,,3
地榆,地榆,,,,1
地氯雷他定,"主要成份为地氯雷他定，其化学名称为8-氯-6,11-二氢-11-4-亚哌啶基-5H-苯并-5,6-庚烷1,2-b吡啶。|地氯雷他定|地氯雷他定分散片|地氯雷他定片|本品主要成份为地氯雷他定",,国药准字H20040972,口服，成人和12岁以上青少年，每次5mg(一片)，一日一次。 || 成人及12岁或12岁以上的青少年：口服，每日一次，每次1片，进食不影响服药效果。,6
地氯雷他定干混悬剂,地氯雷他定干混悬剂|本品主药成分为地氯雷他定。,本品主药成分为地氯雷他定。,,1-5岁儿童；口服，每日一次，每次半袋（1.25mg）。6-11岁儿童；口服，...,3
地红霉素,地红霉素|地红霉素肠溶片|本品主要成份为地红霉素。地红霉素化学名称为：9S-9-脱氧代-11-脱氧-9，11-亚氨1R-2-2-甲氧基乙氧基-乙叉氧红霉素。,,国药准字H20060874,本品应与食物同服或饭后1小时内服用，不得分割、压碎、咀嚼。 1.慢性支气管炎急性发作0.5g一天，一次5-7。 2.急性支气管炎0.5g一天，一次7。 3.社区获得性肺炎0.5g一天，一次14。 4.咽炎和扁桃体炎0.5g天，一次10。 5.单纯性皮肤和软组织感染0.5g，一天一次5-7。,3
地红霉素肠溶,地红霉素肠溶|地红霉素肠溶胶囊|本品主要成份为地红霉素。,,国药准字H20050497,1.本品可与食物同服或饭后一小时内服用，不得分割、压碎、咀嚼。|2.一日一次，一次一粒，重者一次两粒或遵医嘱。,3
地芬诺酯,地芬诺酯,,,,1
地蒽酚,地蒽酚|地蒽酚软膏,地蒽酚,国药准字H37021031,1? 浓度递增疗法：开始治疗时，使用低浓度至少5天，待皮肤适应后，再增加浓度，递增浓度从0.05%、0.1%、0.25%、0.5%、0.8%、1.0%到3%。门诊病人可每日一次治疗，入睡前涂药，第二天清晨用肥皂洗去，白天涂润肤剂以保持皮肤润滑。住院病人可每日早晚两次治疗，每次治疗前进行焦油浴可增加疗效。 2? 短程接触疗法：经不同浓度和接触时间的试验，发现以3％浓度为终剂量，作用20分钟后洗去，每,3
地衣芽孢杆菌活菌,地衣芽孢杆菌活菌|地衣芽孢杆菌活菌胶囊|地衣芽孢杆菌活菌颗粒|本品每粒含地衣芽孢杆菌活菌数不低于2.5亿。辅料为乳糖、淀粉。|本品每袋含地衣芽孢杆菌活菌数不低于2.5亿。辅料为乳糖、甘露醇、甜菊素、柠檬黄、聚乙烯吡咯烷酮。,,国药准字S20083112,口服。 1.成人，一次2粒。 2.儿童，一次1粒;一日3次;首次加倍。对吞咽困难者，服用时可打开胶囊，将药粉加入少量温开水或奶液混合后服用。 || 口服。成人，一次2袋；儿童，一次1袋；一日3次；首次加倍，服用时将颗粒溶于水或牛...,6
地西泮,地曲泮|地西泮|地西泮注射液|地西泮片|安定|本品主要成份地西泮。|本品主要成分:地西泮。,本品主要成分:地西泮。,国药准字H12020957|国药准字H21022887,口服给药:1.成人常用量:(1)抗焦虑:一次2.5～10mg，一日2～4次。(2)镇静:一次2.5～5mg，一日3次。(3)催眠:5～10mg睡前服。(4)急性酒精戒断:第一日一次10mg，一日3～4次，以后按需要减少到一次5mg，每日3～4次。2.小儿常用量:6个月以下不用，6个月以上，一次1～2.5mg或按体重40～200μg/kg或按体表面积1.17～6mg/m2，每日3～4次，用量根据情况 || 本品口服给药：成人常用量：1.抗焦虑：一次2.5～10mg，一日2～4次。2.镇静：一次2.5～5mg，一日3次。3.催眠：5～10mg睡前服。4.急性酒精戒断：第一日一次10mg，一日3～4次，以后按需要减少到一次5mg，每日3～4次。小儿常用量：6个月以下不用，6个月以上，一次1～2.5mg或按体重40～200μg/kg或按体表面积1.17～6mg/m2，每日3～4次，用量根据情况酌量增减。最,37
地西泮膜,"主要成分为地西泮，其化学名为：1-甲基-5-苯基-7-氯-1,3-二氢-2H-1,4-苯并二氮杂卓-2-酮。|地西泮膜",,国药准字H37023733,成人常用量：抗焦虑，一次2.5~10mg，一日2~4次；镇静，一次2.5~5mg，一日3次；催眠，5~10mg睡前服；急性酒精戒断，第一日一次10mg，一日3~4次，以后按需要减少到一次5mg，每日3~4次。小儿常用量：6个月以下不用，6个月以上，一次1~2.5mg或按体重40~200μg/kg或按体表面积1.17~6mg/m2，每日3~4次，用量根据情况酌量增减。最大剂量不超过10mg。,3
地达诺辛,地达诺辛,,,,1
地骨皮,地骨皮,,,,1
地高辛,主要成份：地高辛。|可力|地高辛|地高辛制剂|地高辛注射液|地高辛片|本品主要成份地高辛。,,国药准字H33021711|国药准字H44020381,"1.成人常用量，口服： 
常用0.125～0.5mg（即1/2片～2片），每日一次，7天可达稳态血药浓度；若达快速负荷量，可每6～8小时给药0.25mg（1片），总剂量0.75～1.25mg/日（每日3片～5片）：维持量，每日一次0.125～0.5mg（每日1次，每次1/2片～2片）。 
2.小儿常用量，口服： 
本品总量，早产儿0.02～0.03mg/kg；1月以下新生儿，0.03～0.04mg || 1.用于急性和慢性心功能不全。|2.用于控制伴有快速心室率的心房颤动?心房扑动患者的心室率及静脉给药：|(1)成人常用量静脉注射，0.25～0.5mg，用5%葡萄糖注射液稀释后缓慢注射，以后可用0.25mg，每隔4～6小时按需注射，但每日总量不超过1mg;不能口服者需静脉注射，维持量，0.125～0.5mg，每日一次。|(2)小儿常用量静脉注射，按下列剂量分3次或每6～8小时给予。|①早产新生儿按",208
地高辛口服溶液,地高辛口服溶液|本品化学名称为：3β-［［O-2，O-二脱氧-β-D-核-己吡喃糖基-1→4-O-2，6-二脱氧-β-D-核-己吡喃糖基-1→4-2，6-二脱氧-β-D-核-己吡喃糖基氧代］-12β，14β-二羟基-5β-心甾-2022烯内酯。其分子式：C41H64O14，分子量：780.95。,,国药准字H20050664,成人常用量口服：常用0.125~0.5mg，每日－次，7天可达稳态血药浓度；若达快速负荷量，可每6~8小时给药0.25┦，总剂量0.75~1.25mg／日；维持量，每日－次0.125~0.5mg。小儿常用量口服：本品总量，早产儿0.02~0.03mg／kg；1月以下新生儿0.03~0.04mg／kg；1月~2岁，0.05~0.06mg／kg；2~5岁，0.03~0.04mg／kg；5~10岁，0.,3
坎利酸钾,坎利酸钾,,,,1
坎地沙坦酯,坎地沙坦酯|坎地沙坦酯分散片|坎地沙坦酯片|本品主要成份为坎地沙坦酯。化学名称：*-2-乙氧基-1-2’-1H-四氧唑-5-基1，1-联苯基-4-基甲基-1H-苯并咪唑-7-甲酸-1-环己氧基羰基氧基乙酯分子式：C33H24N6O8分子量：610.67|本品主要成份为坎地沙坦酯。铺料为乳糖，预胶化淀粉。微晶纤维素，交联羧甲基纤维素钠，硬脂酸镁，红氧化铁。分子式C33H34N6O6分子量610.66,,,口服，一般成人1日1次，4~8mg坎地沙坦酯，必要可增加至12mg。 || 口服，成人1日1次，1次4~8mg，必要时可增加剂量至12mg。,6
坏丝氨酸,坏丝氨酸,,,,1
坦洛新,坦洛新,,,,1
坦索罗辛,坦索罗辛|本品主要成份为盐酸坦索罗辛。,,,成人每日一次，每次1粒（0.2mg），饭后口服；根据年龄、症状的不同可适当增减。,3
垂体后叶,垂体后叶|垂体后叶注射液,垂体后叶注射液,国药准字H32026638,肌内、皮下注射或稀释后静脉滴注。引产或催产静脉滴注：（1）―次2.5-5单位，用氯化钠注射液稀释至每1ml中含有0.01单位。静滴开始时每分钟不超过0.001-0.002单位，每15-30分钟增加0.001-0.002单位，至达到宫缩与正常分娩期似。最快每分钟不超过0.02单位，通常为每分钟0.002-0.005单位。（2）控制产后出血每分钟静滴0.02-0.04单位，胎盘排出后可肌内注射5-10,3
埃索美拉唑,埃索美拉唑,,,,1
培哚普利叔丁胺,培哚普利叔丁胺|培哚普利叔丁胺片|本品主要成份为培哚普利叔丁胺盐。,,,培哚普利片必须饭前服用，因为食物改变其活性代谢产物培哚普利拉的生物利用度。培哚普利每天服用一次。原发性高血压：1. 无水钠丢失或肾衰（即正常情况下）：有效剂量为4mg/天，早晨一次服用。根据疗效，剂量可于三至四周内逐渐增至最大剂量8mg/天。如果必要，可合并使用排钾利尿剂以进一步降低血压。2. 已使用利尿剂治疗的高血压患者：（1）开始治疗之前三天，停止服用利尿剂。如果必要，以后可以再次加服利尿剂。,3
培哚普利吲达帕胺,培哚普利吲达帕胺|培哚普利吲达帕胺片|本品为复方制剂，其组分为:培哚普利叔丁胺盐2.000mg，吲达帕胺0.625mg。赋形量适用于一片90mg片剂。,,国药准字H20051756,口服。每日一次，每次服用一片百普乐， 最好在清晨餐前服用。血压不能控制时剂量可以加倍，每日二片百普乐或每日一片百普乐(裴多普利吲达帕胺片4mg+1.25mg)。 1.老年人。开始治疗时应以正常剂量每日服用一片百普乐。 2.肾功不全者(见注意事项)。严重的肾功能不全(肌酐清除率低于30 毫升/ 分钟)是本品治疗的禁忌症。对于肌酐清除率大于或等于30 毫升/ 分钟的患者， 无需改变用药剂量。常规医疗检,3
塞曲司特,塞曲司特|塞曲司特颗粒|本品主要成分塞曲司特。,本品主要成分塞曲司特。,国药准字H20040315,口服，成人一次1包(80mg)，每日一次，或遵医嘱。本品应在晚饭后服用。,3
塞来昔布,塞来昔布|塞来昔布胶囊|本品主要成份及其化学名称为：塞来昔布，4-5-4-甲苯基-3-三氟甲基-1氢-1-吡唑-1-基苯磺酰胺。化学结构式：分子式：C17H14F3N3O2S分子量：381.38,,,在决定使用本品前，应仔细考虑本品和其他治疗选择的潜在利益和风险。根据每例患者的治...,4
士的宁,士的宁,,,,1
壬二酸,壬二酸,,,,2
复合乳酸菌肠溶,复合乳酸菌肠溶|复合乳酸菌肠溶胶囊|本品为复方制剂，每粒含活乳酸菌总数不少于2万个，其中，乳酸乳杆菌不少于70个，嗜酸乳杆菌不少于7千个，乳酸链球菌数不少于1.4万个。辅料为淀粉。,,,口服。成人一次1～2粒，一日3次。,3
复合维生素,复合维生素|复合维生素片|本品为复方制剂，每片含：12种维生素维生素A、维生素B1、维生素B2、维生素B6、维生素B12、维生素C、维生素D3、维生素E、叶酸、烟酰胺、泛酸钙，7种矿物质和微量元素。,,H20090560,一次一片，一日一次，与早餐同时服用，或遵医嘱。如存在晨起恶心现象，建议在中午或者晚上服用。,5
复方α-酮酸,复方α-酮酸|复方α-酮酸片|本品为复方制剂，每片含:消旋酮异亮氨酸钙67mg、酮亮氨酸钙101mg、酮苯丙氨酸钙68mg、酮缬氨酸钙86mg、消旋羟蛋氨酸钙59mg、L-赖氨酸醋酸盐105mg、L-苏氨酸53mg、L-色氨酸23mg、L-组氨酸38mg、L-酪氨30mg、总氮量/片36mg、总钙量/片1.25mmol≈50mg。,,,口服。一日3次，一次4～8片，用餐期间整片吞服。必要时遵医嘱。此剂量是按70Kg成人体重计算的。对于肾小球滤过率低于每分钟25ml的患者，本品配合不超过每日40g(成人)的低蛋白饮食，可长期服用。,3
复方β-胡萝卜素,β－胡萝卜素6mg，维生素E100mg，维生素C200mg。|复方β-胡萝卜素|复方β-胡萝卜素胶囊,β－胡萝卜素6mg，维生素E100mg，维生素C200mg。,国药准字H20020039,口服，一日一次，一次一粒。或遵医嘱。,3
复方七叶皂苷钠凝胶,复方七叶皂苷钠凝胶|本品为复方制剂，其组份为每支含七叶皂苷钠0.2G与水杨酸二乙胺1.0G。,本品为复方制剂，其组份为每支含七叶皂苷钠0.2G与水杨酸二乙胺1.0G。,,涂一薄层凝胶于患处，每日一次或多次，或遵医嘱。,3
复方三维亚油酸胶丸Ⅰ,复方三维亚油酸本品为复方制剂，其组份为:每粒含亚油酸0.35g、维生素B62mg、维生素C25mg、维生素E1.67mg、肌醇10mg、大豆磷脂24mg、甲基橙皮苷10mg。|复方三维亚油酸胶丸Ⅰ,,,口服，一次1粒，一日3次，饭后服用或遵医嘱。,2
复方丙谷胺西咪替丁,复方丙谷胺西咪替丁|复方丙谷胺西咪替丁片|本品为复方制剂。其组份为每片含丙谷胺100mg，尿囊素55mg，西咪替丁50mg，珍珠粉50mg。,,,口服。一日3次，一次1.06g(一次2片)，饭后2小时服用，病情较重者睡前可加服一次。,3
复方丙酸氯倍他索,复方丙酸氯倍他索|复方丙酸氯倍他索软膏|本品为复方制剂，其组分为：丙酸氯倍他索和维A酸。,本品为复方制剂，其组分为：丙酸氯倍他索和维A酸。,,外用；在皮损坏处局部外用，一日2次，或遵医嘱。本品超过4周治疗的疗效和安全性尚未...,3
复方倍他米松,复方倍他米松|复方倍他米松注射液|本品为复方制剂﹐其组份为：二丙酸倍他米松及倍他米松磷酸钠。每支含二丙酸倍他米松按倍他米松计为5mg和倍他米松磷酸钠按倍他米松计为2mg﹐并含有灭菌缓冲剂和防腐剂。非活性成分包括二水磷酸氢二钠，氯化钠，依地酸二钠，吐温80，苯甲醇，对羟基苯甲酸甲酯，对羧基苯甲酸丙酯，羧甲基纤维素钠，聚乙二醇335ｏ及注射用水。,,H20130187,所需剂量有所不同，必须按疾病性质、严重程度及患者反应而达到剂量个体化。 起始剂量应维持或加以调节，直至取得满意疗效。若经适当时间治疗后未能取得满意的临床疗效，则应停用本品，并采用其他适宜的治疗方法。 1. 全身给药:对于大多数疾病，全身治疗的起始剂量为1至2ml，必要时可重复给药。给药方法是臀部深部肌肉注射(IM)，给药剂量和次数取决于病情的严重程度和疗效。对于严重疾病如已经用适当抢救措施而得以缓,3
复方克霉唑乳膏II,复方克霉唑乳膏II|本品为复方制剂，其组份为：每克乳膏含二丙酸倍他米松0.64mg相当于倍他米松0.5mg，克霉唑10mg，硫酸庆大霉素以庆大霉素计1.0mg。,,,每日二次:先将患处清洗，将小量乳膏涂于患处，然后轻轻摩擦，使其充分渗入皮肤。为保证治疗各种皮肤病的疗效，用药疗程应足够，每个疗程根据个别患者及深浅情况而定或遵医生指示使用。,3
复方利多卡因,复方利多卡因|复方利多卡因乳膏|本品为复方制剂，其组份为：丙胺卡因和利多卡因，每g本品含丙胺卡因25mg，利多卡因25mg。,,,用于皮肤：在皮肤表面涂上一层厚厚的乳膏，上盖密封敷膜，成人和1岁以上的儿童大约1...,3
复方别嘌醇,复方别嘌醇|复方别嘌醇片|本品为复方制剂，其组份为:每片含别嗄醇100mg-苯溴马隆20mg。,本品为复方制剂，其组份为:每片含别嗄醇100mg-苯溴马隆20mg。,,原则上以低剂量开始治疗， 成人一般剂量建议为每81次每次1片，饭后服用(不得咬碎药片)。当血浆尿酸有明显升高时可暂时增大剂量最高剂量至每日2-3次，每次1片。服药期间每日饮水量不少于2000ml。对有肾结石形成倾向及肾功能不正常，血清肌酐值高于1.5mg/100ml或肾小球滤过率低于40ml/分钟者建义以单纯的别嘌呤醇制剂代替本药。,3
复方单硝酸异山梨酯,复方单硝酸异山梨酯|复方单硝酸异山梨酯缓释片|本品为复方制剂，其组份为：每片含单硝酸异山梨酯60mg和阿司匹林75mg。,本品为复方制剂，其组份为：每片含单硝酸异山梨酯60mg和阿司匹林75mg。,,口服，整片吞服，勿嚼碎。每天早晨同一时间服用。起始常用剂量为每天1片，遵医嘱调整剂量，停药应向医生咨询，漏服后不宜加量服用。,3
复方卡托普利,复方卡托普利|复方卡托普利片|本品为复方制剂，其组份为每片含卡托普利10mg，氢氯噻嗪6mg。,本品为复方制剂，其组份为每片含卡托普利10mg，氢氯噻嗪6mg。,,视病情或个体差异而定。本品宜在医师指导或监护下服用，给药剂量须遵循个体化原则，按疗效而予以调整。1、成人常用量(1)高血压，口服一次12.5mg，每日2—3次，按需要1—2周内增至50mg，每日2—3次，疗效仍不满意时可加用其他降压药。(2)心力衰竭，开始一次口服12.5mg每日2—3次，必要时渐增至50mg，每日2—3次，若需进一步加量，宜观察疗效2周后再考虑;对近期大量服用利尿剂，处于低钠/低,3
复方双嗪利血平,复方双嗪利血平|复方双嗪利血平片|本品为复方制剂，其组份为：每片含利血平0.03MG、硫酸双肼屈嗪4.17MG、氢氯噻嗪3.13MG、氯化钾30MG、维生素B11MG、维生素B61MG。,,,口服。一次1～2片，一日3次。,3
复方嗜酸乳杆菌,复方嗜酸乳杆菌|复方嗜酸乳杆菌片|本品为复方制剂，每片含嗜酸乳杆菌5х10的6次方个。辅料为：淀粉、蔗糖。,,,口服。成人一次1-2片，一日3次。,3
复方四嗪利血平,复方四嗪利血平|复方四嗪利血平片|本品为复方制剂。其组合分为每片含：利血平0.03mg、盐酸胼屈嗪1mg、环戊噻嗪0.025mg、盐酸异丙嗪2mg、维生素B11mg、维生素B61mg、芦丁5mg、氧化钾30mg、磷酸氯喹2.5mg。,,,口服。一次1~2片，一日3次。血压降至正常后服维持量，一次1片，一日1次。,1
复方地巴唑氢氯噻嗪,复方地巴唑氢氯噻嗪|复方地巴唑氢氯噻嗪胶囊|本品为复方制剂，每粒含：地巴唑0.1g、盐酸异丙嗪0.003g、磷酸氯喹0.0025g、硫酸胍生0.0012g、维生素B60.001g、氯化钾0.03g、利血平0.00003g、氯氮卓0.002g、氢氯噻嗪0.003g、乳酸钙0.001g、维生素B10.001g、三硅酸镁0.03g。,,,口服。常用量一次1粒，一日3次或遵医嘱。血压下降后，持续稳定者可逐渐递减剂量，给予维持量一次1粒，一日1次。,2
复方多粘菌素B,复方多粘菌素B|复方多粘菌素B软膏|本品为复方制剂，其组份为硫酸多粘菌素B、硫酸新霉素、杆菌肽、盐酸利多卡因。,本品为复方制剂，其组份为硫酸多粘菌素B、硫酸新霉素、杆菌肽、盐酸利多卡因。,,外用，局部涂于患处，一日2-4次，5天为一疗程。,3
复方多维元素片23,复方多维元素片23|本品为复方制剂，每片主要成份及含量如下：维生素A1500国际单位烟酰胺20毫克β-胡萝卜素1500国际单位泛酸10毫克维生素D250国际单位碘150微克维生素E30国际单位钼25微克维生素B13毫克钙250毫克维生素B23.4毫克锌25毫克维生素B610毫克铁60毫克维生素B1212微克铜2毫克维生素C100毫克铬25微克生物素30微克锰5毫克叶酸1毫克,,,口服。一日1片，或遵医嘱。,3
复方头孢克洛,复方头孢克洛|复方头孢克洛片|复方头孢克洛胶囊|头孢克洛。|本品为复方制剂，每片含头孢克洛﹑溴己新。,头孢克洛。|本品为复方制剂，每片含头孢克洛﹑溴己新。,国药准字H20050768|国药准字H20059928,口服? 成人常用量为1粒，一日3次，严重感染患者剂量可加倍，但一日量不可超过4g。儿童? 一日口服剂量为20mg/kg，一日3次，重症可按一日40mg/kg给予，但一日量不超过1g。 || 口服。 1.成人和10周岁以上儿童:一次1片，一日3次，成人在感染严重时，每次可以加服1片。儿童:按体重以头孢克洛计一日20～40mg/kg，分3次服用。 2.一般情况下，医生会确定服用本品的时间，如果感到病情好转时，也应遵医嘱服用. 3.当用本品治疗β-溶血性链球菌感染时，服用本品的疗程，至少应该持续10天。,6
复方对乙酰氨基酚,复方对乙酰氨基酚|复方对乙酰氨基酚片|本品为复方制剂，其组份为：每片含阿司匹林0.2268g，扑热息痛0.136g，咖啡因33.4mg。,,国药准字H61022243,口服，成人一次1片，若持续发热或疼痛，可间隔4-6小时重复用药一次，24小时内不超过4次。,3
复方对乙酰氨基酚片II,复方对乙酰氨基酚片II|本品为复方制剂，每片含对乙酰氨基酚250毫克，异丙安替比林150毫克，无水咖啡因50毫克。辅料为：低取代-羟丙纤维素、二氧化硅、硬脂酸镁、聚维酮、交联羧甲纤维素钠、淀粉、羟丙甲纤维素。,,,口服。6岁以上儿童一次0.5～1片；成人一次1～2片，一日3次。,3
复方对乙酰氨基酚片Ⅱ,复方对乙酰氨基酚片Ⅱ|本品为复方制剂，每片含对乙酰氨基酚250毫克，异丙安替比林150毫克，无水咖啡因50毫克。,,国药准字H20065448,口服。|1.6～12岁儿童，一次0.5片。|2.12岁以上儿童及成人一次1片，若持续发热或疼痛，可间隔4-6小时重复用药一次，24小时内不得超过4次。,3
复方小儿退热栓,人工牛黄、南板蓝根、对乙酰氨基酚。|复方小儿退热栓,人工牛黄、南板蓝根、对乙酰氨基酚。,,直肠给药。一至三岁小儿一次1粒，一日1次，三至六岁一次1粒，一日2次。,3
复方尿囊素,复方尿囊素|复方尿囊素片|本品为复方制剂，其组分为：尿囊素55mg，氢氧化铝45mg。,本品为复方制剂，其组分为：尿囊素55mg，氢氧化铝45mg。,国药准字H32025439,口服。一次2～3片，一日3次，饭后2～3小时服用。,3
复方山金车花,复方山金车花|复方山金车花贴片|本品为复方制剂，每100g膏体含水杨酸乙二醇1.0g、dl-樟脑1.0g、l-薄荷醇1.0g、薄荷油0.1g、醋酸生育酚0.3g、山金车花酊剂0.5ml。,,,1.清洁患处，揭开药布表面塑料薄膜，边伸拉边将药布贴在患处并用手轻轻按压，以增强药布与皮肤的附着。2.用于活动关节或腰背等大面积部位时，用绷带或胶布在药布四角稍加固定，以防脱落。3.根据患处面积调节使用张数。每贴使用12小时。,3
复方左炔诺孕酮,复方左炔诺孕酮|复方左炔诺孕酮片|本品每片含主要成分左炔诺孕酮0.15毫克、炔雌醇0.03毫克。,本品每片含主要成分左炔诺孕酮0.15毫克、炔雌醇0.03毫克。,,口服，从每次月经来潮的第5日开始服药，每日1片，连服22日，不能间断或遗漏，服完...,3
复方布洛芬,复方布洛芬|复方布洛芬片|本品主要成分布洛芬。,本品主要成分布洛芬。,国药准字H13021738,1.口服， 成人一次一片，4～6小时一次，一日最大量不得超过8片。|2.儿童，该药须饭后服用，30kg以上的儿童患者每8小时半片。,3
复方愈创木酚磺酸钾口服溶液,复方愈创木酚磺酸钾口服溶液|本品为复方制剂，其组成成份为：每100毫升含盐酸异丙嗪0.05克，愈创木酚磺酸钾1.25克，氯化铵0.5克。,,,口服。成人，一次5～10毫升(0.5-1格)，一日3～4次。,3
复方感冒灵,复方感冒灵|复方感冒灵片|金银花、五指柑、野菊花、三叉苦、南板蓝根、岗梅、对乙酰氨基酚、马来酸氯苯那敏、咖啡因，辅料为淀粉。,,,口服，一次4片，一日3次，二天为一疗程。,3
复方新斯的明牛磺酸,复方新斯的明牛磺酸|复方新斯的明牛磺酸滴眼液|本品每毫升含甲硫酸新斯的明0.01毫克，牛磺酸1毫克，维生素B61毫克，马来酸氯苯那敏0.1毫克。,,,滴入眼结膜囊内，一次1～2滴，一日4～6次。,3
复方新诺明,复方新诺明|甲氧苄胺嘧啶/磺胺甲基异恶唑,,,,7
复方普萘洛尔咖啡因,复方普萘洛尔咖啡因|复方普萘洛尔咖啡因片|本品为复方制剂，其组份为每片含咖啡因70mg﹑盐酸普萘洛尔10mg﹑苯妥英钠100mg。,,国药准字H20040786,成人一次1片，一日3次。病情基本控制后可酌情递减剂量后停药。?,3
复方曲尼司特,复方曲尼司特|复方曲尼司特胶囊|本品为复方制剂，其组分为：曲尼司特和硫酸沙丁胺醇。,本品为复方制剂，其组分为：曲尼司特和硫酸沙丁胺醇。,,口服一次1粒，每隔8小时1次，疗程4周。,3
复方木香小檗碱,复方木香小檗碱|复方木香小檗碱片|本品为复方制剂，每片含盐酸小檗碱50毫克、木香312.5毫克、吴茱萸125毫克，辅料为淀粉、糊精、蔗糖、硬脂酸镁。,,,口服，成人，一次2片，一日3次。,2
复方枣仁,复方枣仁|复方枣仁胶囊|酸枣仁制、左旋延胡索乙素。,酸枣仁制、左旋延胡索乙素。,,口服，一次1粒，睡前服。,3
复方氟尿嘧啶口服溶液,复方氟尿嘧啶口服溶液|氟尿嘧啶、人参多糖、油酸、豆磷脂、胆固醇等。,氟尿嘧啶、人参多糖、油酸、豆磷脂、胆固醇等。,国药准字H41025157,"一个疗程总量按氟脲嘧啶计算为 5～7.5g,每日口服 40～80 mg,可分2次服用。一个疗程结束后休息1～2周,继续第二疗程。",3
复方氢溴酸右美沙芬,"复方氢溴酸右美沙芬|复方氢溴酸右美沙芬糖浆|本品为复方制剂，每10毫升含氢溴酸右美沙芬30毫克，愈创木酚甘油醚200毫克。辅料为：蔗糖、1,2-丙二醇、苯甲酸、苯甲酸钠、薄荷脑、香精、乙醇、焦糖色素。",,,口服。成人一次10毫升，一日3次，24小时不超过4次。,3
复方氨基酸,复方氨基酸|复方氨基酸注射液,,,,1
复方氨林巴比妥,复方氨林巴比妥|复方氨林巴比妥注射液|氨基比林，安替比林，巴比妥,氨基比林，安替比林，巴比妥,,肌内注射。成人一次2ml，或遵医嘱。在监护情况下极量为一日6ml。2岁以下：一次0.5～1ml；2～5岁：一次1～2ml；大于5岁：一次2ml。本品不宜连续使用。,3
复方氨酚溴敏,复方氨酚溴敏|复方氨酚溴敏胶囊|本品为复方制剂，其组分为:马来酸溴苯那敏、盐酸溴己新、咖啡因、对乙酰氨基酚和盐酸去氧肾上腺素。,,,口服，成人及12岁以上儿童:每日服3-4次，每次1粒；或遵医嘱。,3
复方氨酚烷胺,复方氨酚烷胺|复方氨酚烷胺片|复方氨酚烷胺胶囊|本品为复方制剂，其组分为对乙酰氨基酚、盐酸金刚烷胺、人工牛黄、咖啡因、马来酸氯苯那敏。|本品为复方制剂，每粒含对乙酰氨基酚250毫克、盐酸金刚烷胺100毫克、马来酸氯苯那敏2毫克、人工牛黄10毫克、咖啡因15毫克。,,,口服。成人，一次1粒，一日2次。 || 口服，成人，一次1片，一日2次。,6
复方氨酚那敏,复方氨酚那敏|复方氨酚那敏颗粒|本品为复方制剂，每袋含对乙酰氨基酚250毫克，咖啡因15毫克，马来酸氯苯那敏1毫克，人工牛黄10毫克。辅料为蔗糖、柠檬黄、焦亚硫酸钠。,,,口服。12岁以上儿童及成人，一次1～2包，一日3次。温水冲服。,3
复方氯唑沙宗,"复方氯唑沙宗|复方氯唑沙宗片|复方氯唑沙宗胶囊|本品为复方制剂:其组分为每粒含氯唑沙宗125mg,对乙酰氨基酚150mg|本品为复方制剂，每片含氯唑沙宗125毫克、对乙酰氨基酚150毫克。","本品为复方制剂:其组分为每粒含氯唑沙宗125mg,对乙酰氨基酚150mg|本品为复方制剂，每片含氯唑沙宗125毫克、对乙酰氨基酚150毫克。",,口服。成人一次1～2片，一日3～4次。 || 口服，一次1-2粒，一日3-4次，疗程10天。,6
复方氯己定含漱液,复方氯己定含漱液|本品为复方制剂，每500毫升含葡萄糖酸氯己定0.6克、甲硝唑0.1克。,本品为复方制剂，每500毫升含葡萄糖酸氯己定0.6克、甲硝唑0.1克。,,漱口。一次10-20毫升，早晚刷牙后含漱，5-10日为一疗程。,3
复方水杨酸搽剂,复方水杨酸搽剂|本品为复方制剂，每毫升含水杨酸900毫克，间苯二酚300毫克，苯酚150毫克，水杨酸甲酯0.45毫升，甘油0.45毫升。辅料为乙醇，纯化水。,,,外用。一日3-4次，涂搽于患处。,3
复方消化酶,复合消化酶15mg，脂肪酶33mg，酒曲蛋白酶10mg。|复方消化酶|复方消化酶片|复方消化酶胶囊|本品为复方制剂，每粒含胃蛋白酶25毫克、木瓜酶50毫克、淀粉酶15毫克、熊去氧胆酸25毫克、纤维素酶15毫克、胰蛋白酶2550美国药典单位、胰淀粉酶2550美国药典单位、胰脂肪酶412美国药典单位。,复合消化酶15mg，脂肪酶33mg，酒曲蛋白酶10mg。,H20090508|H20110521,口服，一次1-2粒，一日3次，饭后服。 || 口服，一次1～2粒，一日3次，饭后服。,6
复方熊胆薄荷含,复方熊胆薄荷含|复方熊胆薄荷含片|每片含三氯叔丁醇0.6毫克、熊胆粉3.0毫克、薄荷脑3.3毫克、薄荷油0.002毫升。,,,含服。一次1片，一日5～7次。,3
复方环磷酰胺,复方环磷酰胺|复方环磷酰胺片|本品为复方制剂，其组分为环磷酰胺C7H15Cl2N2O2P•H2O50mg，人参茎叶总皂苷50mg。,,,口服。成人常用量，一次1片，一日3～4次。,3
复方珍珠暗疮,复方珍珠暗疮|复方珍珠暗疮片|德众珍珠暗疮片：金银花、蒲公英、当归尾、地黄、黄柏、大黄、水牛角浓缩粉、羚羊角、北沙参、黄芩、赤芍、珍珠层粉等16味。维A酸乳膏：本品每支含维A酸1克。辅料为：丙二醇、单硬脂酸甘油酯、十六十八醇、硬脂酸、液状石蜡、二甲硅油、十二烷基硫酸钠、2，6-二叔丁基对甲苯酚、羟苯乙酯、聚山犁酯80。,,,德众珍珠暗疮片：口服，一次4片，一日3次。维A酸乳膏：局部外用。洗净患处后，取适...,3
复方甘草,​本品为复方制剂，其组份为甘草浸膏粉、阿片粉、樟脑、八角茴香油、苯甲酸钠。|复方甘草|复方甘草片,​本品为复方制剂，其组份为甘草浸膏粉、阿片粉、樟脑、八角茴香油、苯甲酸钠。,,口服或含化，成人一次3-4片，一日3次。,3
复方甘草浙贝氯化铵,复方甘草浙贝氯化铵|复方甘草浙贝氯化铵片|本品为复方制剂，每片含氯化铵50毫克、浙贝母流浸膏0.04毫升、桔梗流浸膏0.06毫升、甘草流浸膏0.1毫升、远志流浸膏0.06毫升、甘草浸膏40毫克、八角茴香油0.004毫升。,,,口服。成人，一次1～2片，一日3～4次。,3
复方甘草酸苷,"复方甘草酸苷|复方甘草酸苷片|复方甘草酸苷胶囊|本品为复方制剂,其组分为：每粒含甘草酸苷25mg、甘氨酸25mg、蛋氨酸25mg，做为辅料，还含有乳糖、碳酸钙、微晶纤维素、羧甲基淀粉钠、滑石粉、硬脂酸镁及聚维酮K30适量。|本品为复方制剂，其组份每片为：甘草酸苷Glyeyrrhizin25mg、甘草酸单胺盐MonoammoniumGlycyrrhizinate35mg、甘氨酸AminoaceticAcid25mg、蛋氨酸Methionine25mg。",,,和 || 成人通常1次2-3粒，小儿1次1粒，1日3次，饭后口服。可依年龄、症状适当增减。,6
复方田七胃痛,三七、延胡索醋制、川楝子、瓦楞子煅、吴茱萸醋制、白芍、甘草、香附醋制、白矾煅、白及、颠茄流浸膏、氧化镁、碳酸氢钠。|主要成分：白及、白芍、川楝子、颠茄流浸膏、甘草、枯矾、三七、碳酸氢钠、瓦楞子、吴茱萸、香附、延胡索、氧化镁。|复方田七胃痛|复方田七胃痛片|复方田七胃痛胶囊,,,口服，一次3-4片，一日3次。 || 口服，一次3～4粒，一日3次。维持用量：症状消失后，继续用药15天，一次2粒，一...,5
复方甲氧那明,复方甲氧那明|复方甲氧那明胶囊|本品为复方制剂，其组份为盐酸甲氧那明、氨茶碱、那可丁、马来酸氯苯那敏。,本品为复方制剂，其组份为盐酸甲氧那明、氨茶碱、那可丁、马来酸氯苯那敏。,,1、15岁以上儿童及成人，每天三次，每次二粒，饭后服用。2、8-15岁，每天三次，每次一粒。,3
复方甲硝唑阴道栓,复方甲硝唑阴道栓|本品为复方制剂，其组分为：甲硝唑0.45g、四环素50mg、制霉菌素30mg。,本品为复方制剂，其组分为：甲硝唑0.45g、四环素50mg、制霉菌素30mg。,,阴道给药。一般病症为一天一粒，于每晚使用，6天为一个疗程。应坚持使用两个疗程。重...,3
复方盐酸普鲁卡因,复方盐酸普鲁卡因|复方盐酸普鲁卡因胶囊|本品为复方制剂，其租份为，每粒含盐酸普鲁卡因100mg、维生素B630mg、肌醇20mg、谷氨酸30mg。,,,口服。一次1粒，一日2次，连续服用12天为1个疗程，停药18天可继续服用下一个疗程，或遵医嘱。,3
复方盐酸阿替卡因,复方盐酸阿替卡因|复方盐酸阿替卡因注射液|本品为复方制剂，其组分为盐酸阿替卡因与肾上腺素。,本品为复方制剂，其组分为盐酸阿替卡因与肾上腺素。,注册证号H20020131,局部浸润或神经阻滞麻醉，口腔内粘膜下注射给药。注射前请抽回血以检查是否误入血管，尤其行神经阻滞麻醉时。注射速度不得超过1ml/分钟。 1.成人：必须根据手术需要注射适当的剂量。对于一般性手术，通常给药剂量为1/2~1支或遵医嘱。盐酸阿替卡因最大用量不得超过7mg/kg体重。 2.4岁以上儿童：必须根据儿童的年龄、体重、手术类型使用不同的剂量。盐酸阿替卡因最大用量不超过5mg/kg体重。 3.盐酸阿,3
复方盐酸阿米洛利,复方盐酸阿米洛利|复方盐酸阿米洛利片|本品为复方制剂，其组份为：每片含盐酸阿米洛利2.5mg，氢氯噻嗪25mg。,本品为复方制剂，其组份为：每片含盐酸阿米洛利2.5mg，氢氯噻嗪25mg。,,口服，一次1～2片，一日一次，必要时一日二次，早晚各一次或遵医嘱，与食物同服。,3
复方硫酸亚铁,复方硫酸亚铁|复方硫酸亚铁颗粒|本品为复方制剂，每粒胶囊含硫酸亚铁50mg相当于铁10mg，维生素C30mg，并附1袋颗粒矫味剂。主剂辅料为葡萄糖；矫味剂辅料为蔗糖、桔黄、桔子香精。,,,口服。一次1粒胶囊加1袋颗粒矫味剂。先将颗粒矫味剂用50-100毫升热水溶解，然后将胶囊的内容物倒入水中，溶解后饭后服用。一日1次。,3
复方硫酸亚铁叶酸,复方硫酸亚铁叶酸|复方硫酸亚铁叶酸片|本品为复方制剂，其组份为：每片含硫酸亚铁50mg、叶酸1mg、干酵母、当归、黄芪、白术。,,,饭后口服，连用5-6周。1.成人：一次4片，一日三次；2.儿童：1-4岁，一次1片，一日三次；5-15岁，一次2片，一日三次。,3
复方硼砂含漱液,复方硼砂含漱液|本品为复方制剂，其主要组分为硼砂、碳酸氢钠、液化酚和甘油。,本品为复方制剂，其主要组分为硼砂、碳酸氢钠、液化酚和甘油。,,含漱，一次取少量（约10ml）加5倍量的温开水稀释后含漱，一次含漱5分钟后吐出，一日3-4次。,3
复方碳酸钙泡腾,"1.5克/袋,含碳酸钙0.375克以元素钙计0.15克,与维生素D331.25国际单位。|复方碳酸钙泡腾|复方碳酸钙泡腾颗粒",,,口服。溶于适量温水，泡腾完全后服用。成人一次1包（以元素钙计0.6克），一日1-...,3
复方磷酸可待因口服溶液,复方磷酸可待因口服溶液|本品为复方制剂，其组分为：每5ml含马来酸溴苯那敏2.0mg﹑磷酸可待因4.5mg﹑盐酸麻黄碱5.0mg﹑愈创木酚甘油醚100.0mg。,,HC20100037,口服。成人及12岁以上儿童：一次服二茶匙（10ml），一日3次，睡前服四茶匙（20ml）。6-12岁儿童：一次服一茶匙（5ml），一日3次，睡前服二茶匙（10ml）。2-5岁儿童：一次服半茶匙（2.5ml），一日3次，睡前服一茶匙（5ml）。2岁以下不宜服食。,3
复方磺胺嘧啶锌凝胶,复方磺胺嘧啶锌凝胶|本品为复方制剂，其组分为：每支含磺胺嘧啶银0.2g和磺胺嘧啶锌0.4g。,本品为复方制剂，其组分为：每支含磺胺嘧啶银0.2g和磺胺嘧啶锌0.4g。,,1.直接、均匀、涂布于清洁皮肤创面，每日一次，厚度约0.15~0.35mm，表皮完整的区域约10分钟后成膜，无表皮创面约30~120分钟后成膜。因运动致膜破损处可用本品补充涂膜完整。2.包扎疗法：将药物膏体均匀涂布于纱布敷料上敷于创面，1~2天换药一次。3.换药时，可用蒸馏水或无菌生理盐水冲洗创面涂膜层。4.用量遵医嘱。,2
复方磺胺氧化锌,复方制剂，其组分为：每克含磺胺0.03克、氧化锌0.05克等。|复方磺胺氧化锌|复方磺胺氧化锌软膏,复方制剂，其组分为：每克含磺胺0.03克、氧化锌0.05克等。,,外用。用温水洗净患部后涂敷药膏，一日2-3次。,3
复方福尔可定,复方福尔可定|复方福尔可定口服液|本品为复方制剂，其组分为:每5ml含福尔可定5.0mg，盐酸曲普利啶0.6mg，盐酸伪麻黄碱15.0mg和愈创木酚甘油醚50.0mg。,,国药准字H20030896,口服。2岁以下儿童：一次2.5ml，一日3-4次；?2-6岁儿童：一次5ml，一日3-4次；6岁以上儿童及成人：一次10ml，一日3-4次；或遵医嘱。,3
复方福尔可定口服溶液,复方福尔可定口服溶液|本品为复方制剂，其组分为:每5ml含福尔可定5.0mg，盐酸曲普利啶0.6mg，盐酸伪麻黄碱15.0mg和愈创木酚甘油醚50.0mg。,,注册证号HC20060001,口服，或遵医嘱。1. 2岁以下儿童：一次2.5ml ，一日3 - 4次。2. 2-6岁儿童：一次5ml ，一日3 - 4次。3. 6岁以上儿童及成人：一次10ml ，一日3 - 4次;或遵医嘱。,3
复方维A酸凝胶,复方维A酸凝胶|本品为复方制剂，其组分为维A酸0.025%和红霉素4%。,本品为复方制剂，其组分为维A酸0.025%和红霉素4%。,,用法：用药部位先彻底用中性肥皂和水清洗晾干后，再用指尖轻涂本品于该处，每天一次，最好于睡前使用，不要揉擦，注意不要用于眼、口、鼻等黏膜附近，以免刺激。从小剂量开始，逐渐加大剂量，如涂药量过多，不仅不能加速疗效，反而会发生红斑、脱皮或其他不适。　　使用时，可能会伴随出现短暂的局部发热或刺激感。若局部出现严重的炎症反应应停药。　　一旦出现不良反应，可考虑停药或减少用药次数。不良反应消失后，可重新考虑使,3
复方维生素U,复方维生素U|复方维生素U片|本品为复方制剂，每片双层片内层含维生素U25毫克；外层含生物淀粉酶200025毫克，干燥氢氧化铝凝胶192毫克，氢氧化镁159毫克。辅料为：D甘露醇，糊精，卡美露丝钙，氢化油，聚氧乙烯40硬脂酸酯，异丙纤维素，硬脂酸镁，甲基丙烯共聚物E，异丙甲基纤维素2910，滑石，棕榈脂，纤维素微晶体，卡美露丝钠，薄荷粉，叶绿素，焦糖，添加物含有糖精钠，黄色4号酒石黄，黄色5号。,,,口服。成人一日3次，一次1片，于饭后服用。,3
复方罗布麻,复方罗布麻|复方罗布麻片|罗布麻煎剂干粉、野菊花煎剂干粉、防己煎剂干粉、三硅酸镁、硫酸胍生、硫酸双肼酞嗪、氢氯噻嗪、盐酸异丙嗪、维生素B1、维生素B6、泛酸钙。,,国药准字H20064373,口服，一次2片，一日3次。维持量:一日2片。,3
复方羟丙茶碱去氯羟嗪,复方羟丙茶碱去氯羟嗪|复方羟丙茶碱去氯羟嗪胶囊|本品为复方制剂，其组份为：每粒胶囊含盐酸克仑特罗0.035mg、山莨菪碱3mg、二羟丙茶碱0.1g、盐酸溴己新8mg及盐酸去氯羟嗪30mg。,,,口服：成人：症状发作时即服1～2粒，以后每次一粒，一日3～4次。症状缓解后一日服1～2粒。用于预防夜间发作，可在临睡前服1～2粒。儿童：每次1/3～1/2粒，一日3～4次，或遵医嘱。,2
复方联苯苄唑溶液,复方联苯苄唑溶液|本品为复方制剂，每毫升含联苯苄唑10毫克、苯甲酸50毫克、水杨酸50毫克。,本品为复方制剂，每毫升含联苯苄唑10毫克、苯甲酸50毫克、水杨酸50毫克。,,外用，清洗患处后，将本品适量涂敷患处，一日1次，2－4周为一疗程。,3
复方聚乙二醇电解质散II,复方聚乙二醇电解质散II|本品为复方制剂，其组份为：聚乙二醇4000、无水硫酸钠、氯化钠、氯化钾、碳酸氢钠。包括两个规格。规格Ⅰ加水配成1000ml溶液或规格Ⅱ加水配成2000ml溶液，即成Na125mmol/L、K10mmol/L、HCO320mmol/L、SO440mmol/L、Cl35mmol/L的等渗性全肠灌洗液。,,,配制方法：将本品全部溶解于水，搅拌均匀。规格I(68.56g/袋)配制成1升的溶...,3
复方聚乙二醇电解质散Ⅱ,复方聚乙二醇电解质散Ⅱ|本品为复方制剂，其组成为聚乙二醇4000、无水硫酸钠、氯化钠、氯化钾、碳酸氢钠。包括两个规格。规格Ⅰ加水配成1000ml溶液或规格Ⅱ加水配成2000ml溶液，即成Na+125mmol/L、K+10mmol/L、HCO3-20mmol/L、SO42-40mmol/L、Cl-35mmol/L的等渗性全肠灌洗液。,,,1.大肠手术前处置：手术前日午餐后禁食(可以饮水)，午餐3小时后开始给药。 2....,3
复方聚维酮碘搽剂,复方聚维酮碘搽剂|本品为复方制剂，每毫升含聚维酮碘30毫克，阿司匹林120毫克。辅料为：聚乙二醒400，乙醇。,,,外用。洗净患处，将本品涂搽患处，一日1～2次。用于癣病疗程为5～14天。对甲癣，先用温水软化患处，修锉掉病变部位，再涂搽本品，坚持使用至新甲长出，一般需2个月以上。,3
复方肝水解物,复方肝水解物|复方肝水解物片|本品为复方制剂，其组分为肝水解物70mg，维生素B610mg，维生素B120.0015mg，重酒石酸胆碱100mg，肌醇25mg，滑石粉25mg，硬脂酸镁适量。,,,口服。一次1-2片，一日3次或遵医嘱。,3
复方胃蛋白酶,复方胃蛋白酶|复方胃蛋白酶颗粒|本品为复方制剂，每袋10克含胃蛋白南100单位。维生素B1：5毫克，山楂3000毫克。辅料为:蔗糖，糊精。,,,口服。 成人一次2袋，一日3次；5岁以下小儿一次1袋，5岁以上同成人量，一天3次。,3
复方脑蛋白水解物,"复方脑蛋白水解物|复方脑蛋白水解物片|本品为复方制剂，主要成份为每片含脑蛋白水解物180mg，谷氨酸20mg，硫酸软骨素20mg，维生素B11mg,维生素B60.5mg。",,,口服。一日3次，成人一次4片，儿童酌减或遵医嘱。,3
复方苦参水杨酸,复方苦参水杨酸|复方苦参水杨酸散|本品为复方制剂，每袋40克，含水杨酸7.2克，苯甲酸4.8克，硼酸16克，苦参8克。辅料为：糊精。,,,外用。一次1袋，加沸水1000~1500毫升，搅拌、溶解、待放温后浸泡患处，一日1次，连续3日为一疗程。,3
复方苯甲酸酊,复方苯甲酸酊|本品为复方制剂，每毫升含主要成份苯甲酸100毫克、水杨酸80毫克、碘6毫克。辅料为：,,国药准字H42020056,外用，一日2～3次，涂搽患处。皮癣消褪，痒感消失后，仍应继续用药三天，避免复发。,3
复方葡萄糖酸钙口服溶液,复方葡萄糖酸钙口服溶液|本品为复方制剂，每10毫升含葡萄糖酸钙0.5克和乳酸钙0.5克，辅料为蔗糖、葡萄糖、乳酸、水蜜桃香精和纯化水。,,,饭后口服。详见说明书。,3
复方醋酸地塞米松,复方醋酸地塞米松|复方醋酸地塞米松乳膏|本品为复方制剂，其组分为：每支20g含醋酸地塞米松15mg、樟脑200mg、薄荷脑200mg。,,,皮肤外用。直接涂于患处，每日2-3次；病情较重或慢性炎症患者，每日5-8次或遵医...,3
复方金刚烷胺氨基比林,复方金刚烷胺氨基比林|复方金刚烷胺氨基比林片|盐酸金刚烷胺、氨基比林、马来酸氯苯那敏,盐酸金刚烷胺、氨基比林、马来酸氯苯那敏,国药准字H21023659,口服。一次1片，一日2次。,3
复方铝酸铋,复方铝酸铋|复方铝酸铋片|复方铝酸铋颗粒|本品为复方制剂，含铝酸铋200毫克、重质碳酸镁400毫克、碳酸氢钠200毫克、甘草浸膏粉300毫克、弗朗鼠李皮25毫克、茴香粉10毫克。辅料为：淀粉、滑石粉、硬脂酸镁。|本品为复方制剂，每包含铝酸铋200毫克，重质碳酸镁400毫克，碳酸氢钠200毫克，甘草浸膏粉300毫克，弗朗鼠李皮25毫克，茴香粉10毫克。,,国药准字H10950319,口服、一次1～2袋，一日3次，饭后服用（将颗粒倒入口中，用水送服），疗程1～2月。 || 口服，成人一次1-2片，一日3次，饭后嚼碎服。,6
复方银翘氨敏,复方银翘氨敏|复方银翘氨敏胶囊|本品为复方制剂，每粒含对乙酰氨基酚113毫克、马来酸氯苯那敏1.13毫克、连翘挥发油0.00032毫升、薄荷油0.00116毫升、维生素C53.23毫克、银翘浸膏161.3毫克、荆芥挥发油0.00024毫升。,,,口服，成人一次2粒，一日3次。,3
复方锌布,复方锌布|复方锌布颗粒|本品为复方制剂，每袋含葡萄糖酸锌100毫克，布洛芬150毫克，马来酸氯苯那敏2毫克。辅料为蔗糖粉、甜菊素、羧甲基纤维素钠、十二烷基硫酸钠、桔子油香精。,,,口服。,3
复方锌布颗粒剂,复方锌布颗粒剂|本品为复方制剂，每包含葡萄糖酸锌0.1克，布洛芬0.15克，马来酸氯苯那敏2毫克。,,,口服。3-5岁儿童，一次半包；6-14岁儿童，一次1包；成 人，一次2包，一日3...,3
复方锌铁钙,复方锌铁钙|复方锌铁钙颗粒|本品为复方制剂，每包含葡萄糖酸亚铁100毫克相当于铁12毫克，葡萄糖酸锌30毫克相当于锌4.3毫克，葡萄糖酸钙400毫克相当于钙36毫克，维生素B23毫克。辅料为：蔗糖、食用香精、柠檬黄、日落黄、胭脂红、甜菊素和枸橼酸适量。,,,口服。成人，一次1包，一日3次；1～10岁儿童，一次1包，一日2次；6～12个月儿童，一日1包；6个月以下一日0.5包。,3
复方陈香胃,复方陈香胃|复方陈香胃片|陈皮、木香、石菖蒲、大黄、碳酸氢钠、重质碳酸镁、氢氧化铝。,陈皮、木香、石菖蒲、大黄、碳酸氢钠、重质碳酸镁、氢氧化铝。,,口服。一次2片，一日3次。,3
复方降压,复方降压|复方降压片,,,,1
复方降血压药,复方降血压药,,,,1
复方雌孕,复方雌孕|复方雌孕片|本品为复方制剂，其主要成份为：结合雌激素和醋酸甲羟孕酮。,,注册证号X20010197,雌激素单独使用或与孕激素联合使用，需在权衡妇女个体治疗目标和风险的情况下，使用最低有效剂量和最短疗程。应当根据临床需要对病人进行周期性再评估（例如每三个月或六个月一次），以判定是否还有必要继续治疗（见【注意事项】-警告）。对有子宫的妇女，一旦出现诊断不明的持续性阴道出血或反复发生的异常阴道出血，则应当采用适当的诊断方法如子宫内膜活检以排除恶性肿瘤。口服，每日一次，每次一片。1．治疗绝经相关中重度血,3
复方雷尼替丁,复方雷尼替丁|复方雷尼替丁胶囊|复方雷尼替丁胶囊为复方制剂，每粒含盐酸雷尼替丁以C13H22N4O3S计150mg、枸橼酸铋钾以铋计110mg。辅料为。,,,成人一次粒，每日二次，餐前口服。疗程不宜超过6周。幽门螺杆菌阳性患者若与抗生素联合应用，抗生素的剂量与疗程遵医嘱。,3
复方青蒿安乃近,复方青蒿安乃近|复方青蒿安乃近片|每片含安乃近50mg，马来酸氯苯那敏0.6mg，青蒿200mg，马鞭草500mg，羌活80mg，南板蓝根400mg，葛根750mg，毛冬青750mg，石膏100mg。,,国药准字H51023825,"口服,一次4-6片,一日3-4次",3
复方颠茄铋镁,复方颠茄铋镁|复方颠茄铋镁片|本品为复方制剂，每片含三硅酸镁48mg、次硝酸铋24mg、碳酸氢钠48mg、木香24mg、陈皮70mg、甘草克70mg、石菖蒲6mg、大黄6mg、颠茄流浸膏0.002ml。辅料为:淀粉。,,,口服。成人，一次3～5片，一日3次。,3
复方鼻炎膏,复方鼻炎膏|穿心莲浓缩液、鹅不食草浓缩液、薄荷油、桉油、盐酸麻黄碱、盐酸苯海拉明。,穿心莲浓缩液、鹅不食草浓缩液、薄荷油、桉油、盐酸麻黄碱、盐酸苯海拉明。,,将软膏尖端插入鼻腔挤入油膏，一日3次，或遵医嘱。,2
夏枯草,夏枯草,,,,1
外周扩血管药物,外周扩血管药物,,,,1
外周止痛剂,外周止痛剂,,,,1
外周舒血管药,外周舒血管药,,,,3
多价阳离子制剂,多价阳离子制剂,,,,1
多司马酯,多司马酯|多司马酯片|本品主要成份为多司马酯。,,国药准字H20052435,口服，每天二次，每次1.5g(三片)。,3
多塞平,多塞平|多塞平片|盐酸多塞平。,盐酸多塞平。,国药准字H32022163,口服。常用量：开始一次25mg，一日2～3次，以后逐渐增加至一日总量100～250mg。高量：一日不超过300mg。,3
多奈哌齐,多奈哌齐|盐酸多奈哌齐,,,,1
多巴丝肼,多巴丝肼|多巴丝肼胶囊|本品为复方制剂，其组份为：左旋多巴与盐酸苄丝肼。,本品为复方制剂，其组份为：左旋多巴与盐酸苄丝肼。,,口服。第一周一次125mg，一日2次；以后每隔一周，一日增加125mg，一般一日剂量不得超过1g，分3~4次服用。维持剂量一次250mg，一日3次。,2
多巴胺,多巴胺|本品主要成分为盐酸多巴胺。,本品主要成分为盐酸多巴胺。,,盐酸多巴胺注射液：1、成人常用量：静脉注射。开始时每分钟按体重1-5μg/kg，10分钟内以每分钟1-4μg/kg速度递增，以达到最大疗效。2、慢性顽固性心力衰竭，静滴开始时，每分钟按体重0.5-2μg/kg逐渐递增。多数病人按每分钟1-3μg/kg给予即可生效。3、闭塞性血管病变患者，静滴开始时按每分钟1μg/kg，逐增至每分钟5-10μg/kg，直到每分钟20μg/kg，以达到最满意效应。4、,14
多巴胺受体激动剂,多巴胺受体激动剂,,,,2
多巴酚丁胺,多巴酚丁胺,,,,2
多柔比星,多柔比星,,,,1
多沙唑嗪,多沙唑嗪,,,,7
多潘立酮,多潘立酮|多潘立酮分散片|多潘立酮片|多潘立酮胶囊|本品主要成分为多潘立酮胶囊。|本品每片含多潘立酮10毫克。辅料为：乳糖、淀粉、聚维酮、硬脂酸镁、微晶纤维素。,本品主要成分为多潘立酮胶囊。,国药准字H20031268|国药准字H20080608,"1.成人:|(1)治疗上消化道动力失调,成人常用口服剂量为每次1粒(10mg),每日3~4次,饭前15~30分钟或就寝时服用。对病情严重或已产生耐受性的患者,可增至每次2粒(20mg),每日3~4次或遵医嘱。|(2)对因服用抗帕金森氏症多巴胺受体激动剂而导致的恶心呕吐,成人可采用口服剂量每次2粒(20mg),每日3~4次。如因静滴抗帕金森氏症多巴胺受体激动剂引起的恶心呕吐,治疗剂量还需增加。|2. || 口服。成人一次1片，一日3次，饭前15-30分钟服用。 || 口服。成人一次1片，一日3次，饭前15～30分钟服。",18
多潘立酮口腔崩解,多潘立酮口腔崩解|多潘立酮口腔崩解片|本品每片含多潘立酮10毫克。辅料为微品纤维素、交联羧甲基纤维素纳、阿司帕坦、微粉硅胶。,,,本品不需用水或只需少量水，也无需咀嚼，药物置于舌面，迅速崩解后，借吞咽动作入消化道起效。成人常用口服剂量为每次1片(10毫克)，每日3次，饭前15-30分钟或就寝时服用。,3
多烯磷脂酰胆碱,多烯磷脂酰胆碱|多烯磷脂酰胆碱天然多烯磷脂酰胆碱|多烯磷脂酰胆碱胶囊,多烯磷脂酰胆碱天然多烯磷脂酰胆碱,,除非医生处方特别指出，应按以下剂量方案服用多烯磷脂酰胆碱胶囊。请遵照该说明书，否...,3
多烯酸乙酯胶,二十碳五烯酸乙酯和二十二碳六烯酸乙酯。|多烯酸乙酯胶|多烯酸乙酯胶丸,二十碳五烯酸乙酯和二十二碳六烯酸乙酯。,无此药,烊化兑服，3～9克。,3
多磺酸粘多糖,主要含多磺酸粘多糖。|多磺酸粘多糖|多磺酸粘多糖乳膏,主要含多磺酸粘多糖。,,将3－5厘米的乳膏涂在患处并轻轻按摩，一日1－2次。如有需要，可在医生指导下增加...,3
多种微量元素注射液Ⅱ,多种微量元素注射液Ⅱ|本品为复方制剂。每支中组分为：氯化铬CrCl3·6H2O53.3μg。氯化铜CuCl2·2H2O3.4mg。氯化铁FeC13·6H2O5.4mg。氯化锰MnCl2·4H2O0.99mg。钼酸钠Na2M0O4·2H2O48.5μg。亚硒酸钠Na2SeO3·5H2O105μg。氯化锌ZnCl213.6mg。碘化钾KI166μg。折合每10ml含：Cr3+0.2μmol。Cu2+20μmol。Fe3+20μmol。Mn2+5μmol。M0O42-0.,,国药准字H32023907,成人推荐剂量为一日一支(10ml)。在配伍得到保证的前提下用本品10ml加入500ml复方氨基酸注射液或葡萄糖注射液中，静滴时间6～8小时。在无菌条件下，配制好的输液必须在24小时内输注完毕，以免被污染。,3
多种维生素,"多种维生素|多种维生素片|维生素A含β胡萝卜素5000国际单位,铜2毫克,维生素B13毫克,碘150微克,维生素B23.4毫克,锌15毫克,维生素B63毫克,镁100毫克,维生素B129微克,钙40毫克,维生素C90毫克,磷31毫克,维生素D400国际单位,铬15微克,维生素E30国际单位,钼15微克,烟酰",,国食健字G20040945,4-7岁每日1次，每次1片；8岁以上每日2次，每次1片。,4
多粘菌素,多粘菌素,,,,5
多粘菌素B,多粘菌素B|硫酸多粘菌素B,,,,5
多糖铁复合物,"多糖铁复合物|多糖铁复合物胶囊|本品为经淀粉水解的单糖和低聚糖与氢氧化铁的络合物,以铁Fe计算，应为标示量的90.0-110.0%，其化学名称为多糖铁复合物。",,,口服，成人一日1次，一次1～2粒。,3
多索茶碱,多索茶碱|多索茶碱。|多索茶碱注射液|多索茶碱片|多索茶碱颗粒|本品主要成份为多索茶碱。|本品主要成分为多索茶碱。,多索茶碱。|本品主要成分为多索茶碱。,国药准字H20040544|国药准字H20040617,1.成人每次200mg（2支），12小时一次。 2.以25%葡萄糖注射液稀释至40ml缓慢静脉注射，时间应在20分钟以上，5～10日为一疗程或遵医嘱，也可将本品300mg（3支）加入5%葡萄糖注射液或生理盐水注射液100ml中，缓慢静脉滴注，每日一次。 || 口服，通常成人每次0.2～0.4g（1-2片），每日2次，饭前或饭后3小时服用，... || 口服，通常成人每次0.2～0.4g，每日2次，重症哮喘患者应遵医嘱用药。,10
多索茶碱口服溶液,多索茶碱口服溶液|本品主要成分为多索茶碱。,本品主要成分为多索茶碱。,国药准字H20040499,1.成人每次200mg（2支），12小时一次。 2.以25%葡萄糖注射液稀释至40ml缓慢静脉注射，时间应在20分钟以上，5～10日为一疗程或遵医嘱，也可将本品300mg（3支）加入5%葡萄糖注射液或生理盐水注射液100ml中，缓慢静脉滴注，每日一次。,3
多索茶碱氯化钠,多索茶碱氯化钠|多索茶碱氯化钠注射液|多索茶碱氯化钠注射液为复方制剂其组份为每瓶含多索茶碱0.3g与氯化钠0.9g。,多索茶碱氯化钠注射液为复方制剂其组份为每瓶含多索茶碱0.3g与氯化钠0.9g。,国药准字H20030343,缓慢静脉滴注，成人每次100ml（0.3g），一日－次或遵医嘱，5－10日为一疗程。,3
多索茶碱葡萄糖,多索茶碱葡萄糖|多索茶碱葡萄糖注射液|本品主要成分为多索茶碱，葡萄糖。,本品主要成分为多索茶碱，葡萄糖。,国药准字H20030736,缓慢静脉滴注给药，每次滴注时间不少于30分钟，成人每次100ml（含多索茶碱0.3g），每天一次。5～10日为―疗程，或遵医嘱。,3
多维元素,多维元素|多维元素片|多维元素胶囊|本品为复方制剂，其组分为：每片含维生素A含β胡萝卜素50%2500IU铁5mg维生素B12.5mg铜0.5mg维生素B22.5mg等。|本品为复方制剂，每粒含：维生素A1000单位，维生素D2400单位，维生素E10毫克，维生素B15毫克，维生素B22毫克，维生素B62毫克，维生素C30毫克，维生素B125微克，富马酸亚铁35毫克，硫酸镁5毫克，硫酸铜0.5毫克，硫酸锌1毫克，硫酸锰1毫克，碘化钾0.16毫克，烟酰胺20毫克。辅料为食用黑色素、淀粉、糊精、亚甲兰、胭脂红。,,赣卫食证字（2008）第360923-400240号,口服。一次1粒，一日1~2粒。 || 口服成人及12岁以上儿童一日2片，12岁以下儿童一日1片。,6
多维元素片26,多维元素片26|本品为复方制剂，每片主要成份及含量含：维生素A5000国际单位、钙40毫克含β-胡萝卜素、磷31毫克、维生素B1硝酸硫胺3毫克、钾7.5毫克、维生素B23.4毫克、镁100毫克、维生素B63毫克、氯7.5毫克、维生素B129微克、铁27毫克、维生素C90毫克、锌15毫克、维生素D400国际单位、碘150微克、维生素E30国际单位、酮2毫克、烟酰胺20毫克、铬15微克、叶酸400微克、硒10微克、泛酸10毫克、钼15微克、生物素30毫克、锰5毫克。辅料为：交联聚乙烯吡咯烷酮、羟丙基纤维素、聚乙烯吡咯烷酮、乳糖、二氧化硅、硬脂酸、硬脂酸镁、欧巴代。,,,口服，成人一日1片，饭时或饭后服用。,3
多维元素片29,多维元素片29|本品为复方制剂，每片含：维生素A5000国际单位叶酸400微克锌15毫克维生素D400国际单位烟酰胺20毫克锰2.5毫克维生素E30国际单位泛酸10毫克碘150微克维生素B11.5毫克钙162毫克铬25微克维生素B21.7毫克磷125毫克钼25微克维生素B62毫克钾40毫克硒25微克维生素C60毫克氯36.3毫克镍5微克维生素B126微克镁100毫克锡10微克维生素K125微克铁18毫克硅10微克生物素30微克铜2毫克钒10微克辅料为：微品纤维素、乳糖、硬脂酸镁、交联吡烷酮、硬脂酸、二氧化硅、柠檬酸三乙酯包衣材料、聚山梨酯80包衣材料、薄膜包衣预混剂胃溶型。,,,口服。成人，一日1片。,3
多维元素胶囊13,"多维元素胶囊13|本品为复方制剂．每粒含维生素A4000单位，维生素D400单位．维生素E11毫克,维生素C100毫克，叶酸0.8毫克，维生素B11.5毫克维生素B21.7毫克，维生素B62.6毫克，维生素B124微克．钙58.8毫克，铁19.8毫克，锌20毫克，烟酰胺18毫克。辅料为．淀粉、空心胶囊。",,国药准字H10980252,口服，成人每日一粒。,3
多维元素胶囊16,多维元素胶囊16|本品为复方制剂，其组份为每粒含：维生素A1000单位维生素C30mg维生素D2400单位碘化钾0.16mg维生素E10mg富马酸亚铁35mg维生素B15mg硫酸镁5mg维生素B22mg硫酸铜0.5mg维生素B62mg硫酸锰1mg维生素B125mg葡萄糖酸锌1.6mg烟酰胺20mg硫酸钴0.1μg,,国药准字H45020995,口服。一次1粒，一日1～2次，或遵医嘱。,3
多维铁口服溶液,多维铁口服溶液|本品为复方制剂，每毫升含维生素E0.1毫克，维生素B20.05毫克，维生素B10.05毫克，维生素B60.05毫克，烟酸0.25毫克，叶酸0.01毫克，硫酸锌0.2毫克，L-盐酸赖氨酸50毫克，甘油磷酸铁5毫克。辅料为蔗糖、枸橼酸、山梨酸钾、食用香精、食用色素。,,国药准字H33021823,口服。成人，一次10～15毫升。婴儿，一次2～4毫升。2～7岁小儿，一次5～7毫升。7岁以上儿童，一次7～10毫升。均为一日2次，饭后服。,3
多西他赛,多西他赛|多西他赛注射液|本品主要成份为多西他赛，其化学名为:2aR-2aα，4β，4aβ，6β，9α，aR*，βS*，11α，12α，12aα，12bα-β-1，1-二甲基乙氧基羰基氨基-α-羟基苯丙酸12b-乙酰氧-12-苯甲酰氧-2a，。，4，4a，5，6，9，10，11，12，12a，12b-十二氢-4，6，11-三羟基-4a，8，13，13-四甲基-5-氧代-7，11-亚甲基-1H-环癸五烯并-3，4苯并1，2-b氧杂丁环-9-基酯。,,国药准字H20064301,1.多西他赛只能用于静脉滴注。所有病人在接受多西他赛治疗期前均必须口服糖皮质激素类，如地塞米松，在多西他赛滴注一天前服用，每天16mg，持续至少3天，以预防过敏反应和体液潴留。 2.临用前将多西他赛所对应的溶剂全部吸入对应的溶液中，轻轻振摇混合均匀，将混合后的药瓶室温放置5分钟，然后检查溶液是否均匀澄明，根据计算病人所用药量，用注射器吸入混合液，注入5％葡萄糖注射液或0.9％氯化钠注射液的注射瓶或,3
多西环素,多西环素|本品主要成份为盐酸多西环素。|盐酸多西环素,,,盐酸多西环素片、盐酸多西环素分散片、盐酸多西环素胶丸、盐酸多西环素肠溶胶囊：1、分散片可直接口服/吞服，或加入适量水中，振摇分散后服用。2、抗菌及抗寄生虫感染：成人，第一日100mg，每12小时1次，继以100-200mg，一日1次，或50-100mg，每12小时1次。3、淋病奈瑟菌性尿道炎和宫颈炎：一次100mg，每12小时1次。共7日。4、非淋病奈瑟菌性尿道炎，由沙眼衣原体或解脲脲原体引起者，,6
多西紫杉醇,多西紫杉醇,,,,1
多酶,多酶|多酶片|本品为复方制剂，每片含胰酶300毫克、胃蛋白酶13毫克。,本品为复方制剂，每片含胰酶300毫克、胃蛋白酶13毫克。,国药准字H43020300,口服。一次2～3片，一日3次。,5
多非利特,多非利特,,,,1
大力,人参、枸杞、五味子、锁阳、熟地、黄柏、当归、茯苓、泽泻、杜仲、肉桂、附子、枣皮、天然蜂蜜等。|大力|大力丸,,无,请遵医嘱。,3
大戟,大戟,,,,2
大黄,1、大黄酸、芦荟大黄素、大黄素、大黄素甲醚、大黄酚、番泻苷A、B、C、D，鞣质。2、2015年版《中国药典》规定：含总蒽醌以芦荟大黄素C15H10O5、大黄酸C15H8O6、大黄素C15H10O5、大黄酚C15H10O4和大黄素甲醚C16H12O5的总量计不得少于1.5%。含游离蒽醌以芦荟大黄素C15H10O5、大黄酸C15H8O6、大黄素C15H10O5、大黄酚C15H10O4和大黄素甲醚C16H12O5的总量计不得少于0.2%。|大黄,,,1、内服：煎汤，3-12g。泻下通便，宜后下，不可久煎；或用开水泡渍后取汁饮。研末，0.5-2g。或入丸、散。外用：适量，研末调敷或煎水洗、涂。煎液亦可作灌肠用。2、大黄生用泻下作用较强；熟用则泻下作用较缓而长于泻火解毒，清利湿热；酒制功善活血，且善清上焦血分之热；炒炭常用凉血止血。,4
大黄碳酸氢钠,大黄碳酸氢钠|大黄碳酸氢钠片|本品为复方制剂，每片含大黄0.15克、碳酸氢钠0.15克、薄荷油0.001毫升。辅料为:羧甲淀粉钠，硬脂酸镁。,,,口服。一次1~3片，一日3次。,2
天一止咳,天一止咳|天一止咳糖浆|百部流浸膏、远志流浸膏、氯化铵、桔梗流浸膏、盐酸麻黄碱、薄荷脑。,百部流浸膏、远志流浸膏、氯化铵、桔梗流浸膏、盐酸麻黄碱、薄荷脑。,,口服，一次5-10ml，一日3次，儿童减半或遵医嘱。,2
天花粉,天花粉,,,,1
太子参,太子参|本品含有氨基酸、多聚糖或糖苷、醋酸或鞣质、黄酮、香豆素和甾醇或三萜等成分。,本品含有氨基酸、多聚糖或糖苷、醋酸或鞣质、黄酮、香豆素和甾醇或三萜等成分。,,内服：煎汤，9-30g。,2
夫地西酸,夫地西酸,,,,1
夫西地酸,夫西地酸|夫西地酸乳膏|本品主要成份为夫西地酸。,,,本品应局部涂于患处，并缓和地摩擦；必要时可用多孔绷带包扎患处。每日二至三次，七天...,3
头孢三嗪,头孢三嗪,,,,1
头孢丙烯,头孢丙烯|头孢丙烯分散片|头孢丙烯片|本品主要成份为头孢丙烯。,,,)在本品治疗前和治疗时，应严密观察临床症状并进行适当的实验室检查，在这些病人常规... || 口服。成人(13岁或以上)上呼吸道感染，每次0.5g，每天1次；下呼吸道感染，每次0.5g，每天2次；皮肤或皮肤软组织感染，每天0.5g，分1次或2次服用，严重病例每次0.5g，每天2次。2至12岁儿童上呼吸道感染，每次7.5mg/kg体重，每天2次；皮肤或皮肤软组织感染，每次20mg/kg体重，每天1次。6个月婴儿至12岁儿童中耳炎，每次15mgkg体重，每天21次；急性鼻窦炎，一般每次7.5m,6
头孢他啶,头孢他啶,,,,2
头孢克洛,头孢克洛|头孢克洛片|头孢克洛颗粒,头孢克洛,,口服。成人一次0.25g，一日3次。严重感染患者剂量可加倍，但一日总量不超过4g...,6
头孢克洛干混悬剂,头孢克洛|头孢克洛干混悬剂,头孢克洛,,口服。成人一次0.25g，一日3次。严重感染患者剂量可加倍，但一日总量不超过4g...,3
头孢克肟,头孢克肟|头孢克肟。|头孢克肟分散片|头孢克肟片|头孢克肟胶囊|头孢克肟颗粒|本品主要成份为头孢克肟，其化学名称为:6R，7R-7-Z-2-2-氨基-4-噻唑基-2-羧甲氧亚氨基乙酰氨基-3-乙烯-8-氧代-5-硫杂-1-氮杂双环4.2.0辛-2-烯-2-羧酸三水合物。|本品主要成分是头孢克肟。,头孢克肟|头孢克肟。|本品主要成分是头孢克肟。,国药准字H20041636,1、成人和体重30公斤以上的儿童：口服，每次50~100mg(1-2片)，一日二... || ?成人及体重30公斤以上儿童：口服，每次0.1g，每日二次;成人重症感染者可增加至每次0.2g，每日二次。儿童：口服，每日用量按成人减半。或按每次每公斤1.5～3.0mg计算给药量，每日二次。或遵医嘱。? || 口服。成人和体重30公斤以上的儿童一次50～100mg，一日2次。重症可增加到一...,12
头孢克肟干混悬剂,头孢克肟干混悬剂|本品主要成份为头孢克肟,,,服用时加水20ml冲服。成人及体重30公斤以上儿童：口服，每次50～100mg，...,3
头孢呋新,头孢呋新,,,,5
头孢呋辛,头孢呋辛,,,,13
头孢呋辛酯,头孢呋辛酯|头孢呋辛酯。|头孢呋辛酯片|头孢呋辛酯胶囊,头孢呋辛酯|头孢呋辛酯。,,口服。成人一般一日0.5g；下呼吸道感染患者：一日1g；单纯性下尿路感染患者：一...,6
头孢哌酮/舒巴坦,头孢哌酮/舒巴坦|注射用头孢哌酮钠舒巴坦钠,,,,2
头孢唑啉,头孢唑啉,,,,6
头孢唑林,头孢唑林,,,,1
头孢噻吩,头孢噻吩,,,,5
头孢噻肟,头孢噻肟,,,,2
头孢地尼,头孢地尼|头孢地尼分散片|本品主要成份为头孢地尼。,,,"用水分散后口服或直接吞服。成人服用的常规剂量为一次100mg,一日三次。儿童服用的常规剂量为每日9-18mg/kg,分三次口服。剂量可依年龄、症状进行适量增减，或遵医嘱。",2
头孢拉定,头孢拉|头孢拉定|头孢拉定胶囊,头孢拉,,"口服，成人0.25－0.5g,每6小时1次，一日最高剂量为4g。儿童按体重一次2...",3
头孢拉定干混悬剂,头孢拉定干混悬剂|本品主要成份为头孢拉定。,,,口服成人一次0.25～0.5g，一日4次，一日最高剂量为4g。儿童按体重一次6....,3
头孢曲松钠,其制剂主要成分为头孢曲松钠。|头孢曲松钠,其制剂主要成分为头孢曲松钠。,,注射用头孢曲松钠：肌内注射或静脉滴注给药。1、肌内注射溶液的配制：以3.6ml灭菌注射用水、氯化钠注射液、5%葡萄糖注射液或1%盐酸利多卡因加入1g瓶装中，制成每1ml含250mg头孢曲松的溶液。2、静脉给药溶液的配制：将9.6ml前述稀释液（除利多卡因外）加入1g瓶装中，制成每1ml含100mg头孢曲松的溶液，再用5%葡萄糖注射液或氯化钠注射液100-250ml稀释后静脉滴注。3、成人常用量肌内,3
头孢替安,头孢替安|静注用头孢替安,,,,1
头孢氨苄,头孢氨苄|头孢氨苄胶囊,头孢氨苄,,成人：口服。一般一次250－500mg，一日4次，高剂量一日4g。儿童：口服。每...,4
头孢泊肟酯,头孢泊肟酯|头孢泊肟酯片|头孢泊肟酯胶囊|本品主要成份为头孢泊肟酯。,,国药准字H20040947,1.口服，饭后服用。成人常用量为每次100毫克（效价），每天2次。使用中，可根据随年龄及症状适宜增减，对于重症或效果不佳者，可增加用量，每次200毫克（效价）每天2次服用。 2.本品使用中应注意下列问题： (1)严重肾损害患者，应适当调节给药量和给药间隔等，慎重用药。 (2)使用本药时，原则上应确认敏感性且用药应限于治疗疾病必要的最短期间（防止出现耐药菌等）。 || 用法：口服，本品宜饭后服用。用量：成人：上呼吸道感染包括急性中耳炎、鼻窦炎、扁桃体炎和咽喉炎等，-次100mg(即1片)，一日二次，疗程5-10天。下呼吸道感染：慢性支气管炎急性发作，一次200mg(即2片)，一日二次，疗程10天。急性社区获得性肺炎，一次200mg(即2片)，一日二次，疗程14天。单纯性泌尿道感染，一次100mg(即1片)，一日二次，疗程7天。急性单纯性淋病，单剂200mg(即2,7
头孢泊肟酯干混悬剂,头孢泊肟酯干混悬剂|本品主要成份:头孢泊肟酯。,,国药准字H20040210,饭后口服效果更佳。干混悬剂：成人常用量为每次2包，每天2次。使用中，可根据随年龄及症状适宜增减，对于重症或效果不佳者，可增加用量，每次4包，每天2次服用。,3
头孢羟氨苄,头孢羟氨苄|头孢羟氨苄胶囊|头孢羟氨苄颗粒|本品主要成份为：头孢羟氨苄,头孢羟氨苄,,"口服一日1～2g分2～3次服用.小儿每日每公斤体重50mg,分二次服用. || 成人常用量：口服，一次0.5～1.0g，一日2次。儿童常用量：一次按体重15～2...",6
头孢羟氨苄甲氧苄啶,主要成份甲氧苄啶﹑头孢羟氨苄。|头孢羟氨苄甲氧苄啶|头孢羟氨苄甲氧苄啶胶囊,,国药准字H13023738,1.成人:一次2粒，一日3次。严重感染者一次3粒。 2.小儿:按体重每日服用头孢羟氨苄0.2.-0.375g/kg，甲氧苄啶0.005-0.0075g/kg，分2-3次服用。,3
奈替米星,奈替米星|硫酸奈替米星,,,,1
奈法唑酮,奈法唑酮,,,,13
奈非那韦,奈非那韦,,,,6
奈韦拉平,奈韦拉平|奈韦拉平胶囊|本品主要成分为奈韦拉平。,本品主要成分为奈韦拉平。,国药准字H20030870,1.成人:口服，一次200mg，一日一次，连续14天(这一导入期的应用可以降低皮疹发生率)；之后改为每日2次，每次200mg。 2.儿童患者: (1)2个月到8岁(不含8岁)的儿童患者推荐口服剂量是用药最初的14天内一天一次，每次4mg/kg。每天用量应不超过400mg。 (2)应告知患者按照处方剂量每日服用奈韦拉平的必要性。如果漏服药物，患者应该尽快服用下一次药物，但不要加倍服用，如果患者停用奈,5
奋乃静,奋乃静|奋乃静片|本品主要成份为奋乃静。,,,口服给药： 1. 治疗精神分裂症：从小剂量开始，一次2～4mg，一日2～3次。以后每隔1～2日增加6mg，逐渐增至常用治疗剂量一日20～60mg。维持剂量一日10～20mg。 2. 用于止呕：一次2～4mg，一日2～3次。,4
奎奴普丁/达福普汀,奎奴普丁/达福普汀,,,,2
奎宁,奎宁,,,,7
奎宁丁,奎宁丁,,,,1
奎尼丁,奎尼丁,,,,53
奥利司他,奥利司他|奥利司他、微晶纤维素、羧甲淀粉纳、交联聚维酮、十二烷基硫酸纳、聚维酮K30。|奥利司他片|奥利司他胶囊|本品每片含主要成分奥利司他0.12克。辅料为：交聚维酮、共聚维酮、乳糖、微晶纤维素、硬脂酸镁。,奥利司他、微晶纤维素、羧甲淀粉纳、交联聚维酮、十二烷基硫酸纳、聚维酮K30。,国药准字H20103180,成人:餐时或餐后1小时内口服1片。如果有一餐未进或食物中不含脂肪，则可省略一次服药。 || 成人：餐时或餐后1小时内口服1粒。如果有一餐未进或食物中不含脂肪，则可省略一次服药。,8
奥卡西平,奥卡西平|奥卡西平片|活性成分：奥卡西平,活性成分：奥卡西平,,详见说明书。,7
奥司他韦,奥司他韦|本品主要成分为奥司他韦。,本品主要成分为奥司他韦。,,本品不同剂型、不同规格的用法用量可能存在差异，请阅读具体药物说明书使用，或遵医嘱。磷酸奥司他韦胶囊：1、磷酸奥司他韦可以与食物同服或分开服用。但对一些病人，进食同时服药可提高药物的耐受性。2、流感的治疗：在流感症状开始的第一天或第二天（理想状态为36小时内）就应开始治疗。3、剂量指导：（1）成人和青少年：磷酸奥司他韦胶囊在成人和13岁以上青少年的推荐口服剂量是每次75mg，每日2次，共5天。（2）,3
奥扎格雷钠,奥扎格雷钠|奥扎格雷钠注射液|本品主要成份为奥扎格雷钠。其化学名为:反式-3-4-1H-咪唑基-1-甲基苯基-2-丙烯酸钠。,,国药准字H20073978,1.治疗急性血栓性脑梗塞及其所伴随的运动障碍。每次80mg，溶于250ml电解质溶液中，每日1-2次，缓慢静脉滴注，2周一疗程。|2.改善蛛网膜下腔出血手术后的脑血管痉挛收缩和并发脑缺血症状。每次80mg，溶于250ml电解质溶液中，每日1次，可24小时连续进行静脉滴注，最好在蛛网膜下腔出血手术后尽早开始用药，2周一疗程。另外，可根据年龄?症状适当增减用量。,4
奥扎格雷钠氯化钠,奥扎格雷钠氯化钠|奥扎格雷钠氯化钠注射液|奥扎格雷钠的化学名称:反式-3-41H-咪唑-1-甲基苯基-2-丙烯酸钠。,奥扎格雷钠的化学名称:反式-3-41H-咪唑-1-甲基苯基-2-丙烯酸钠。,国药准字H20040331,成人每天2次，每次100ml(80mg)，静脉滴注，2周为一疗程。,3
奥扎格雷钠葡萄糖,奥扎格雷钠葡萄糖|奥扎格雷钠葡萄糖注射液|本品主要成份是奥扎格雷钠﹐其化学名称为反式-3-41H-咪唑-1-基甲基苯基-2-丙烯酸钠。,,国药准字H20040071,静脉滴注，一次250ml(一次一瓶)，一日1～2次，2周为一疗程。,3
奥曲肽,奥曲肽,,,,1
奥松肚痛泻,奥松肚痛泻|奥松肚痛泻丸|黄柏、肉桂、丁香、陈皮、木油、薄荷脑及甘草等。,黄柏、肉桂、丁香、陈皮、木油、薄荷脑及甘草等。,ZC20100006,1.口服。每日三至四次。成人每次五至六粒;儿童每次二至三粒。 2.平时饭后减量服用此药三丸，能助消化并清理肠胃。 3.牙齿蛀痛，用此药一丸塞入牙孔，其痛立止。,3
奥氮平,OLanzapineTablets|奥氮平|奥氮平片|本品主要成份为奥氮平。|本品主要成分为奥氮平。,本品主要成分为奥氮平。,,1、成人：（1）精神分裂症：奥氮平的建议起始剂量为10mg/天。每日一次。（2）躁狂发作：单独用药时起始剂量为每日15mg，合并治疗时每日10mg。（3）预防双相情感障碍复发：推荐起始剂量为10mg/日。对于使用奥氮平治疗躁狂发作的患者，预防复发的持续治疗剂量同前。对于新发躁狂、混合发作或抑郁发作，应继续奥氮平治疗（需要时剂量适当调整），同时根据临床情况合并辅助药物治疗情感症状。在精神分裂症、躁狂,8
奥氮平口崩,奥氮平。|奥氮平口崩|奥氮平口崩片,奥氮平。,H20140521,1.每日剂量须根据临床状况而定，范围在每日5-20mg之间。|2.推荐起始剂量和常规剂量为每日10mg，维持剂量应为最小有效剂量，一般亦为10mg，但应定期评估。超过每日15mg的用药，应进行临床评估。|3.严重肾功能损害或中度肝功能损害者，起始剂量为5mg，剂量递增为每次5mg，并应慎重加量。|4.服药与进食无关，因其吸收不受进食影响。,3
奥沙利铂,奥沙利铂|奥沙利铂注射液|本品主要成份奥沙利铂.辅料名称：水合乳糖、注射用水、氮气,,国药准字H20000337,在单独或联合用药时，推荐剂量为按体表面积一次130mg/m2，静脉输注2～6小时。没有主要毒性出现时，每3周(21天)给药1次。剂量的调整应以安全性，尤其是神经学的安全性为依据。,4
奥沙利铂甘露醇,奥沙利铂甘露醇|奥沙利铂甘露醇注射液|本品主要成分为奥沙利铂。,本品主要成分为奥沙利铂。,国药准字H20052531,"在单独或联合用药时,推荐剂量为1。0mg/m2,没有主要毒性出现时每3周（21天）给药一次。奥沙利铂甘露醇注射液输注2-6小时。剂量的调整应以安全性?尤其是神经学的安全性为依据。 特别建议: 1.不要直接静脉推注。 2.不要与其他药物混合。 3.所用溶液出现沉淀迹象时应停止使用。",3
奥沙拉秦钠,奥沙拉秦钠|奥沙拉秦钠胶囊,奥沙拉秦钠,,口服，开始每日1～2g，分两次饭后服用，必要时增至每日3g，分3～4次服用，维持...,2
奥沙普秦,奥沙普秦|奥沙普秦。|奥沙普秦片|奥沙普秦肠溶片,奥沙普秦。,国药准字H10950306,口服，一次0.2～0.4g(1～2片)，一日一次，连续服药1周以上或遵医嘱，饭后服用，最大剂量一日0.6g(3片)。 || 口服，一次0.2～0.4g（1～2片），一日一次，连续服药1周以上或遵医嘱，饭后...,6
奥沙普秦肠溶,奥沙普秦肠溶|奥沙普秦肠溶胶囊|本品主要成分是奥沙普秦。,本品主要成分是奥沙普秦。,国药准字H20010351,口服。|1.成人常用量：|(1)抗风湿一次0.4g（2粒），一日1次，饭后口服，一日最大剂量0.6g(3粒)。|(2)镇痛，一次0.2～0.4g(1～2粒)，必要时可用2次。|2.儿童常用量未建立。,3
奥沙西泮,奥沙西泮|奥沙西泮片|本品主要成分、奥沙西泮。,本品主要成分、奥沙西泮。,国药准字H11020894,成人常用量：1. 抗焦虑，一次15～30mg，一日3～4次。2. 镇静催眠﹑急性酒精戒断症状，一次15～30mg，一日3～4次。3. 一般性失眠，15mg，睡前服。,3
奥泰灵盐酸氨基葡萄糖,奥泰灵盐酸氨基葡萄糖|奥泰灵盐酸氨基葡萄糖胶囊|本品每粒含盐酸氨基葡萄糖0.75克，辅料为硬脂酸镁,,,口服，一次1粒，一日2次，吃饭时或饭后服用。6周为一个疗程或根据需要延长。每年重复治疗2-3次。,3
奥洛福林,奥洛福林,,,,1
奥硝唑,奥硝唑|奥硝唑。化学名称：1-3-氯-2羟丙基-2-甲基-5-硝基咪唑分子式：C7H10CIN3O3分子量：219.63|奥硝唑分散片|奥硝唑片|奥硝唑胶囊|本品主要成份为：奥硝唑，其化学名称为α-氯甲基-2-甲基-5-硝基咪唑-1-乙醇。,奥硝唑,,1.毛滴虫病急性毛滴虫病：一次性服药，成人一次1500毫克（6片），晚上顿服。... || 1.毛滴虫病： (1)急性毛滴虫病:一次性服药，成人一次1500mg(12粒)，... || 防治厌氧菌感染：成人500mg/次，每日二次(早晚各服一次，以下同)；儿童，每1...,9
奥硝唑氯化钠,奥硝唑氯化钠|奥硝唑氯化钠注射液|本品的主要成分为奥硝唑。化学名称:1-3-氯-2羟丙基-2-甲基-5-硝基咪唑。,本品的主要成分为奥硝唑。化学名称:1-3-氯-2羟丙基-2-甲基-5-硝基咪唑。,国药准字H20041578,静脉滴注，滴注时间为60分钟，用量如下：|1.术前术后预防用药：成人手术前1-2小时静滴1g奥硝唑，术后12小时静滴500mg，术后24小时静滴500mg。|2.治疗厌氧菌引起的感染:成人起始剂量为0.5-1g，然后每12小时静滴0.5g，连用3-6天。如病人症状改善，建议改用口服制剂。|3.治疗严重阿米巴病：成人起始剂量为0.5-1g，然后每12小时0.5g，连用3-6天，儿童剂量为每日20-3,3
奥硝唑阴道,奥硝唑阴道|奥硝唑阴道泡腾片|本品成份奥硝唑阴道泡腾片。,,国药准字H20120013,1.每晚睡前，阴道给药。将外阴洗净，用干净手将栓剂置入阴道深处。|2.每晚1次，1次1片，连续7天。,3
奥硝唑阴道栓,奥硝唑阴道栓|本品主要成份是奥硝唑。,,,每晚睡前，阴道给药。将外阴洗净，用干净手将栓剂置入阴道深处。每晚1次，1次1粒，连续7天。,3
奥美拉唑,奥美拉唑|奥美拉唑。|奥美拉唑肠溶片|奥美拉唑胶囊|奥美拉唑颗粒|本品主要成份为奥美拉唑钠、镁。|本品活性成份为奥美拉唑。,奥美拉唑|奥美拉唑。,国药准字H53021955,口服（1） 消化性溃疡：一次20mg一日1～2次。每日晨起或早晚各一次，胃溃疡疗程通常为4～8周，十二指肠溃疡疗程通常2～4周。（2） 反流性食管炎：一次20～60 mg，一日1～2次。晨起吞服或早晚各一次，疗程通常为4～8周。（3） 卓-艾综合征：一次60mg一日1次，以后每日总剂量可根据病情调整为20～120mg若一日总剂量需超过80mg时，应分为两次服用。 || 口服，不可咀嚼。1 消化性溃疡：一次20mg（一次1片），一日1～2次。每日晨起吞服或早晚各一次，胃溃疡疗程通常为4～8周，十二指肠溃疡疗程通常2～4周；2 反流性食管炎：一次20～60 mg（一次1～3片），一日1～2次。晨起吞服或早晚各一次，疗程通常为4～8周；3 卓-艾综合征：一次60mg（一次3粒），一日1次，以后每日总剂量可根据病情调整为20～120mg（1～6粒），若一日总剂量需超过8 || 口服，不可咀嚼。1、消化性溃疡：一次20mg（1片），一日1～2次。每日晨起吞服或早晚各一次，胃溃疡疗程通常为4～8周，十二指肠溃疡疗程通常2～4周。2、反流性食管炎：一次20～60 mg（1-3片），一日1～2次。晨起吞服或早晚各一次，疗程通常为4～8周。3、卓-艾综合征：一次60mg（3片），一日1次，以后每日总剂量可根据病情调整为20～120mg（1-6片）。若一日总剂量需超过80mg（4片,23
奥美拉唑肠溶,奥美拉唑。|奥美拉唑肠溶|奥美拉唑肠溶胶囊|奥美拉唑肠溶颗粒|本品主要成份为：奥美拉唑。,奥美拉唑。,注册证号H20100643,1.治疗胃溃疡、十二指肠溃疡、反流性食管炎：每日早晨吞服20mg(治疗十二指肠溃疡应于睡前服用，以减少空腹时十二指肠疼痛症状）。胃内食物充盈时，可减少吸收，故应餐前或空腹口服。本品治疗十二指肠溃疡疗程通常为2-4周，治疗胃溃疡及反流性食管炎疗程为4-8周。 　　|2.治疗卓-艾综合征：首次剂量为60mg，每晨1次，然后按不同病情调节日剂量为20~120mg，其疗程示临床情况而定。每日剂量超过80m || 口服，不可咀嚼。1、消化性胃溃疡：一次20mg（一次1粒），一日1～2次。每日...,6
奥美拉唑钠,奥美拉唑钠|奥美拉唑钠肠溶片|本品主要成份奥美拉唑钠。,,国药准字H20041601,口服，不可咀嚼。|1.消化性溃疡：一次20mg（一次1片），一日1～2次。每日晨起吞服或早晚各一次，胃溃疡疗程通常为4～8周，十二指肠溃疡疗程通常2～4周。|2.反流性食管炎：一次20～60mg（一次1～3片），一日1～2次。晨起吞服或早晚各一次，疗程通常为4～8周。|3.卓-艾综合征：一次60mg（一次3片），一日1次，以后每日总剂量可根据病情调整为20～120mg（1～6片），若一日总剂量需超,3
奥美拉唑镁,奥美拉唑镁|奥美拉唑镁肠溶片|本品主要成份为奥美拉唑镁。每片含奥美拉唑镁为10.3毫克的肠溶衣微丸，相当于奥美拉唑10毫克。辅料为氧化铁红；氧化铁黄；单硬脂酸甘油酯40-55；羟丙甲纤维素；羟丙基甲基纤维素；硬脂酸镁；甲基丙烯酸及丙烯酸乙酯共聚物1:1，30%分散剂；微晶纤维素；人工石蜡；聚乙二醇；聚山梨醇酯80；交聚维酮；氢氧化钠；十八烷基富马酸钠；糖球；滑石粉；二氧化钛；柠檬酸三乙酯。,,,口服。成人，一次1片，一日1次（每24小时），必要时可加服1片，用温开水送服。本...,3
奥美沙坦酯,奥美沙坦酯|奥美沙坦酯片|本品主要成份为奥美沙坦酯。,,,剂量应个体化。在血容量正常的患者中，作为单一治疗的药物，通常推荐起始剂量为20mg，每日一次。对经2周治疗后仍需进一步降低血压的患者，剂量可增至40mg。剂量大于40mg未显示出更大的降压效果。当日剂量相同时，每日2次给药与每日1次给药相比没有显示出优越性。无论进食与否本品都可以服用。本品可以与其他利尿剂合用，也可以与其他抗高血压药物联合使用。对老年人、中度到明显的肝肾功能损害(肌酐清除率40mL,3
奥美沙坦酯氢氯噻嗪,奥美沙坦酯氢氯噻嗪|奥美沙坦酯氢氯噻嗪片|本品为复方制剂，其组份为：每片含奥美沙坦酯20mg和氢氯噻嗪12.5mg。,本品为复方制剂，其组份为：每片含奥美沙坦酯20mg和氢氯噻嗪12.5mg。,,奥美沙坦酯在血容量正常的患者中，作为单一治疗的药物，通常推荐起始剂量为20mg，每日1次。对经2周治疗后仍需进一步降低血压的患者，剂量可增至40mg。剂量大于40mg未显示出更大的降压效果。当日剂量相同时，每日2次给药与每日1次给药相比没有显示出优越性。对老年患者、中度到明显的肾功能损害（肌酐清除率氢氯噻嗪的有效剂量为12.5-50mg，每日1次。通常在采用奥美沙坦酯或氢氯噻嗪单组分治疗无法获得满,3
奥芬溴铵,奥芬溴铵|奥芬溴铵片|本品主要成分为奥芬溴铵。,本品主要成分为奥芬溴铵。,国药准字H11022196,口服。一次5～10mg，一日3次。,3
妥卡因,妥卡因,,,,1
妥卡尼,妥卡尼,,,,1
妥布霉素,妥布霉素|妥布霉素。|妥布霉素滴眼液,妥布霉素。,,滴于眼睑内。轻、中度感染:一次1～2滴，每4小时1次；重度感染:一次2滴，每小时1次。,13
妥拉唑林,妥拉唑林,,,,3
威灵仙,威灵仙,,,,1
娱乐药,娱乐药,,,,2
孟鲁司特,孟鲁司特|本品主要成分为孟鲁司特纳。,本品主要成分为孟鲁司特纳。,,本品不同剂型、不同规格的用法用量可能存在差异，请阅读具体药物说明书使用，或遵医嘱。孟鲁司特纳颗粒：1、每日一次。哮喘病人应在睡前服用。过敏性鼻炎病人可根据自身的情况在需要时间服药。2、同时患有哮喘和过敏性鼻炎的病人应每晚用药一次。3、1岁至2岁儿童哮喘患者每天一次，每次一袋。4、2岁至5岁儿童哮喘患者和/或2岁至5岁过敏性鼻炎患者应每天服用4mg口服颗粒一袋。5、口服颗粒的服用：本品可直接服用，与,3
孟鲁司特钠,孟鲁司特钠|孟鲁司特钠咀嚼片|孟鲁司特钠片|本品主要成份为孟鲁司特钠。|本品主要成分为孟鲁司特钠。,本品主要成分为孟鲁司特钠。,,1、15岁及15岁以上患有哮喘和/或季节性过敏性鼻炎的患者每日一次，每次一片（10mg）。哮喘病人应在睡前服用。季节性过敏性鼻炎病人可根据自身的情况在需要时服药。同时患有哮喘和季节性过敏性鼻炎的病人应每晚用药一次。2、一般建议：（1）以哮喘控制指标来评价治疗效果，本品的疗效在用药一天内即出现。本品可与食物同服或另服。应建议患者无论在哮喘控制还是恶化阶段都坚持服用。（2）老年患者、肾功能不全患者、轻 || 每日一次。哮喘病人应在睡前服用。过敏性鼻炎病人可根据自身的情况在需要时间服药。同时患有哮喘和季节性过敏性鼻炎的病人应每晚用药一次。6至14岁哮喘和/或季节性过敏性鼻炎儿童患者。每日一次，每次一5mg。2至5岁哮喘和/或过敏性鼻炎儿童患者。每日一次，每次4mg。一般建议：以哮喘控制指标来评价治疗效果，本品的疗效在用药一天内即出现。本品可与食物同服或另服。应建议患者无论在哮喘控制还是恶化阶段都坚持服用,6
季铵盐,季铵盐,,,,1
安乃近,安乃近|安乃近注射液|本品主要成分为安乃近。,本品主要成分为安乃近。,国药准字H44022532,"1.深部肌肉注射一次0.25～0.5g。 
2.小儿一次5～10mg/kg。",3
安体舒通,安体舒通,,,,3
安嗽,安嗽|安嗽糖浆|浙贝母、甘草流浸膏、百部、桔梗、前胡、姜半夏、陈皮、氯化铵、盐酸麻黄碱、薄荷脑。,浙贝母、甘草流浸膏、百部、桔梗、前胡、姜半夏、陈皮、氯化铵、盐酸麻黄碱、薄荷脑。,,口服，一次10-15ml，一日3次。,2
安定,安定,,,,13
安定类,安定类,,,,1
安定药,安定药,,,,1
安康欣,半枝莲、山豆根、夏枯草、蒲公英、鱼腥草、石上柏、枸杞子、穿破石、人参、黄芪、鸡血藤、灵芝、黄精、白术、党参、淫羊藿、菟丝子、丹参十八味中药组成。|安康欣|安康欣胶囊,,国药准字Z20023377,口服，饭后温开水送服。一次4-6粒，一日3次。疗程30天。,3
安曲南,安曲南,,,,1
安替比林,安替比林,,,,2
安眠药,1、佐匹克隆：本品的主要成分为佐匹克隆。2、酒石酸唑吡坦：本品的主要成分为酒石酸唑吡坦。3、阿普唑仑：本品的主要成分为阿普唑仑。4、劳拉西泮：本品的主要成分为劳拉西泮。5、地西泮：本品的主要成分为地西泮。|安眠药,,,1、佐匹克隆：应该始终在最低有效剂量下开始治疗，而且不应该超过最高给药剂量。本品应该在晚上临睡前服药。通常的给药剂量如下所示：年龄低于65岁的成年人：每日7.5mg。年龄大于65岁的老年患者：推荐的给药剂量为每日3.75mg；7.5mg的给药剂量仅该在例外的情况下应用。肝脏或呼吸功能损害的患者：推荐剂量是每天1/2片。肾脏功能不全的患者：推荐起始剂量是每天1/2片。在任何情况下，本品的每日给药剂量,4
安神,安神|安神丸|槟榔、沉香、丁香、木香、肉豆蔻、广枣、山奈、荜茇、黑胡椒、紫硇砂、铁棒锤、兔心、野牛心、阿魏、红塘。,,,一次2-3丸，一日2次,2
安神补脑,安神补脑|安神补脑片|安神补脑颗粒|鹿茸、制何首乌、淫羊藿、干姜、甘草、大枣、维生素B1。,鹿茸、制何首乌、淫羊藿、干姜、甘草、大枣、维生素B1。,,1、规格（1）：口服，一次3片，一日2次。2、规格（2）：口服，一次1片，一日2次。 || 开水冲服。一次1袋，一日2次。,4
安神补脑液,安神补脑液|鹿茸、淫羊藿、制何首乌、干姜、大枣、甘草、维生素B1。,鹿茸、淫羊藿、制何首乌、干姜、大枣、甘草、维生素B1。,,口服。一次10ml，一日2次。,2
安达铝镁加混悬液,安达铝镁加混悬液|本品每15毫升内含铝镁加1.5克，辅料为羧甲纤维素钠、甘油、蔗糖、微晶纤维素和羧甲基纤维素钠、薄荷素油,,,口服，成人一次1袋，一日3-4次。饭后1-2小时或睡前服用。用前摇匀。,2
安钠咖,安钠咖|安钠咖注射液|安钠咖片|本品为复方制剂，其组分为：无水咖啡因与苯甲酸钠。|本品主要成分及其化学名称为：本品为复方制剂，其组分为：无水咖啡因与苯甲酸钠。,本品为复方制剂，其组分为：无水咖啡因与苯甲酸钠。|本品主要成分及其化学名称为：本品为复方制剂，其组分为：无水咖啡因与苯甲酸钠。,国药准字H11020636|国药准字H51023349,常用量口服 一次―2片，一日2―6片极量，口服一次2片，一日10片。饭后服用，或遵医嘱。 || 皮下或肌内注射 成人一次1~2ml，2~4小时可重复注射。极量一次3ml，一日极量12ml。儿童按体重一次0.024~0.048ml/kg,6
安非他酮,安非他酮,,,,4
安鲁米特,安鲁米特,,,,1
宫内避孕器,宫内避孕器,,,,1
富马酸伏诺拉生,富马酸伏诺拉生|富马酸伏诺拉生片|本品主要成分为富马酸伏诺拉生。,本品主要成分为富马酸伏诺拉生。,,口服，成人每日1次，每次20mg。大部分患者通常4周可获益，如果疗效不佳，疗程最多可延长至8周。用于反复发作的反流性食管炎患者的维持治疗时，每次10mg，每日一次；如果疗效不佳，可增加至每次20mg，每日一次。,3
富马酸喹硫平,主要组成成份:富马酸喹硫平。|富马酸喹硫平|富马酸喹硫平缓释片,,,药片应整片吞服，不能掰开、咀嚼或碾碎。与进食与否无关。成人:治疗精神分裂症:剂量选择一一本品日一次，推荐夜间使用(睡前3-4小时服用)。推荐起始日剂量为300mg.可根据患者个体的疗效和耐受性在日剂量400mg~800mg之间进行剂量滴定。增加剂量最短时间间隔1天，每日剂量增加幅度不得超过300mg.维持治疗一一项在精神分裂症成人患者中进行的本品维持治疗试验表明，在稳定使用本品剂量范围400mg-,2
富马酸替诺福韦二吡呋酯,富马酸替诺福韦二吡呋酯|富马酸替诺福韦二吡呋酯片|本品主要成份为富马酸替诺福韦二吡呋酯。,,,剂量为每次300mg(1片)，每日1次，口服，不受饮食影响。详见说明书。,3
富马酸替诺福韦酯,富马酸替诺福韦酯,,,,1
富马酸比索洛尔,富马酸比索洛尔|富马酸比索洛尔片|富马酸比索洛尔胶囊|本品主要成分为富马酸比索洛尔。,富马酸比索洛尔|本品主要成分为富马酸比索洛尔。,国药准字H20000200,"1.应用本品必须根据个体化原则。通常初始剂量每次5mg，每日一次，口服。有些患者可能合适的初始剂量为2.5mg(如支气管痉挛病)。如果5mg的抗高血压疗效不够，剂量可增至10mg～20mg。
2.患者有肝脏损害(肝炎或肝硬化)或肾功能不全(肌苷清除率小于40ml/min)时，初始剂量每日  2.5mg，在剂量递增时要谨慎。 || 口服。一日1次，起始剂量2.5mg，最大剂量每日不超过10mg，请遵医嘱。对有轻...",6
富马酸氯马斯汀,富马酸氯马斯汀|富马酸氯马斯汀片|本品主要成分为富马酸氯马斯汀。化学名称：〔R-R*，R*〕-1-甲基-2-〔2-〔1-4-氯苯基-1-苯乙氧基〕乙基〕-吡咯烷E-2-丁烯二酸盐。分子式：C21H26ClNO·C4H4O4分子量：459.97,,,"口服 一次1片,一日2次。",2
富马酸氯马斯汀口服溶液,富马酸氯马斯汀|富马酸氯马斯汀口服溶液,富马酸氯马斯汀,,口服。儿童(6～12岁)：起始量每次5ml（0.5mg氯马斯汀），每日2次，依病...,3
富马酸福莫特罗,富马酸福莫特罗|富马酸福莫特罗片|本品主要成分为富马酸福莫特罗。,本品主要成分为富马酸福莫特罗。,注册证号BH20040402,口服。 1.成人，一日160mg，分2次服。 2.儿童，按体重一日4mg/kg，分2～3次服。,3
富马酸福莫特罗干,富马酸福莫特罗干|富马酸福莫特罗干糖浆,,BH20050556,口服： 1.成人，一日160μg，分2次服。 2.儿童，按体重一日4μg/kg，分2～3次服。,3
富马酸福莫特罗水合物,富马酸福莫特罗水合物,,,,1
富马酸福莫特罗粉,"富马酸福莫特罗粉|富马酸福莫特罗粉吸入剂|本品主要成份为：富马酸福莫特罗。化学名称：R*,R*-±-N-2-羟基-5-1-羟基-2-2-4-甲氧苯基-1-甲基乙基氨基乙基苯基甲酰胺，E-2-富马酸盐2︰1二水合物分子式：C19H24N2O42·C4H4O4·2H2O分子量：840.90",,,吸入给药，剂量应个体化，尽量使用最低有效剂量。本品的使用方法见装置使用说明书(附后)，因缺乏充分的安全性和有效性数据，对6岁以下儿童不推荐使用本品。成人：常规剂量为一日1次或2次，一次12g，早晨和/或晚间给药。有些患者须提高剂量，一日1-2次，一次12-24g，每天最多可吸48g。没有肝肾功能损害的患者使用的足够数据。哮喘夜间发作，可于晚间给药一次。,2
富马酸酮替芬,富马酸酮替芬|富马酸酮替芬分散片|富马酸酮替芬滴眼液|富马酸酮替芬片|本品主要成份富马酸酮替芬。|本品每片含主要成份富马酸酮替芬1.38毫克相当酮替芬1毫克。辅料为淀粉、糖粉、糊精、硬脂酸镁。|本品每片含主要成分富马酸酮替芬1.38mg相当酮替芬1mg。辅料为微晶纤维素、乳糖、淀粉、羟丙纤维素、甜菊素、滑石粉、硬脂酸镁。,,国药准字H19990355,口服或含于口中吮服，也可加水分散后服用。每次1片(1毫克)，每日2次。 || 口服，一次1片，一日2次，早晚服。 || 滴眼。一次1～2滴，一日4次（早，中，晚及睡前）。,9
富马酸酮替芬滴鼻液,富马酸酮替芬|富马酸酮替芬滴鼻液,富马酸酮替芬,,滴鼻，一次1-2滴，一日1-3次。,3
对乙酰氨基酚,1.本品每片含主要成份对乙酰氨基酚160毫克。2.辅料为：甘露醇，硬脂酸镁，甘氨酸，柠檬酸钠，交联羧甲基纤维素，桔子香精，香料增强剂，阿斯巴甜，微晶纤维素，红色素，黄色素。|主要成份对乙酰氨基酚。|对乙酰氨基酚|对乙酰氨基酚。化学名为N-4-羟基苯基乙酰胺。|对乙酰氨基酚口服液|对乙酰氨基酚咀嚼片|对乙酰氨基酚泡腾片|对乙酰氨基酚注射液|对乙酰氨基酚片|对乙酰氨基酚糖浆|对乙酰氨基酚缓释片|对乙酰氨基酚胶囊|对乙酰氨基酚颗粒|扑热息痛|本品主要成份对乙酰氨基酚。|本品主要成分是乙酰氨基酚。|本品每片含主要成份对乙酰氨基酚0.65g，辅料为粉状纤维素、淀粉、羟乙基纤维素、聚维酮、微晶纤维素、预胶化淀粉、羧甲基淀粉钠、硬脂酸镁、欧巴代和棕榈蜡。|本品每片含主要成份对乙酰氨基酚0．5克。,对乙酰氨基酚。化学名为N-4-羟基苯基乙酰胺。|本品主要成分是乙酰氨基酚。,国药准字H10940159|国药准字H10940233|国药准字H11020882|国药准字H19990360|国药准字H22023567|国药准字H37023655|国药准字H44020010|国药准字H44025150,"1.用温开水溶解后服用。|2.6～12岁儿童一次0.5片，12岁以上儿童及成人一次1片。 |3.若持续发热或疼痛，可间隔4-6小时重复用药一次，24小时内不超过4次。 || 1.肌肉注射一次0.15g～0.25g。 2.本品不宜长期应用,退热疗程一般不超过3天,镇痛不宜超过10天。 || 口服 吸服或倒出加厮口服。成人一日4次,一次1～2支。日┝坎灰顺?2g（8支）。退嶂委一般不超?3天,?痛??不超?10天。和按?重一次10～15mg／kg,一日3～4次；12q以下和一日不超?5次┝?程不超?5天。",80
对乙酰氨基酚凝胶,主要成份对乙酰氨基酚。|对乙酰氨基酚凝胶,,国药准字H20046443,口服。12岁以下小儿用量：1. 年龄1-3岁，体重10-15公斤，一次用量1粒，若持续发热后头痛，可隔4-6小时再服一次，24小时内不超过4次。2. 年龄4-6岁，体重16-21公斤，一次用量1.5粒，若持续发热后头痛，可隔4-6小时再服一次，24小时内不超过4次。3. 年龄7-9岁，体重22-27公斤，一次用量2粒，若持续发热后头痛，可隔4-6小时再服一次，24小时内不超过4次。4. 年龄10-,3
对乙酰氨基酚口服溶液,对乙酰氨基酚口服溶液|本品每毫升含主要成分对乙酰氨基酚32MG。辅料为：山梨醇溶液、聚乙二醇、丙二醇、柠檬酸、苯甲酸钠、糖精钠、柠檬酸钠、叔丁对甲氧酚、色素、香蕉香精、蒸馏水。,,,口服。成人一次15～25毫升，若持续发热或疼痛，可间隔4～6小时重复用药1次。一...,3
对乙酰氨基酚干混悬剂,对乙酰氨基|对乙酰氨基酚干混悬剂,对乙酰氨基,,本品服用时加温开水至瓶身折痕处，充分振摇混匀即可配成60毫升乳剂服用，配好的药液...,3
对乙酰氨基酚栓,对乙酰氨基酚栓|本品每粒含对乙酰氨基酚0.15克。辅料为吐温-80、混合脂肪酸甘油脂。,,,直肠给药。1-6岁儿童及成人一次1粒，塞入肛门内，若持续发热或疼痛，可间隔4-6...,3
对乙酰氨基酚泡腾,对乙酰氨基酚泡腾|对乙酰氨基酚泡腾颗粒|本品主要成份对乙酰氨基酚0.65g。,,国药准字H10890049,口服。12岁以下小儿用量：|1.年龄1-3岁，体重10-15公斤，一次用量1-1.5包，若持续发热后头痛，可隔4-6小时再服一次，24小时内不超过4次。|2.年龄4-6岁，体重16-21公斤，一次用量1.5-2包，若持续发热后头痛，可隔4-6小时再服一次，24小时内不超过4次。|3.年龄7-9岁，体重22-27公斤，一次用量2-3包，若持续发热后头痛，可隔4-6小时再服一次，24小时内不超过4次。,3
对乙酰氨基酚混悬滴剂,乙酰氨基酚。辅料为高果糖浆、丙二醇、甘油、山梨醇、纯水、黄原胶等。|对乙酰氨基酚混悬滴剂,,,口服。12岁以下儿童用滴管量取，用量见下表：　　年龄(岁)　　　体重(公斤)　　...,3
对乙酰氨基酚溶液,对乙酰氨基酚|对乙酰氨基酚溶液,对乙酰氨基酚,国药准字H31022897,口服，用量杯衡量按下述剂量服用：　　年龄（岁）　　　体重（公斤）　　　一次用量（毫升）　　　　一日次数　　　1～3　　　　　　10～15　　　　　　　4～5　　　　若持续高热或疼痛，可间隔　　　4～6　　　　　　16～21　　　　　　　6～7　　　　4～6小时重复用药1次，24　　　7～9　　　　　　22～27　　　　　　　7～9　　　　小时不超过4次。　　　10～12　　　　　28～32　　　　,3
对乙酰氨基酚滴剂,对乙酰氨基酚滴剂|本品每瓶含对乙酰氨基酚1.6克。,本品每瓶含对乙酰氨基酚1.6克。,国药准字H10930173,滴入口中，或溶于约20倍体积的开水中摇匀后服用。,3
对乙酰氨基酚颗粒剂,主要成份对乙酰氨基酚。|对乙酰氨基酚颗粒剂,,国药准字H19990012,口服。小儿常用量每公斤体重?10-15?mg?，每天?3-4?次。?12?岁以下的小儿每日不宜超过?5?次量，疗程不超过?10?天。,3
对氨基水杨酸,对氨基水杨酸,,,,3
对氨基水杨酸盐,对氨基水杨酸盐,,,,1
对氨基水杨酸类,对氨基水杨酸类,,,,2
对氨基水杨酸钠,对氨基水杨酸钠|对氨基水杨酸钠。|对氨基水杨酸钠片|对氨基水杨酸钠肠溶片|本品主要成分为对氨基水杨酸钠。,对氨基水杨酸钠。|本品主要成分为对氨基水杨酸钠。,国药准字H11021485,口服?成人一次4～6片，一日16～24片，一日4次。小儿按体重每日0.2～0.3g/kg;分3～4次，儿童每日剂量不超过12g。 || 口服：成人，8g～12g/日，3～4次/日。儿童：每日0.2 g～0.3g/kg。静滴：成人，4g～12g/日，从小剂量开始，溶于5%葡萄糖液500ml中或配成3.6%等渗溶液，于2～3h滴完，每日或隔日1次。胸腔注射：用20%溶液10-20ml，注入胸膜腔内，用于治疗结核性脓胸。外用：用10%软膏治疗结核性溃疡。溃疡性结肠炎：保留灌肠。,13
对氨基苯甲酸,对氨基苯甲酸,,,,8
对肝细胞有毒性的药物,对肝细胞有毒性的药物,,,,1
对骨髓有抑制的抗肿瘤药物,对骨髓有抑制的抗肿瘤药物,,,,1
导致低凝血酶原血症或血小板减少的药物,导致低凝血酶原血症或血小板减少的药物,,,,1
小儿乳酸菌素,小儿乳酸菌素|小儿乳酸菌素片|本品每片含乳酸菌素0.2克。辅料为阿司帕坦。,,,嚼服。成人一次6-12片(按乳酸菌素计)一日3次。小儿一次2-4片(按乳酸菌素计)，一日3次。,3
小儿伪麻美芬滴剂,小儿伪麻美芬滴剂|本品为复方制剂，其组分为：每0.8ml含盐酸伪麻黄碱7.5mg、氢溴酸右美沙芬2.5mg。,,国药准字H20010605,口服。每4-6小时可重复用药，每24小时用药不超过4次，或遵医嘱。,3
小儿化痰止咳,小儿化痰止咳|小儿化痰止咳糖浆|小儿化痰止咳颗粒|桔梗流浸膏、桑白皮流浸膏、吐根流浸膏、盐酸麻黄碱。|桔梗流浸膏、桑白皮流浸膏、吐根酊、盐酸麻黄碱。,桔梗流浸膏、桑白皮流浸膏、吐根流浸膏、盐酸麻黄碱。|桔梗流浸膏、桑白皮流浸膏、吐根酊、盐酸麻黄碱。,,口服，一岁至二岁2-3ml，二岁至五岁一次3-5ml，六岁至十岁一次5-10ml，一岁以内酌减；一日3-4次。 || 开水冲服。一岁一次1/2袋，二至五岁一次1袋，六至十岁一次1-2袋，一日3次。,4
小儿十维颗粒桔子口味,小儿十维颗粒桔子口味|本品为复方制剂。辅料为：碳酸氢钠、甘露醇、蔗糖、阿司巴坦、橘子香精。,,,3～12岁生长期儿童一日1袋，用水溶后服用。,3
小儿双磺甲氧苄啶,小儿双磺甲氧苄啶|小儿双磺甲氧苄啶颗粒|磺胺甲噁唑，磺胺嘧啶，甲氧苄啶,磺胺甲噁唑，磺胺嘧啶，甲氧苄啶,国药准字H13024177,口服。6-12个月，一次0.5袋；1-2岁，一日0.5-1袋；3-5岁，一日1-1.5袋；6-8岁，一次1.5-2岁；9-13岁，一次2-3袋，一日2次或遵医嘱。,3
小儿咳喘灵,小儿咳喘灵|小儿咳喘灵颗粒|麻黄、金银花、苦杏仁、板兰根、石膏、甘草、瓜蒌。辅料为蔗糖、糊精,,,开水冲服，2岁以内一次1克，3至4岁一次1.5克，5至7岁一次2克，一日3～4次,2
小儿善存片,小儿善存片|小儿善存片咀嚼片|本品为复方制剂，每片含：维生素A5000国际单位；维生素C50毫克；维生素D400国际单位；叶酸100微克维生素B11.5毫克；烟酰胺20毫克维生素B21.7毫克；泛酸10毫克维生素B62毫克；钙162毫克维生素B124微克；磷125毫克。辅料为:微晶纤维素、红色色靛、硬脂酸镁、泡泡糖香精、阿斯巴甜、羟丙基纤维素、二氧化硅、柠檬酸、甜粉。,,,口服，一日1片。,3
小儿复方四维亚铁,小儿复方四维亚铁|小儿复方四维亚铁散|本品为复方制剂，每包含维生素B10.6毫克，维生素B60.6毫克，维生素D2200单位，烟酸8毫克，葡萄糖酸锌34毫克，L-赖氨酸盐酸盐200毫克，富马酸亚铁30.8毫克，磷酸氢钙300毫克。辅料为：香兰素、蔗糖粉。,,国药准字H43022112,口服。用温开水搅拌后服用?也可掺入牛奶、奶糕、稀饭内调服。1. 1岁以下、一次ｏ.5包。2. 1-3岁、一次1包。3. 4-6岁、一次1.5包。4. 7-12岁、一次2包;一日1～2次。,3
小儿对乙酰氨基酚,小儿对乙酰氨基酚|小儿对乙酰氨基酚片|本品每片含主要成分对乙氨基酚0.1克。辅料为淀粉、硬脂酸镁。,,,口服。12岁以下儿童用量见下表:年龄1～3岁，体重10～15公斤，一次用量1～1.5片；年龄4～6岁，体重16～21公斤，一次用量1.5～2片；年龄7～9岁，体重22～27公斤，一次用量2～3片；年龄10～12岁，体重28～32公斤，一次用量3～3.5片。一日次数:若持续发热或疼痛，可间隔4～6小时重复用药一次，24小时内不超过4次。,3
小儿布洛芬栓,小儿布洛芬栓|布洛芬,布洛芬,国药准字H20113516,直肠给药：1-3岁小儿，一次一粒（塞肛门内），症状不缓解，间隔4～6小时重复一次，24小时不超过4粒。3岁以上小儿推荐使用每粒100毫克的栓剂。,3
小儿止咳,小儿止咳|小儿止咳糖浆|甘草流浸膏、桔梗、橙皮酊、氯化铵。辅料为蔗糖、苯甲酸钠。,,,口服，2～5岁一次5毫升，2岁以下酌情递减，5岁以上一次5～10毫升，一日3～4...,2
小儿氨咖黄敏,小儿氨咖黄敏|小儿氨咖黄敏颗粒|本品为复方制剂，每袋含对乙酰氨基酚120毫克、咖啡因7.5毫克、马来酸氯苯那敏0.5毫克、人工牛黄5毫克。,,,口服。1-5岁；一次0.5包；6-9岁；一次1包；10-14岁；一次1.5包。一...,3
小儿氨酚烷胺,小儿氨酚烷胺|小儿氨酚烷胺颗粒|本品为复方制剂，每袋含对乙酰氨基酚0.1克、盐酸金刚烷胺0.04克、人工牛黄4毫克、咖啡因6毫克、马来酸氯苯那敏0.8毫克。辅料为：糖粉。,,,口服。1-2岁儿童，一次半袋；2-5岁：一次1袋；5-12岁：一次1-2袋。一日...,3
小儿氨酚那敏,小儿氨酚那敏|小儿氨酚那敏片|本品为复方制剂，每片含对乙酰氨基酚120毫克，马来酸氯苯那敏0.5毫克,本品为复方制剂，每片含对乙酰氨基酚120毫克，马来酸氯苯那敏0.5毫克,,12岁以下儿童用量见下表：年龄（岁）体重（公斤）一次用量（片）一日次数1～310...,3
小儿氨酚黄那敏,小儿氨酚黄那敏|小儿氨酚黄那敏片|小儿氨酚黄那敏颗粒|本品为复方制剂，每片含对乙酰氨基酚125毫克，马来酸氯苯那敏0.5毫克，人工牛黄5毫克。辅料为:预胶化淀粉、微晶纤维索、蔗糖、玉米淀粉、硬脂酸镁。|本品为复方制剂，每袋含对乙酰氨基酚125毫克，马来酸氯苯那敏0.5毫克，人工牛黄5毫克。辅料为：糊精、枸橼酸、香精、蔗糖。,,,口服，儿童用量如下：1～3岁，体重10～15公斤，一次0.5～1袋；4～6岁，体重16～20公斤，一次1～1.5袋；7～9岁，体重22～26公斤，一次1.5～2袋；10～12岁，体重28～32公斤，一次2～2.5袋；一日3次。 || 温开水冲服，一日3次。12岁以下儿童用量如下,5
小儿盐酸异丙嗪,小儿盐酸异丙嗪|小儿盐酸异丙嗪片|盐酸异丙嗪,盐酸异丙嗪,国药准字H37023674,"口服 按体重一次0.5-1mg/kg,一日3-4次。或按体表面积一次15mg/m2,一日3-4次。",3
小儿碳酸钙D3,小儿碳酸钙D3|小儿碳酸钙D3颗粒|本品为复方制剂，每袋含碳酸钙0.75克相当于钙300毫克，维生素D3100国际单位。辅料为：麦芽糖糊精、葡萄糖、柠檬酸钠。,,,口服。儿童，一次1袋，一日1次，适量温开水冲服。或遵医嘱。,3
小剂量孕酮制剂,小剂量孕酮制剂,,,,1
小柴胡,小柴胡,,,,1
尪痹,"地黄,熟地黄,续断附子,独活,骨碎补,桂枝淫羊藿,防风,威灵仙,皂刺羊骨,白芍,狗脊,知母伸筋草,红花。|尪痹|尪痹片|尪痹胶囊|尪痹颗粒|熟地黄、续断、附子制、淫羊藿、威灵仙、皂角刺、羊骨、知母、伸筋草、红花、独活、白芍等17味。|生地、淫羊藿、独活、皂角刺、红花等。",生地、淫羊藿、独活、皂角刺、红花等。,国药准字Z20044060|国药准字Z20044066|国药准字Z20080096,口服，一次5粒，一日3次，温开水送服。 || 口服，一次6克，一日3次，开水冲服，或漱服，三星期为一疗程。临床用药表明，服用三个疗程以上者（约二个月）疗效为佳。 || 口服，一次7～8片，一日3次。,9
尼卡地平,尼卡地平,,,,2
尼古丁替代疗法,尼古丁替代疗法,,,,3
尼可地尔,尼可地尔|尼可地尔片|本品主要成分为尼可地尔。,本品主要成分为尼可地尔。,,通常，成人1次5mg，1日3次。根据症状轻重可适当增减。,2
尼扎替丁,尼扎替丁|尼扎替丁。|尼扎替丁胶囊,尼扎替丁。,BX980228,1.活动性十二指肠溃疡：成人一日一次，一次二粒（300mg），睡前口服；或者，一日二次，一次一粒（150mg），疗程可用至8周。|2.十二指肠溃疡愈合后的维持治疗：成人一日一次，一次一粒（150mg），睡前口服，连续治疗一年以上的结果尚不明确。|3.胃食管反流性疾病（GERD）：成人一日二次，一次一粒（150mg），以治疗糜烂性食道炎、溃疡性食道炎和因GERD出现的烧心症状，疗程可用至12周。|4,4
尼洛替尼,尼洛替尼|尼洛替尼胶囊|本品主要成分:尼洛替尼。,尼洛替尼|本品主要成分:尼洛替尼。,H20120460|国药准字H20120461,本品的初始治疗应该在对CML患者有治疗经验的医师指导下进行。对伊马替尼耐药的定义是 ：伊马替尼治疗3个月未能达到完全血液学缓解、治疗6个月未能达到细胞遗传学缓解或治疗12个月未能达到主要细胞遗传学缓解，失去已经获得的完全血液学缓解或细胞遗传学缓解、疾病进展或出现耐药的Bcr-Abl激酶突变。对伊马替尼不耐受的定义是 ：尽管采用了最佳支持治疗，在任何剂量和/或治疗期间，患者仍由于3或4级不良事件的持 || 本品的初始治疗应该在对CML患者有治疗经验的医师指导下进行。对伊马替尼耐药的定义是：伊马替尼治疗3个月未能达到完全血液学缓解、治疗6个月未能达到细胞遗传学缓解或治疗12个月未能达到主要细胞遗传学缓解，失去已经获得的完全血液学缓解或细胞遗传学缓解、疾病进展或出现耐药的Bcr-Abl激酶突变。对伊马替尼不耐受的定义是：尽管采用了最佳支持治疗，在任何剂量和/或治疗期间，患者仍由于3或4级不良事件的持续存,7
尼索地平,"尼索地平|尼索地平。化学名称:1,4-二氢-2,6-二甲基-4-2-硝基苯-3,5-吡啶二羧酸异丁甲酯。|尼索地平胶囊",,国药准字H20010056,口服，成人每次5~10mg，每日1次。,3
尼美舒利,尼美舒利|尼美舒利分散片|尼美舒利片|尼美舒利缓释片|尼美舒利胶囊|尼美舒利颗粒|本品主要成份为尼美舒利。|本品活性成分为尼美舒利。,尼美舒利|本品活性成分为尼美舒利。,国药准字X20010418,口服，一次0.05～0.1g，每日二次，餐后服用。最大单次剂量不超过100mg，疗程不能超过15天。建议使用最小的有效剂量、最短的疗程，以减少药品不良反应的发生。 || 口服，一次50～100mg，每日二次，餐后服用。最大单次剂量不超过100mg，疗程不能超过15天。建议使用最小的有效剂量、最短的疗程，以减少药品不良反应的发生。 || 口服，成人，一次0.05～0.1g（半～1片），每日二次，餐后服用，按病情的轻重...,14
尼群地平,尼群地平|尼群地平片|本品主要成份为尼群地平。,,,口服。成人常用量：开始一次10mg(1片)，每日1次，以后可根据情况调整为20mg(2片)，每日2次。,4
尼群洛尔,尼群洛尔|尼群洛尔片|本品为复方制剂，其组份为：每片含尼群地平5mg，阿替洛尔10mg。,本品为复方制剂，其组份为：每片含尼群地平5mg，阿替洛尔10mg。,,空腹服，每日1～2次，每次2片，或遵医嘱。,2
尼莫地平,尼莫地平|尼莫地平片|尼莫地平缓释片|本品主要成份为尼莫地平。|本品主要成份为：尼莫地平。,,,口服：一次60～120mg(相当于1～2片)，一日2次。 || 按下述方法服用，或遵医嘱。1.缺血性脑血管病：口服，每日80～120mg(4-6片)，分3次服用，连服一个月。2.偏头痛：口服，一次40mg(2片)，一日3次，12周为一疗程，有效率达88%，约有一半病例可基本痊愈或显效，对血管性、紧张性和丛集性以及混合型头痛等均能减轻疼痛程度，减少发作频率和持续时间，并能防止先兆症状的出现。3.蛛网膜下腔出血所引起的脑血管痉挛：口服，一次40～60mg(2-3片,13
尼达尼布,尼达尼布|本品的主要成分为乙磺酸尼达尼布。,本品的主要成分为乙磺酸尼达尼布。,,本品不同剂型、不同规格的用法用量可能存在差异，请阅读具体药物说明书使用，或遵医嘱。乙磺酸尼达尼布软胶囊：应该由具有诊断和治疗IPF经验的医师启动本品的治疗。1、本品推荐剂量为每次150mg，每日两次，给药间隔大约为12小时。2、根据患者耐受程度可降低剂量至100mg，每日两次，治疗开始前及给药过程中需定期检查肝功能，一旦出现肝功能异常，应降低剂量或停药（参见[注意事项]、[不良反应]）。3、本品应,3
尼麦角林,尼麦角林|尼麦角林。|尼麦角林片|尼麦角林胶囊,尼麦角林|尼麦角林。,XC20010009,1.动脉疾病：每天一粒（30mg），早晨服用。 || 口服，勿咀嚼。每日20~60mg，分2~3次服用。连续给药足够的时间，至少六个月；由医生决定是否继续给药。,7
尿嘧啶替加氟,尿嘧啶替加氟|尿嘧啶替加氟片|本品为复方制剂，其组分为每片含替加氟50mg，含尿嘧啶0.112g。,本品为复方制剂，其组分为每片含替加氟50mg，含尿嘧啶0.112g。,,口服，一日3次，每次2～4片或遵医嘱。,3
尿囊素铝,尿囊素铝|尿囊素铝片|本品主要成份：尿囊素铝。,,,饭前口服。成人每次0.2g（2片），每日3次，或遵医嘱。,3
尿激酶,尿激酶,,,,14
尿碱化剂,尿碱化剂,,,,12
尿碱化药,尿碱化药,,,,10
尿素,尿素,,,,1
局部,局部|局部喷雾剂,,,,1
屈昔多巴,屈昔多巴|屈昔多巴胶囊|本品主要成份为屈昔多巴。,,,改善由帕金森引起的步态僵直盒直立性头晕：通常成人起始剂量为100毫克，(1粒胶囊)，一日1次，口服；根据病情调整至适宜的维持剂量(详见说明书)。,3
屈螺酮炔雌醇,屈螺酮炔雌醇|屈螺酮炔雌醇片|本品为复方制剂，其组份为：每片含屈螺酮3mg和炔雌醇0.03mg。,本品为复方制剂，其组份为：每片含屈螺酮3mg和炔雌醇0.03mg。,,给药途径　　口服　　给药方法　　如何服用本品　　如果服用正确，复方口服避孕药每年的避孕失败率约为1%。如果出现漏服药物或者服用方法不正确，避孕失败率会上升。　　必须按照包装所标明的顺序，每天约在同一时间用少量液体送服。每日1片，连服21天。停药7天后开始服用下一盒药，其间通常会出现撤退性出血。一般在该周期最后一片药服完后2-3天开始出血，而且在开始下一盒药时出血可能还未结束。　　如何开始服用本品　,3
屋尘螨变应原制剂,屋尘螨变应原制剂|本品主要成分：混悬液系螨变应原提取物。,本品主要成分：混悬液系螨变应原提取物。,S20090048,1.使用方法。屋尘螨变应原制剂的脱敏治疗是一种基于注射的治疗，本品注射必须在医生指导下或由医生进行。本品治疗分两个阶段进行，即起始治疗阶段和维持治疗阶段。本品用于皮下注射，可以在上臂远端三分之一的外侧和前臂中三分之一的背侧进行。用两指按住皮肤，针头与手臂平行，与皮肤表面成30°～60°角，进针约1厘米。建议左右胳膊轮流注射。使用以前，轻轻颠倒瓶子10到20次以混合安脱达(屋尘螨)产品。为避免静脉内,3
山楂,1、本品含黄酮类、三萜皂苷类熊果酸、齐墩果酸、山楂酸等，皂苷鞣质、游离酸、脂肪酸、维生素C、无机盐、红色素等。2、2015年版《中国药典》规定：含有机酸以枸橼酸C6H8O7计，山楂不得少于5.0%，炒山楂、焦山楂不得少于4.0%。|山楂,,,1、煎服，10-15g，大剂量30g。2、生山楂、炒山楂多用于消食散瘀，焦山楂、山楂炭多用于止泻痢。,2
山药,山药|本品含薯蓣皂苷元、多巴胺、盐酸山药碱、多酚氧化酶、黏液质、胆碱、淀粉、糖蛋白、游离氨基酸、止杈素、维生素C、淀粉酶等。,,,1、煎服，10-30g，大剂量可用60-120g。研末吞服，每次6-10g。外用鲜品适量捣敷。2、健脾止泻宜炒用；补阴宜生用。,2
川贝末,川贝末|川贝末片|川贝母。辅料为蔗糖、硬脂酸镁。,,国药准字Z20090809,口服。一次2～4片，一日3次。,3
川贝枇杷,川贝枇杷|川贝枇杷片|川贝枇杷胶囊|川贝母65g桔梗65g枇杷叶430g薄荷脑0.5g杏仁香精5ml制成1000片|川贝母、桔梗、枇杷叶、薄荷脑等组成。,川贝母65g桔梗65g枇杷叶430g薄荷脑0.5g杏仁香精5ml制成1000片|川贝母、桔梗、枇杷叶、薄荷脑等组成。,国药准字Z20026320|国药准字Z20080058,口服，一次3片，一日3次。 || 口服，一次3粒，一日3次。,6
川贝枇杷膏,川贝枇杷膏|川贝母流浸膏、桔梗、枇杷叶、薄荷脑。辅料为麦芽糖、苯甲酷钠、杏仁香精。,,国药准字Z20080348,口服。一次10毫升，一日3次。,3
川贝清肺,川贝母、枇杷叶、苦杏仁、麦冬、地黄、桔梗、薄荷、甘草。辅料为蔗糖，防腐剂苯甲酸钠。|川贝清肺|川贝清肺糖浆,,,口服：每次15～30毫升，每日3次；7岁以上儿童用量减半，3～7岁服1/3量。,3
左乙拉西坦,左乙拉西坦|左乙拉西坦。|左乙拉西坦片,左乙拉西坦。,,口服。需以适量的水吞服，服用不受进食影响。,4
左乙拉西坦口服溶液,左乙拉西坦口服溶液|本品主要成份为左乙拉西坦，其化学名称S-a-乙基2-氧代-1-吡咯烷乙酰胺。辅料为麦芽糖醇液、丙二醇、甘油、枸橼酸、枸橼酸钠、羟苯甲酯、羟苯丙酯、安赛蜜、葡萄味液体香精和纯化水。,,,"可以兑水稀释服用，并且服用不受进食影响，配有带刻度的口服取药器，每日服用剂量分2次等量服用。成人(>18岁)和青少年(12岁~17岁)体重50kg或以上：起始治疗剂量为每次500mg,每日2次。此剂量可以在治疗的第一天开始服用。根据临床效果及耐受性，剂量可增加至每次1500mg,每日2次。应每2~4周做一次剂量的调整，调整幅度500mg/次(即调整幅度1000mg/日)。老年人(>65岁)：根据肾",2
左卡尼汀,左卡尼汀|左卡尼汀口服液|本品为左卡尼汀水溶液。,本品为左卡尼汀水溶液。,国药准字H19990372,口服，用餐时服用。成人每日1-3g，分1-3次服用；儿童起始剂量每公斤体重50mg，根据需要和耐受性缓慢加大剂量，通常剂量为每公斤体重50-100mg（最大剂量一天不超过3g）。,3
左卡尼汀口服溶液,左卡尼汀口服溶液|本品为左卡尼汀水溶液。,本品为左卡尼汀水溶液。,国药准字H19990372,口服，用餐时服用。成人每日1-3g，分1-3次服用；儿童起始剂量每公斤体重50mg，根据需要和耐受性缓慢加大剂量，通常剂量为每公斤体重50-100mg（最大剂量一天不超过3g）。,3
左旋多巴,左旋多巴|左旋多巴片,左旋多巴,,口服开始一次250mg。一日2-4次，饭后服用。以后视患者耐受情况，每隔3-7日...,38
左旋多巴胺,左旋多巴胺,,,,1
左旋氨氯地平,左旋氨氯地平|本品主要成份为左旋氨氯地平。,,,本品不同剂型、不同规格的用法用量可能存在差异，请阅读具体药物说明书使用，或遵医嘱。苯磺酸左旋氨氯地平片：1、治疗高血压和心绞痛的初始剂量为2.5mg，一日1次；根据患者的临床反应，可将剂量增加，最大可增至5mg，一日1次。2、本品与噻嗪类利尿剂、β-受体阻滞剂和血管紧张素转换酶抑制剂合用时不需调整剂量。马来酸左旋氨氯地平片、马来酸左旋氨氯地平分散片：1、治疗高血压的初始剂量为2.5mg，每日一次；,3
左氧氟沙星,左氧氟沙星|左氧氟沙星片|左氧氟沙星胶囊|本品主要成份为左氧氟沙星。|本品主要成份为左氧氟沙星。化学名称：―-S―3―甲基-9―氟―2，3―二氢―3―甲基―10―4―甲基―1―哌嗪基―7―氧代―7H―吡啶并1，2，3―de―1，4―苯并噁嗪―6―羧酸半水合物。分子式：C18H20FN3O4·1/2H2O分子量：370.38|本品主要成份为盐酸左氧氟沙星。,,,口服。1、支气管感染、肺部感染：一次0.2g，一日2次，或一次0.1g，一日3次，疗程7-14日。2、急性单纯性下尿路感染：一次0.1g，一日2次，疗程5-7日。3、复杂性尿路感染：一次0.2g，一日2次，或一次0.1g，一日3次，疗程为10-14日。4、细菌性前列腺炎：一次0.2g，一日2次，疗程为6周。5、成人常用量为一日0.3-0.4g，分2-3次服用，如感染较重或感染病原体敏感性较差者，如 || 口服，成人一次0.1g（1片），一日2～3次。病情较重者，最大剂量可增至一日0.... || 本品不同剂型、不同规格的用法用量可能存在差异，请阅读具体药物说明书使用，或遵医嘱。左氧氟沙星片：1、口服，成人一次0.1g，一日2-3次。2、病情较重者，最大剂量可增至一日0.6g，分3次口服。另外，可根据感染的种类及症状适当增减。左氧氟沙星滴眼液：一般1次1滴、1日3次滴眼，根据症状可适当增减。对角膜炎的治疗在急性期每15-30分钟滴眼1次，对严重的病例在开始30分钟内每5分钟滴眼1次，病情控制,10
左炔诺孕酮炔雌醇三相,左炔诺孕酮炔雌醇三相|左炔诺孕酮炔雌醇三相片|本品为复方制剂，黄色片：每片含左炔诺孕酮0.050毫克，炔雌醇0.03毫克；白色片：每片含左炔诺孕酮0.075毫克，炔雌醇0.04毫克；棕色偏：每片含左炔诺孕酮0.125毫克，炔雌醇0.03毫克.辅料为：乳糖、玉米淀粉、聚维酮K80、硬脂酸镁、滑石粉。,,,口服，首次服药从月经的第3日开始，每晚1片，连续21日，先服黄色片6日，继服白色片5日，最后服棕色片10日。以后各服药周期均于停药第8日按上述顺序重复服用。不得漏服。若停药7天，连续两月闭经者，应咨询医师。,3
左炔诺孕酮炔雌醚,左炔诺孕酮炔雌醚|左炔诺孕酮炔雌醚片|本品为复方制剂，其组份为每片含左炔诺孕酮6mg，炔雌醚3mg。,本品为复方制剂，其组份为每片含左炔诺孕酮6mg，炔雌醚3mg。,,1.月经的当天算起，第5天午饭后服药一次，间隔20天服第二次，或月经第5天及第10天各服1片，以后均以第二次服药日期，每月服1片，一般在服药后6～12天有撤退性出血。2.原服用短效口服避孕药改服长效避孕药时，可在服完22片后的第二天接服长效避孕药1片，以后每月按开始服长效避孕药的同一日期服药1片。,3
左甲状腺素,左甲状腺素,,,,1
左甲状腺素钠,左甲状腺素钠|左甲状腺素钠。|左甲状腺素钠片,左甲状腺素钠。,,口服 成人：一般最初每日用25～50μg，最大量不超过100μg，可每隔2～4周...,3
左羟丙哌嗪,左羟丙哌嗪|左羟丙哌嗪片|本品活性成/份为左羟丙哌嗪。,本品活性成/份为左羟丙哌嗪。,,"口服。成人:每次1片(60mg),每日3次。",3
巨可生赖氨葡锌颗粒无糖,巨可生赖氨葡锌颗粒无糖|本品为复方制剂，每包含盐酸赖氨酸125毫克，葡萄糖酸锌35毫克相当于锌5毫克。辅料为枸橼酸、糊精、甜菊糖甙。,,,口服。1-6个月新生儿一日0.5包；7-12个月儿童一日1包；1-10岁儿童一日2包；10岁以上儿童及成人，一日3包；孕妇一日4包；哺乳期妇女一日5包。,3
巯嘌呤,巯嘌呤|巯嘌呤片|巯基嘌呤。,巯基嘌呤。,,1、绒毛膜上皮癌：成人常用量，每日6mg～6.5mg/kg，分两次口服，以10日...,6
巯基嘌呤,巯基嘌呤,,,,1
己酮可可碱,己酮可可碱|己酮可可碱缓释片|本品主要成分为己酮可可碱。,本品主要成分为己酮可可碱。,,饭后口服，一次0.4g(1片)，一日1～2次。,2
己酮可可碱葡萄糖,己酮可可碱葡萄糖|己酮可可碱葡萄糖注射液|本品主要成分为己酮可可碱，辅料为葡萄糖。化学名称:3，7-二氢-3，7-二甲基-1-5-氧代己基-1H-嘌呤-2，6-二酮分子式:C13H18N403分子量:278.31。,,国药准字H20010386,静脉滴注:用时患者应平卧位。 1.初次剂量为已酮可可碱100mg，于2-3小时内输入，最大滴速不可超过100mg/h。 2.根据患者耐受性可每次增加50mg，但每次用药量不可超过200mg，每日1-2次。最大剂量不应超过400mg/24h。,3
巴曲酶,去纤酶|巴曲酶,,,,1
巴比妥,巴比妥|巴比妥盐酸盐,,,,11
巴比妥盐,巴比妥盐,,,,1
巴比妥盐酸盐,巴比妥盐酸盐,,,,4
巴比妥类,巴比妥类,,,,16
巴比妥类药,巴比妥类药,,,,2
巴比妥类药物,巴比妥类药物,,,,7
巴比妥类药钠盐,巴比妥类药钠盐,,,,1
巴比妥酸盐,巴比妥酸盐,,,,2
巴比妥钠,巴比妥钠,,,,1
巴氯芬,巴氯芬|巴氯芬片|本品主要成份为巴氯芬。,,,口服成人：推荐初始剂量为5mg，每日三次，应逐渐增加剂量，每隔3天增服5mg，直...,5
巴洛沙星,巴洛沙星|巴洛沙星片|本品主要成份为巴洛沙星。,,国药准字H20100143,口服。成人一次0.1g(一片)，一日2次。,3
巴龙霉素,巴龙霉素,,,,1
布地奈德,布地奈德|布地奈德Budesonide,布地奈德Budesonide,国药准字H20010551,布地奈德气雾剂的剂量应个体化。在严重哮喘和停用或减量使用口服糖皮质激素的患者，开始使用布地奈德气雾剂的剂量是：成人：一日200～1600mg，分成2～4次使用（较轻微的病例一日200～800mg，较严重的则是一日800～1600mg）。一般一次200mg，早晚各一次，一日共400mg；病情严重时，一次200mg，一日4次，一日共800mg。2～7岁儿童：一日200～400mg，分成2～4次使用。7,3
布地奈德吸入气雾剂,布地奈德。|布地奈德吸入气雾剂,布地奈德。,,吸入给药。布地奈德气雾剂的剂量应个体化。成人：200～1600g/天，分成2～4次使用。2～7岁儿童：200～400g/天，分成2～4次使用。7岁以上的儿童：200～800g/天，分成2～4次使用。(详见说明书)。,3
布地奈德气雾剂,布地奈德气雾剂|本品主要成份为布地奈德，化学名称:16α，17α-22R，S-丙基亚甲基二氧-孕甾-1，4-二烯-11β，21-二羟基-3，20二酮。,,H20100403,喷雾吸入。布地奈德气雾剂的剂量应个体化。 1.在严重哮喘和停用或减量使用口服激素的患者，开始使用布地奈德气雾剂的剂量是: (1) 成人：一日200-1600μg， 分成2-4次使用，较轻微的病例一日200-800μg，较严重的则是一日800-1600μg)。一般一次200μg，早晚各一次，一日共400μg；病情严重时，一次200μg，―日4次，一日共800μg。 (2)2-7岁儿童：一日200-4,3
布地奈德福莫特罗吸入粉雾剂I,布地奈德福莫特罗吸入粉雾剂I|本品为复方制剂，其组分为：布地奈德60μg/吸和富马酸福莫特罗4.5μg/吸。,本品为复方制剂，其组分为：布地奈德60μg/吸和富马酸福莫特罗4.5μg/吸。,,本品不用于哮喘的初始治疗。本品应个体化用药，并根据病情的严重程度调节剂量，这在开始使用复方制剂时需要注意。如果某个患者所需剂量超出推荐剂量，则应增开适当剂量的－受体激动剂和/或皮质激素的单药吸入制剂。剂量应逐渐减到能有效控制病人哮喘症状的最小剂量。患者应由医师定期复查评价以确保其使用最佳的本品剂量。若使用最小推荐量后能长期控制症状，下一步则需要考虑尝试单独使用吸入皮质激素。对于本品，有两种使用方法,2
布地奈德福莫特罗吸入粉雾剂Ⅱ,布地奈德福莫特罗吸入粉雾剂Ⅱ|本品为复方制剂，其组份为：布地奈德320μg/吸和富马酸福莫特罗9μg/吸。辅料为：一水乳糖。,,,"1.哮喘：本品不用于哮喘的初始治疗。本品应个体化用药，并根据病情的严重程度调节剂量。这不仅在开始使用复方制剂时需要注意,当需要调节维持剂量时也需要注意。如果某个患者所需联合治疗的剂量超出了复方制剂的范围，则应增开适当剂量的β2-受体激动剂和/或皮质激素的单药吸入制剂。剂量应逐渐减到能有效控制病人哮喘症状的最小剂量。患者应由医师定期复查评价以确保其使用最佳的本品剂量。若使用最小推荐量后能长期控制症状",3
布地奈德福莫特罗粉吸入剂Ⅱ,布地奈德福莫特罗粉吸入剂Ⅱ|本品为复方制剂，其组分为：布地奈德160μg/吸和富马酸福莫特罗4.5μg/吸。,本品为复方制剂，其组分为：布地奈德160μg/吸和富马酸福莫特罗4.5μg/吸。,,本品不用于哮喘的初始治疗。本品应个体化用药，并根据病情的严重程度调节剂量，这在开始使用复方制剂时需要注意。如果某个患者所需剂量超出推荐剂量，则应增开适当剂量的－受体激动剂和/或皮质激素的单药吸入制剂。剂量应逐渐减到能有效控制病人哮喘症状的最小剂量。患者应由医师定期复查评价以确保其使用最佳的本品剂量。若使用最小推荐量后能长期控制症状，下一步则需要考虑尝试单独使用吸入皮质激素。对于本品，有两种使用方法,2
布地奈德粉雾剂,布地奈德粉雾剂|本品主要成分是布地奈德。化学名称：16α，17α-22R，S-丙基亚甲基二氧-孕甾-1，4-二烯-11β，21-二羟基-3，20二酮。,,国药准字H20080316,布地奈德气雾剂的剂量应个体化。在严重哮喘和停用或减量使用口服糖皮质激素的患者，开始使用布地奈德气雾剂的剂量是：|1.成人：一日200~1600μg，分成2~4次使用（较轻微的病例一日200~800μg，较严重的则是一日800~1600μg）。|2.一般一次200μg，早晚各一次，一日共400μg。|3.病情严重时，一次200μg，一日4次，一日共800μg。|4.2~7岁儿童：一日200~400μ,3
布地奈德鼻,布地奈德。|布地奈德鼻|布地奈德鼻喷雾剂,布地奈德。,,剂量应个体化。,3
布拉氏酵母菌,布拉氏酵母菌|布拉氏酵母菌散|本品主要成分为布拉氏酵母菌。|本品主要活性成分：冻干布拉氏酵母菌。辅料：果糖、乳糖、微粉硅胶、水果昧香精。,本品主要成分为布拉氏酵母菌。,,。 || 本品不同剂型、不同规格的用法用量可能存在差异，请阅读具体药物说明书使用，或遵医嘱。布拉氏酵母菌散：1、口服，本品可在任何时候服用，但为取得速效，最好不在进食时服用。2、成人：每次2袋，每天2次。3、三岁以上儿童：每次1袋，每天2次；三岁以下儿童：每次1袋，每天1次。将小袋之内容物倒入少量温水或甜味饮料中，混合均匀后服下。也可以与食物混合或者倒入婴儿奶瓶中服用。,6
布林佐胺,布林佐胺|布林佐胺。|布林佐胺滴眼液,布林佐胺。,,当作为单独或者协同治疗药物时，其使用剂量是往患眼结膜囊内滴入1滴派立明每天两次。...,3
布洛伪麻,布洛伪麻|布洛伪麻分散片|布洛伪麻片|布洛伪麻颗粒|本品为复方制剂，每包含布洛芬200毫克，盐酸伪麻黄碱30毫克。辅料为：|本品为复方制剂，每片含布洛芬200毫克、盐酸伪麻黄碱30毫克。辅料为：|本品为复方制剂，每片含布洛芬200毫克，盐酸伪麻黄碱30毫克。辅料为：,,国药准字H10960004|国药准字H10970153|国药准字H19990223,口服。成人一次1包，一日3次，或遵医嘱。 || 口服。成人一次1片，一日3次。 || 饭后口服。成人一次1片，一日3次，24小时内不得超过4次。可溶在温开水中或整片吞服。,9
布洛伪麻那敏混悬液,布洛伪麻那敏混悬液|每毫升含：布洛芬20mg，盐酸伪麻黄碱3mg，马来酸氯苯那敏0.2mg。,每毫升含：布洛芬20mg，盐酸伪麻黄碱3mg，马来酸氯苯那敏0.2mg。,国药准字H20090218,口服。12岁以下儿童用量：　　1. 2~5岁一次4毫升一日3次。　　2. 6~12岁一次8 毫升一日3次。　童服用前请咨询医师或药师。 　　本品24小时剂量不得超过4次用量。,3
布洛芬,主要成份布洛芬。|布洛芬|布洛芬0.1克。辅料为淀粉、硬脂酸镁。|布洛芬口服液|布洛芬咀嚼片|布洛芬片|布洛芬糖浆|布洛芬缓释片|布洛芬胶囊|布洛芬颗粒|本品主要成份为布洛芬。|本品主要成份布洛芬。|本品主要成分为布洛芬。|本品主要成分布洛芬。|本品每包含布洛芬0.2克。辅料为糊精、蔗糖。|本品每片含主要成份布洛芬0.3g。辅料为羟丙纤维素﹑羟丙甲纤维素﹑硬脂酸镁。|迪尔诺,布洛芬|本品主要成分为布洛芬。|本品主要成分布洛芬。,国药准字H10950111|国药准字H20013193|国药准字H20052720|国药准字H20058498|国药准字H34020900|国药准字H36022297,1.成人常用量：口服。 (1)抗风湿，一次0.4g～0.6g，一日3～4次类风湿关节炎比骨关节炎用量要大些。 (2)轻或中等疼痛及痛经的止痛，一次0.2g～0.4g，每4～6小时一次。成人用量最大限量一般为每天2.4g。 2.小儿常用量：口服。每次按体重5mg/kg～10mg/kg，一日3次。 || 1.溶解于开水或温 水后口服。 1.12岁以上儿童及成人一次2片，若持续疼痛或发热，可间隔4～6小时重复用药1次，24小时不超过4次。 2.儿童用量如下: (1)1-3岁：10-1.公斤，一次1/2片。 (2)4-6岁：16-21公斤，一次1片。 (3)7-9岁：22-27公斤，一次1.5片。 (4)10-12岁：28-32公斤，一次2片。 || 1、成人常用量口服。（1）抗风湿，一次0.4g～0.6g，一日3～4次类风湿关节...,33
布洛芬口服混悬液,布洛芬。|布洛芬口服混悬液|本品每毫升含主要成份布洛芬20毫克，辅料为甘油、聚山梨酯80、乙二胺四乙酸二钠、枸橼酸、桔子香精、蔗糖、甘露醇、羟丙甲纤维素、纯化水、防腐剂苯甲酸钠、色素胭脂红。,布洛芬。,国药准字H10980250|国药准字H20030648,"口服：
1、成人及12岁以上儿童：推荐剂量为一次0.3～0.4g，一日3～4次，或遵医嘱。
2、1～12岁儿童患者：(1)用于发热，推荐剂量为按体重一次20mg/kg，一日3次服用或遵医嘱。(2)用于镇痛，推荐剂量为按体重一次30mg/kg，一日3次服用或遵医嘱。",6
布洛芬口服溶液,布洛芬|布洛芬口服溶液,布洛芬,国药准字H20055492,1.口服。1-3岁，7ml； 4-6岁，10ml； 7-9岁，15ml； 10-12岁，22ml。 2.若持续疼痛或发热，可间隔4-6小时重复用药一次。24小时不超过4次。,3
布洛芬口腔崩解,布洛芬口腔崩解|布洛芬口腔崩解片|本品主要成分为布洛芬，其化学名称为2-4-异丁基苯基丙酸。,本品主要成分为布洛芬，其化学名称为2-4-异丁基苯基丙酸。,国药准字H20060584,"将药物含于口腔可迅速崩解，不需或只需少量水,也无需咀嚼,崩解后,借吞咽动作入消化道起效。成人一次1片，若疼痛或发热症状持续不缓解，可间隔4-6小时重复用药一次，24小时内不超过4片。",3
布洛芬干混悬剂,主要成份：布洛芬。|布洛芬干混悬剂,,国药准字H10970359,溶解于开水或温水后口服。12岁以上儿童及成人一次2片，若持续疼痛或发热，可间隔4～6小时重复用药1次，24小时不超过4次。儿童用量如下：1. 1-3岁：10-15公斤，一次1/2片。2. 4-6岁：16-21公斤，一次1片。3. 7-9岁：22-27公斤，一次1.5片。4. 10-12岁：28-32公斤，一次2片。若持续疼痛或发热，可间隔4～6小时重复用药1次，24小时不超过4次。,3
布洛芬混悬液,布洛芬混悬液|本品每毫升含主要成份布洛芬20毫克，辅料为甘油、聚山梨酯80、乙二胺四乙酸二钠、柠檬酸、桔子香精、甜蜜素、甘露醇、羧甲基纤维素钠、纯化水、防腐剂苯甲酸钠、色素胭脂红。,,12345,口服。成人一次15-20毫升，一日3-4次。,3
布洛芬缓释,布洛芬缓释|布洛芬缓释胶囊|本品主要成分为布洛芬。,本品主要成分为布洛芬。,,口服，成人，一次1粒，一日2次（早晚各一次）。,3
布洛芬缓释混悬液,布洛芬。|布洛芬缓释混悬液,布洛芬。,国药准字H20000531,"口服:|1. 成人及12岁以上儿童:推荐剂量为一次0. 3～0. 6g(10～20ml),一日2次,或遵医嘱。|2. 1岁～12岁儿童患者:|(1) 用于发热,推荐剂量为每日按体重20mg/kg(0. 66ml),分2次服用,或遵医嘱。|(2) 用于镇痛,推荐剂量为每日按体重30mg/kg(1ml),分2次服用,或遵医嘱。",3
布洛芬软,布洛芬软|布洛芬软胶囊|每粒含有布洛芬0.2克，辅料为聚乙二醇400、氢氧化钾、明胶、甘油、水。,,国药准字H20052611,口服。成人，一次1粒，一日3次。,3
布美他尼,布美他尼|布美他尼注射液|布美他尼片|本品主要成份为布美他尼。化学名称：3-丁氨基-4-苯氧基-5-磺酰基苯甲酸。分子量：C17H20N205S分子式：364.42|本品主要成分:布美他尼。,本品主要成分:布美他尼。,国药准字H45020076,"1.成人.治疗水肿性疾病或高血压,静脉或肌肉注射起始0.5～1mg,必要时每隔2～2小时重复,最大剂量为每日10mg.治疗急性肺水肿,静脉注射起始1～2mg,必要时隔20分钟重复,也可2～5mg稀释后缓慢滴注(不短于30～60分钟).|2.小儿.肌肉或静脉注射一次按体重0.01～0.02mg/kg,必要时4～6小时1次. || 1.成人治疗水肿性疾病或高血压，口服起始每日0.5~2mg，必要时每隔4～5小时重复，最大剂量每日可达10～20mg。也可间隔用药，即隔1～2日用药1日。2.小儿口服一次按体重0.01～0.02mg/kg，必要时4～6小时1次。",18
帕利哌酮,主要成份帕利哌酮。|帕利哌酮|帕利哌酮缓释片,,H20140278,1.推荐剂量。本品推荐剂量为6mg，1日1次，早上服用。起始剂量不需要进行滴定。虽然没有系统性地确立6mg以上剂量是否具有其他益处，但一般的趋势是，较高剂量具有较大的疗效，但必须权衡，因为不良反应随剂量增加也会相应增多。因此，某些患者可能从最高12mg/天的较高剂量中获益，而某些患者服用3mg/天的较低剂量已经足够。仅在经过临床评价后方可将剂量增加到6mg/天以上，而且间隔时间通常应大于5天。当提,3
帕吉林,帕吉林,,,,1
帕罗西汀,帕罗西汀,,,,12
常规人胰岛素,常规人胰岛素|常规人胰岛素注射液|本品主要组成成分为：重组人胰岛素。,本品主要组成成分为：重组人胰岛素。,注册证号X19990391,1.本品为白色悬浮液，于早晚餐前1小时左右皮下注射，具体时间由医生根据病情决定。 2.使用胰岛素的方法：使用过程中注意切勿使针头号接触任何物品，以防污染。如需与重组人胰岛素注射液混合使用时，应在医生指导下进行。 (1)在抽取重组人胰岛素之前，应将药瓶放置于双手掌心轻轻滚转，直至该胰岛素呈均匀混悬液，用注射器抽取所需低精蛋白重组人胰岛素等量空气，并将该空气注入重组人胰岛素瓶内，然后将针头拔出。 (2,3
常规重组人胰岛素,常规重组人胰岛素|常规重组人胰岛素注射液|本品主要组成成分为：重组人胰岛素。,本品主要组成成分为：重组人胰岛素。,X20000482,1.本品为白色悬浮液，于早晚餐前1小时左右皮下注射，具体时间由医生根据病情决定。 2.使用胰岛素的方法：使用过程中注意切勿使针头号接触任何物品，以防污染。如需与重组人胰岛素注射液混合使用时，应在医生指导下进行。在抽取重组人胰岛素之前，应将药瓶放置于双手掌心轻轻滚转，直至该胰岛素呈均匀混悬液，用注射器抽取所需低精蛋白重组人胰岛素等量空气，并将该空气注入重组人胰岛素瓶内，然后将针头拔出。再用注射器抽取,3
干扰素,干扰素|本品主要成分为干扰素。,本品主要成分为干扰素。,,1、皮下注射：（1）用于多发性骨髓瘤，初始剂量200万U/m2，每周3次（或隔日1次）根据耐受性可逐渐提高至最大耐受量500万-1000万U/m2，每周3次。（2）用于毛细胞白血病，初始剂量200万U/m2，每周3次（或隔日1次）.剂量可根据耐受性调节；治疗1个月内可出现1个或几个血液学指标的正常化，粒细胞、血小板计数及血红蛋白3个指标的改善可能需要6个月以上，对脾未切除的患者与已切除患者同样有效,8
干酵母,"干酵母|干酵母片|本品为2,6-二甲基-4-2-硝基苯基-1,4-二氢-3,5-吡啶二羧酸异丁甲酯。",,国药准字H20040610,口服。成人一次3-6片，儿童一次1-3片，一日3次。饭后嚼碎服。,3
庆大霉素,庆大霉素|本品主要成分为硫酸庆大霉素。,本品主要成分为硫酸庆大霉素。,,硫酸庆大霉素胶囊：口服。成人一次80-160mg（8万-16万单位），一日3-4次；小儿一日5-10mg（5000单位-10000单位）/kg，分3-4次服用。硫酸庆大霉素片：口服。成人一日240-640mg，分4次服用；儿童按体重一日5-10mg/kg，分4次服用。硫酸庆大霉素缓释片：口服。一次80mg，一日2次。轻型急性肠炎的疗程为3-5天；胃及十二指肠幽门螺杆菌感染，3-4周为一疗程。餐后1,16
库存血,库存血,,,,5
度他雄胺软,度他雄胺软|度他雄胺软胶囊|本品主要成份为度他雄胺。,,H20110205,成年人(包括老年人)：推荐剂量为每次一粒(0.5mg)，每日一次，口服。胶囊应整粒吞服，不可咀嚼或打开，因为内容物对口咽粘膜有刺激作用。胶囊可与食物一起服用也可不与食物一起服用。尽管在治疗早期可观察到症状改善，但达到治疗效果需要6个月。老年人毋需调整剂量。肾损害：未研究肾功能损害对度他雄胺药代动力学的影响。肾功能损害患者预计毋需调整剂量（参见[药代动力学]）。肝损害：未研究肝功能损害对度他雄胺药代,3
度冷丁,度冷丁,,,,3
延好牌复方倍氯米松樟脑乳膏曾用名：无极膏,延好牌复方倍氯米松樟脑乳膏曾用名：无极膏|本品为复方制剂，其组份为:每10克含薄荷脑0.35克、合成脑0.56克、水杨酸甲0.3克、冰片0.05克、麝香草酚0.025克、丙酸倍氣米松0.001克。辅料为:硬脂酸、单硬脂酸甘油酯、白凡士林、甘油、砂、三乙醇胺一甲形飙。,,,外用，涂于患处及周围，一日2-3次。,3
延长Q-Tc间期的药物,延长Q-Tc间期的药物,,,,1
延长QT间期的药物,延长QT间期的药物,,,,1
异丙嗪,异丙嗪,,,,1
异丙托溴铵吸入气雾剂,异丙托溴铵一水合物。|异丙托溴铵吸入气雾剂,异丙托溴铵一水合物。,,用量 除非医生特别处方，下述剂量一般推荐用于成人和6岁以上儿童：预防和长期治疗...,3
异丙托溴铵气雾剂,主要成份异丙托溴铵一水合物。|异丙托溴铵气雾剂,,国药准字J20130135,"剂量应根据个体需要加以调整。除非医生特别处方,以下为成人及学龄儿童推荐剂量: 2喷/次,每日4次。需要增加药物剂量者,一般每天的剂量不宜超过12喷。如果药物治疗不能产生明显的病情改善或患者的状况恶化,应就诊以寻求新的治疗计划。若发生急性呼吸困难或呼吸困难迅速恶化,应立即就诊。正确使用气雾剂才能获得满意疗效。首次使用气雾剂前应先将气雾液摇匀,并将气雾器活瓣揿动一至二次。 
每次使用前必须遵循以下规则",3
异丙肾上腺素,异丙肾上腺素|异丙腺上素,,,,7
异丙醇,异丙醇,,,,1
异喹胍,异喹胍,,,,1
异搏定,异搏定,,,,1
异氟烷,异氟烷,,,,1
异烟肼,异烟肼,,,,29
异福,异福|异福片|本品为复方制剂，其组分为每篇含利福平300mg，异烟肼150mg。,本品为复方制剂，其组分为每篇含利福平300mg，异烟肼150mg。,,饭前30分钟或饭后2小时服用，通常体重大于50公斤者，每次2片，每日一次，连续用药到细菌阴转，临床症状获最大程度改善为止，或遵医嘱。,2
异维A酸,异维A酸,,,,2
异维A酸凝胶,异维A酸凝胶|本品主要成份为异维A酸。,,,外用，取少量涂于患处。每日1～2次，6～8周为一个疗程。用药前应清洁患处皮肤，且等其干燥后再用药。,3
异维A酸软,异维A酸软|异维A酸软胶囊|本品主要成份为异维A酸，又称13-顺式维A酸。,,国药准字H10930210。,1、本品应在医生指导下使用；应与食物同服。2、口服治疗的剂量应因人而异，从0.1-1mg/kg/d不等，一般建议起始剂量为0.5mg/kg/d，分两次与食物刚时服用。治疗2-4周后可根据临床效果及不良反应酌情渊整剂量。6-8周为一疗程或遵医嘱。因未与食物同服可显著降低药物吸收，故在上调剂量前应详细询患者服药时与食物同服的依从性。3、尚未确定异维A酸每日一次给药的安全性，故不推荐每日一次用药。停药后,3
异美汀,异美汀,,,,1
弹性酶,弹性蛋白水解酶|弹性酶|弹性酶肠溶片,弹性蛋白水解酶,,口服，一次300～600单位，一日3次,3
强利尿酸,强利尿酸,,,,3
强力天麻杜仲,天麻、杜仲、制草乌、附子制、独活、藁本、玄参、当归、地黄、川牛膝、槲寄生、羌活。|强力天麻杜仲|强力天麻杜仲胶囊,天麻、杜仲、制草乌、附子制、独活、藁本、玄参、当归、地黄、川牛膝、槲寄生、羌活。,,口服，一次2-3粒，一日2次。,2
强力镇咳药,强力镇咳药,,,,2
强力霉素,强力霉素,,,,11
强心甙,强心甙,,,,1
强心甙药物,强心甙药物,,,,1
强心苷,强心苷,,,,3
强心苷药物,强心苷药物,,,,3
强的松,强的松,,,,5
强的松龙,强的松龙,,,,3
强镇咳药,强镇咳药,,,,2
当归,当归,,,,2
当归头,主要成分为当归10克、川芎8克、白芍12克、熟干地黄12克，去皮的土鸡腿。|当归头|当归头片,主要成分为当归10克、川芎8克、白芍12克、熟干地黄12克，去皮的土鸡腿。,-,一般用量6-15g，大剂量可用至30g。,3
影响肾功能或二甲双胍消除的药物,影响肾功能或二甲双胍消除的药物,,,,1
律爽盐酸哌罗匹隆,律爽盐酸哌罗匹隆|律爽盐酸哌罗匹隆片|本品活性成份为盐酸哌罗匹隆，辅料为乳糖、微晶纤维素、羧甲纤维素钙、低取代羟丙纤维素、硬脂酸镁、薄膜包衣预混剂胃溶型。,,,"饭后口服。成人初始剂量为每次4mg,每天3次,依反应逐渐增加剂量。维持量每日12~48mg,分3次于饭后服用。根据年龄和症状适当增减剂量,每日最大用量不得超过48mg。",3
德谷门冬双胰岛素,德谷门冬双胰岛素|本品含德谷胰岛素和门冬胰岛素。,本品含德谷胰岛素和门冬胰岛素。,,用量本品为可溶性胰岛素产品，含有基础德谷胰岛素和速效餐时门冬胰岛素。德谷门冬双胰岛素可随主餐每日一次或每日两次给药。在进行每日一次给药时，如需要，可改变给药时间，只要本品随最大一餐给药即可。包括德谷门冬双胰岛素在内，胰岛素类似物的效价均以单位表示。一（1）单位本品相当于1国际单位人胰岛素、1单位甘精胰岛素、1单位地特胰岛素或1单位双相门冬胰岛素。本品可单独给药，也可与口服抗糖尿病药物联合使用，或与,3
心得安,心得安,,,,5
恒古骨伤愈合剂,恒古骨伤愈合剂|陈皮、红花、三七、杜仲、人参、黄芪、洋金花、钻地风、鳖甲,陈皮、红花、三七、杜仲、人参、黄芪、洋金花、钻地风、鳖甲,,口服。成人一次25ml，六至十二岁一次12.5ml，每二日服用一次。饭后1小时服用，12天为一个疗程。,3
恩他卡朋,恩他卡朋|恩他卡朋片|活性成份：恩他卡朋化学名：E-2-氰基-3-3，4-二羟基-5-硝苯基-N，N-二乙基-2-丙烯酰胺分子式：C14H15N3O5分子量：305.28,,,给药方法：本品为口服制剂，应与左旋多巴/苄丝肼或左旋多巴/卡比多巴同时服用，这些左旋多巴制剂的处方资料在与本品合并用药时同样适用。本品可和食物同时或不同时服用(见药代动力学)。剂量：每次服用左旋多巴/多巴脱羧酶抑制剂时给予本品200mg(1片)，最大推荐剂量是200mg(1片)，每天10次，即2g本品。本品增强左旋多巴的疗效。因此，为减少与左旋多巴相关的多巴胺能不良反应如运动障碍、恶心、呕吐及幻觉,2
恩他卡朋双多巴片Ⅱ,恩他卡朋双多巴片Ⅱ|本品为复方制剂，其组份为恩他卡朋，左旋多巴和卡比多巴。,本品为复方制剂，其组份为恩他卡朋，左旋多巴和卡比多巴。,,药品在空腹或者饭后服用皆可。一片药品包含一个治疗剂量。药片应整片吞服患者每次只服...,3
恩曲他滨替诺福韦,恩曲他滨替诺福韦|恩曲他滨替诺福韦片|本品为复方制剂。每片含200mg恩曲他滨和300mg富马酸替诺福韦二吡呋酯。,本品为复方制剂。每片含200mg恩曲他滨和300mg富马酸替诺福韦二吡呋酯。,,"?成人和12岁（含）以上、体重大于或等于35 kg的儿童患者，本品的推荐剂量为每日口服一次，每次一片，随食物或单独服用均可。肾功能损害者使用剂量的调整：在中至重度肾功能损害的患者中给予恩曲他滨或富马酸替诺福韦二吡呋酯时，药物暴露显著增 加（参见恩曲他滨或富马酸替诺福韦二吡呋酯药品说明书）。对基线肌酐清除率在30至49mL/ 分钟的患者,应按照表1推荐调整恩曲他滨替诺福韦的给药间期。在此推荐的给药间",3
恩替卡韦,恩替卡韦|恩替卡韦。|恩替卡韦分散片|恩替卡韦片|恩替卡韦胶囊|本品主要成份为恩替卡韦。|本品主要成份为：恩替卡韦。|本品主要成分为恩替卡韦。,恩替卡韦。|本品主要成分为恩替卡韦。,国药准字H20080798,患者应在有经验的医生指导下服用本品。 1.推荐剂量：成人和16岁及以上的青少年口服本品，每天一次，每次0.5mg。拉米夫定治疗时发生病毒血症或出现拉米夫定耐药突变的患者为每天一次，每次1mg(0.5mg两片)。 2.本品应空腹服用（餐前或餐后至少2小时）。肾功能不全在肾功能不全的患者中，恩替卡韦的表观口服清除率随肌酐清除率的降低而降低（参见药代动力学，特殊人群）。肌酐清除率＜50ml/分钟的患者[ || 患者应在有经验的医生指导下服用本品。 推荐剂量： 成人和16岁及以上的青少年口服... || 患者应在有经验的医生指导下服用本品。推荐剂量：成人和16岁及以上的青少年口服本...,13
恩格列净,恩格列净|恩格列净片|本品的主要成分为恩格列净。,本品的主要成分为恩格列净。,,1、推荐剂量：（1）本品的推荐剂量是早晨10mg，每日一次，空腹或进食后给药。在耐受本品的患者中，剂量可以增加至25mg。（2）在血容量不足的患者中，建议开始使用本品前对血容量不足进行纠正。2、肾损害患者：（1）开始使用本品前建议评估肾功能，之后应定期评估。（2）eGFR低于45mL/min/1.73m2的患者不应使用本品。（3）eGFR高于或等于45mL/min/1.73m2的患者不需要调整剂量 || 1、推荐剂量：（1）本品的推荐剂量是早晨10mg，每日一次，空腹或进食后给药。在耐受本品的患者中，剂量可以增加至25mg（参见[临床试验]）。（2）在血容量不足的患者中，建议开始使用本品前对血容量不足进行纠正（参见[注意事项]）。2、肾损害患者：（1）开始使用本品前建议评估肾功能，之后应定期评估。（2）eGFR低于45mL/min/1.73m2的患者不应使用本品。（3）eGFR高于或等于45mL/,6
恩氟烷,恩氟烷,,,,4
息喘,息喘|息喘丸|无患子根、墨旱莲、苦杏仁去油、五指柑、陈皮蒸、五指毛桃、白前、穿破石、桑白皮、枇杷叶、白花鬼灯笼、甘草、胡颓子叶、盐酸麻黄碱、党参。,,,口服，一次2g，一日3次。,2
愈创木酚甘油醚,愈创木酚甘油醚,,,,1
愈美,愈美|愈美片|愈美颗粒|本品为复方制剂，每片含愈创木酚甘油醚200mg与氢溴酸右美沙芬15mg。|本品每包含氢溴酸右美沙芬15毫克。愈创木酚甘油醚100毫克。辅料为β一环糊精、柠檬酸、阿司帕坦、蔗糖、香精。,本品为复方制剂，每片含愈创木酚甘油醚200mg与氢溴酸右美沙芬15mg。,,口服。12岁以上儿童及成人一次1～2包，一日3次。24小时不超过4次。12岁以下... || 口服。2～6岁儿童一次0.5片，6～12岁儿童一次1片，12岁以上儿童及成人一次...,6
愈酚伪麻口服溶液,愈酚伪麻口服溶液|本品为复方制剂：每5毫升含愈创木酚甘油醚100毫克，盐酸伪麻黄碱15毫克。辅料为：聚乙二醇甘油无水柠檬酸柠檬酸钠，氯化钠，70%山梨醇，蔗糖，苯甲酸钠，香蕉香精，纯水。,,国药准字H20050574,口服，每天3次，具体剂量如下：,3
愈酚喷托异丙嗪,愈酚喷托异丙嗪|愈酚喷托异丙嗪颗粒|本品为复方制剂，每包含盐酸异丙嗪5毫克，愈创木酚磺酸钾125毫克，枸橼酸喷托维林10毫克。,,,口服。成人一次2包，一日3次。,3
意可贴醋酸地塞米松粘,意可贴醋酸地塞米松粘|意可贴醋酸地塞米松粘贴片|醋酸地塞米松0.3毫克，,醋酸地塞米松0.3毫克，,,贴于患处。一次1片，一日总量不超过3片，连用不得超过1周。洗净手指后粘少许唾液粘...,3
感冒灵,三叉苦、金盏银盘、野菊花、岗梅、咖啡因、对乙酰氨基酚、马来酸氯苯那敏、薄荷油。辅料为滑石粉。|三叉苦、金盏银盘、野菊花、岗梅、咖啡因、对乙酰氨基酚、马来酸氯苯那敏、薄荷油。辅料为蔗糖粉。|感冒灵|感冒灵胶囊|感冒灵颗粒,,,口服，一次2粒，一日3次。 || 开水冲服，1次10克（1袋），一日3次。,6
感愈,感愈|感愈胶囊|板蓝根、金银花、人工牛黄、对乙酰氨基酚、盐酸金刚烷胺。辅料为：淀粉。,,,口服，一次1粒，一日2次。,2
戊巴比妥,戊巴比妥,,,,2
戊巴比妥钠,戊巴比妥钠,,,,1
戊烷脒,戊烷脒|戊烷脒注射剂,,,,1
戊酸甘油酯,戊酸甘油酯,,,,2
戊酸钠口服溶液,戊酸钠口服溶液|本品主要成份为：丙戊酸钠。,,,。,2
戊酸雌二醇,戊酸雌二醇|戊酸雌二醇片|本品主要成份及其化学名称为、戊酸雌二醇、1，3，510-雌三烯-3，17β-二醇-17-戊酸酯。,,H20120369,口服给药。剂量根据个体调整，一般每日一片。1.根据临床情况，调整个体所需的剂量：一般而言，出现乳房发胀，易激惹的感觉表明剂量太高。如果选择的剂量尚未缓解雌激素缺乏的症状，必须增加剂量。2.戊酸雌二醇片1mg可以根据下面的治疗方案给药。(1)间断治疗(周期性)连续2O-25天后，中断所有治疗5-6天，在这一间期内将会发生撤退性出血。(2)连续性，无任何治疗中断。3.对于做过于宫切除手术的妇女，如果在,3
戊酸雌二醇片/雌二醇环丙孕酮片复合包装,戊酸雌二醇片/雌二醇环丙孕酮片复合包装|本品为复方制剂，其组成为：11片白色糖衣片，每片含戊酸雌二醇2mg；10片浅橙红色糖衣片，每片含戊酸雌二醇2mg及醋酸环丙孕酮1mg。,,,口服给药 戊酸雌二醇片/雌二醇环丙孕酮片复合包装将按照下面的治疗方案给药：1.按照下面的顺序，每日一片，无间断的服用21天：11片白片，10片浅橙红色片。2.本包装服完后，是这段治疗随后的为期7天的治疗中断期。 在治疗期间内，可能发生撤退性出血。 治疗可以从任何一天开始。然而，当从其他的序贯激素替代治疗转换到戊酸雌二醇片/雌二醇环丙孕酮片复合包装时，建议在出血后开始服药，即一个新的序贯激素替代疗法,2
成人牌复合维生素,成人牌复合维生素|成人牌复合维生素片|每1g含：维生素A182.20ugRE、胡萝卜素239.93ugRE维生素E14.54mg、维生素B10.834mg、维生素B20.746mg、维生素B60.619mg、维生素B120.869ug、维生素C35.95mg、泛酸2.14mg、烟酰胺5.56mg、铁9mg、铬0.0267mg、硒0.0201mg,,卫食健字(2003)第0105号,每日2次，每次1片。,3
成兰索拉唑,成兰索拉唑|成兰索拉唑片|本品主要成份为兰索拉唑。,,国药准字H20067170,治疗胃溃汤和十二指肠溃疡，每日清晨口服1次，一次15～30mg，或遵医嘱。,3
戒酒药品,戒酒药品,,,,1
扎来普隆,扎来普隆|扎来普隆分散片|扎来普隆片|本品主要成份为扎来普隆。,,国药准字H20031297|国药准字H20040035,1.成人口服一次5mg～10mg(1～2片)，睡前服用或入睡困难时服用。|2.体重较轻的病人，推荐剂量为一次5mg(1片)。|3.老年病人、糖尿病人和轻、中度肝功能不全的病人，推荐剂量为一次5mg(1片)。|4.持续用药时间限制在7～10天，如果服用7～10天后失眠仍未减轻，医生应对患者失眠的病因重新进行评估。 || 口服，可直接吞服，也可用少量水分散后服用。一次5-10mg(1-2片)，睡前服用或入睡困难时服用。与所有的镇静催眠药一样，当清醒时，服用扎来普隆会导致记忆损伤、幻觉、协调障碍、头晕。体重较轻的病人，推荐剂量为一次5 mg(1片)。老年病人、糖尿病病人和轻中度肝功能不全的病人，推荐剂量为一次5 mg(1片)。每晚只服用一次。持续用药时间限制在7-10天内。如果服药7-10天后失眠仍未减轻，医生应对患,6
扎西他宾,扎西他宾,,,,1
扎鲁司特,扎鲁司特|扎鲁司特。|扎鲁司特片,扎鲁司特。,H20090311,成人及12岁以上儿童：口服每天两次，每次20mg。剂量增加至每天两次，每次40mg可能疗效更佳。用药剂量不应超过最大推荐量。应避免在进食时服用。,3
扑尔敏,扑尔敏|本品主要成分为马来酸氯苯那敏。,本品主要成分为马来酸氯苯那敏。,,本品不同剂型、不同规格的用法用量可能存在差异，请阅读具体药物说明书使用，或遵医嘱。马来酸氯苯那敏片：口服。成人一次1片，一日3次。马来酸氯苯那敏滴丸：口服。成人每次1丸，一日3次。马来酸氯苯那敏注射液：肌内注射。成人，一次5-20mg。,2
扑热息痛,扑热息痛,,,,5
扑痫酮,扑痫酮|脱氧苯比妥扑痫酮,,,,4
扑癫酮,扑癫酮,,,,1
扑米酮,扑米酮|扑米酮片|本品主要成份为扑米酮片。,,,口服。成人常用量：50mg开始，睡前服用，3日后改为每日2次，一周后改为每日3次，第10日开始改为0.25g(1片)， 每日3次，总量不超过每日1.5g(6片)；维持量般为0.25g(1片)，每日3次。小儿常用量: 8岁以下，每日睡前服50mg；3日后增加为每次50mg，每日2次；一周后改为0.1g，每日2次；10日后根据情况可以增加至0.125g~0.25g(半片~1片)，每日3次；或每日按体重,42
扑迷酮,扑迷酮,,,,1
托吡酯,托吡酯|托吡酯片|活性成分：托吡酯。,活性成分：托吡酯。,,中“2－16岁儿童”部分。,6
托呲酯,托呲酯,,,,1
托拉塞米,托拉塞米|托拉塞米片|本品主要成份为托拉塞米。,,,"充血性心衰：口服，起始剂量为每次10mg,每日一次，根据病情需要可将剂量增至每次20mg，每日一次。原发性高血压：通常的起始剂量为每次5mg，每日一次。若在服药4-6周内降压作用不理想，剂量可增至每次10mg，每日一次。若10mg/天仍未取得足够的降压作用，可考虑合用其他降压药。",2
托磺沙星,托磺沙星,,,,2
托西酸舒他西林,"托西酸舒他西林|托西酸舒他西林分散片|托西酸舒他西林片|托西酸舒他西林颗粒|本品主要成份托西酸舒他西林。|本品主要成分为托西酸舒他西林。其化学名为+羟甲基-2S，5R，6R-6-R-2-氨基-2-苯乙酰氨基-3，3-二甲基-7-氧代-4-硫杂-1-氮杂双环3.2.0正庚烷-2-羧酸酯，2S，5R-3，3-二甲基-7-氧代-4-硫杂-1-氮杂双环3.2.0正庚烷-2-羧酸酯S,S-二氧化物对甲苯磺酸盐。",,国药准字H10980168|国药准字H20050958|国药准字H20067917,口服。|1.成人(包括老年人)及体重大于或等于30公斤的儿童常用量每次375～750mg，每天服用2次；|2.儿童：体重小于30公斤者，每日按体重50mg/kg，分2次服用。|3.无论成人或儿童，疗程一般为5～14天，必要时可延长，任何由溶血性链球菌所引起的感染，疗程最少10天、以防止急性风湿热或肾小球肾炎之发生。治疗淋病时，可用本品单剂2.25g(6片)口服，加服1g丙磺舒，以延长氨苄西林及舒巴 || 口服。成人(包括老年人)及体重≥30kg的儿童一次0.375～0.750g，一日2次。体重 || 口服。成人(包括老年人)及体重≥30kg的儿童一次0.375～0.75g，一日2次。体重,9
扩血管药,扩血管药,,,,1
扶正散结合剂,扶正散结合剂|黄芪、党参、灵芝、阿胶、全蝎、蜈蚣、僵蚕、白花蛇舌草等21味。,黄芪、党参、灵芝、阿胶、全蝎、蜈蚣、僵蚕、白花蛇舌草等21味。,,口服，一次30ml，一日3次，用前摇匀。,2
抑制血小板功能的药物,抑制血小板功能的药物,,,,1
抑郁药,抑郁药,,,,1
抑酸剂,抑酸剂,,,,1
抗凝剂,抗凝剂,,,,5
抗凝药,抗凝剂|抗凝药|抗凝药香豆素或茚满二酮衍生物,,,,36
抗凝药物,抗凝药物,,,,7
抗凝血剂,抗凝血剂,,,,6
抗凝血药,抗凝血药,,,,6
抗心律失常药物,抗心律失常药物,,,,2
抗惊厥药,抗惊厥药,,,,4
抗惊厥药物,抗惊厥药物,,,,3
抗抑郁药,抑郁药|抗抑郁药|某些抗抑郁药,,,,5
抗炎镇痛药,其他抗炎镇痛药|抗炎镇痛药,,,,1
抗焦虑药,抗焦虑药,,,,1
抗生素,抗生素,,,,6
抗甲状腺药物,抗甲状腺药物,,,,1
抗疟药,抗疟药,,,,1
抗痛风药,抗痛风药,,,,1
抗癫痫药,抗癫痫药,,,,3
抗真菌药物,抗真菌药物,,,,1
抗精神病药物,抗精神病药物,,,,2
抗糖尿病药,抗糖尿病药,,,,3
抗糖尿病药物,抗糖尿病药物,,,,5
抗组织胺药,抗组织胺|抗组织胺药,,,,1
抗组胺制剂,抗组胺制剂,,,,1
抗组胺药,抗组胺药,,,,3
抗肌无力药,抗肌无力药,,,,4
抗肌松药,抗肌松药,,,,2
抗胆碱能药,抗胆碱能药,,,,1
抗胆碱能药物,抗胆碱能药物,,,,1
抗胆碱药,抗胆碱药,,,,3
抗胆碱酯酶药物,抗胆碱酯酶药物,,,,1
抗菌素,抗菌素,,,,1
抗菌药,抗菌药,,,,2
抗蠕动止泻药,抗蠕动止泻药,,,,4
抗血小板药物,抗血小板药物,,,,2
抗酸剂,抗酸剂|抗酸剂铝、镁,,,,12
抗酸药,含铝或镁的抗酸药|抗酸药|抗酸药含铝或镁|抗酸药物|致酸剂,,,,20
抗酸铝制剂,抗酸铝制剂,,,,1
抗酸铝剂,抗酸铝剂,,,,1
抗骨增生,抗骨增生|抗骨增生片|熟地黄、鹿衔草、骨碎补烫、鸡血藤、肉苁蓉、淫羊藿、莱菔子炒。,熟地黄、鹿衔草、骨碎补烫、鸡血藤、肉苁蓉、淫羊藿、莱菔子炒。,国药准字Z44021006,口服。一次4片，一日2次。,3
抗高血压药,抗高血压药,,,,10
抗高血压药物,抗高血压药物,,,,3
护肝宁,垂盆草、虎杖、丹参、灵芝。|护肝宁|护肝宁胶囊,垂盆草、虎杖、丹参、灵芝。,,口服，一次4-5片，一日3次。,3
抵克立得,抵克立得|本品主要成分为盐酸噻氯匹定。,本品主要成分为盐酸噻氯匹定。,国药准字H19980186,口服：一次1片(0.25g)，一日1次，就餐时服用以减少轻微的胃肠道反应。,3
拉克替醇,拉克替醇|拉克替醇散|本品主要成份为拉克替醇。,,,)。使肝硬化患者一日出现两次软便。治疗初期就出现水和电解质平衡紊乱的病例应予停...,3
拉呋替丁,主要组成成份：拉呋替丁。化学名称：±-2-2-呋喃甲基亚磺酰基-N-4-4-哌啶甲基-2-吡啶基氧-Z-2-丁烯基乙酰胺分子式：C22H29N3O4S分子量：431.56|拉呋替丁|拉呋替丁分散片,,,每日2次，每次10mg连服8周，饭后服用。,2
拉替拉韦钾,拉替拉韦钾|拉替拉韦钾片|本品主要成份:拉替拉韦钾。,,H20130672,用于治疗HIV-1感染者时，口服本品400mg，每日两次，餐前或餐后服用均可。本品应与其他抗反转录病毒药物联合使用。,3
拉米夫定,拉米夫定|拉米夫定片|拉米夫定胶囊|本品主要成份为拉米夫定。|本品主要成份拉米夫定。,,,本品应在对慢性乙型肝炎治疗有经验的医生指导下使用，推荐剂量为每日一次，每次0.1... || 本品应在对慢性乙型肝炎治疗有经验的医生指导下使用，推荐剂量为每次0.1g（一粒）...,21
拉罗替尼,拉罗替尼|本品主要成份为硫酸拉罗替尼。,,,硫酸拉罗替尼胶囊或硫酸拉罗替尼口服溶液的治疗应由具有抗癌治疗经验的医生启动。在使用本品治疗之前，必须确定患者肿瘤样本中携带NTRK融合基因。应采用验证过的检测方法确定患者的NTRK融合基因状态。经医院或实验室的检测结果判断为携带NTRK融合基因的患者能接受本品治疗，并且应经拜耳公司指定的独立第三方进行一次审核，证实患者确具有NTRK融合基因可继续用药。一、剂量1、成人成人患者的推荐剂量为100mg,3
拉莫三嗪,"化学名称：3,5-二氨基-6-2,3-二氯苯基-1,2,4-三嗪分子式：C9H7N5Cl2分子量：256.09|拉莫三嗪|拉莫三嗪分散片|拉莫三嗪片|本品活性成份为拉莫三嗪。全部辅料：乳糖、玉米淀粉、硬脂酸镁、聚乙烯吡咯烷酮。化学名称：3，5-二氨基-6-2，3-二氯苯基-as-三吖嗪分子式C9H7N5Cl2分子量256.09",,,可以分散在少量水中，或用少量水整片吞咽。其余详见说明书。 || 服用方法：本品应用少量水整片吞服。 为保证治疗剂量的维持，需监测病人体重，在体...,13
拉西地平,"拉西地平|拉西地平分散片|拉西地平片|本品主要成份为拉西地平，其化学名称为:±-2,6--甲基-4-{2-E-2叔丁氧羰基-乙烯基苯基}-1,4-二氢-3，5-0吡啶二羧酸二乙酯。|本品主要成份：拉西地平。",,,初始剂量为每日一次，每次2mg。每日应在同一时间服用，最好是在早晨。对于高血压的治疗方案应根据病情的严重程度及个体的差异来调整。当给予初始剂量后充分的时间内未达到有效治疗效果时，剂量可增至4mg/次/日，如果必要，可增至6mg/次/日。实际上，该剂量调整时间相隔不应少于3~4周，除非病情较重，需要迅速增加剂量。每日应在同一时间内服用本品，最好是在早晨，可与食物或不与食物同服。肝脏损伤:对于肝损伤的 || 成人起始剂量4mg（1片），每日1次，在早晨服用较好。饭前饭后均可。如需要3-4...,6
拟交感神经药,拟交感神经药,,,,1
拟交感神经药物,拟交感神经药物,,,,5
拟交感胺类药,拟交感胺类药,,,,1
拟交感胺类药物,拟交感胺类药物,,,,1
排尿酸药,排尿酸药,,,,2
排钾性利尿药,排钾性利尿药,,,,1
支气管扩张剂,吸入和口服支气管扩张剂|支气管扩张剂,,,,3
收敛剂,收敛剂,,,,1
放射治疗,放射治疗,,,,1
敖东壮肾,敖东壮肾|敖东壮肾丸|鹿角胶、黄芪、驴肾烫、肉苁蓉、大海米、补骨脂盐制、肉桂去粗皮、枸杞子、狗肾烫、熟地黄、牡蛎煅、锁阳、淫羊藿制、牛膝、鹿鞭烫、狗脊烫、海马酥、韭莱子炒、红参、杜仲炭、菟丝子酒制。,,国药准字Z22022355,口服，一次1丸，一日2次。,3
敖东牌多种维生素,敖东牌多种维生素|敖东牌多种维生素片|每片含：维生素A198.7μg、维生素B10.30mg、维生素B20.32mg、维生素B60.30mg、维生素C32.8mg、维生素D1.18μg、叶酸0.13mg、钙171.5mg、铁4.45mg、锌3.43mg、硒8.40μg。,,国食健字G20050558,每日1次，每次2片（或每日2次，每次1片），早晚餐后食用。,3
整肠生,整肠生|每粒含地衣芽孢杆菌活菌数不低于2.5亿。辅料为乳糖、淀粉。,,,口服，成人，一次2粒：儿童，一次1粒；一日3次；首次加倍。对吞咽困难者，服用时可...,3
整蛋白型肠内营养剂,整蛋白型肠内营养剂|本品为复方制剂，其主要成份为：酪蛋白、植物油、麦芽糖糊精、矿物质、维生素和微量元素等。,,,口服或管饲喂养。在洁净的容器中注入500 ml温开水，加入本品1听，充分混合。...,3
文拉法辛,文拉法辛,,,,1
新双香豆素,新双香豆素,,,,1
新喹诺酮类抗菌药,新喹诺酮类抗菌药,,,,1
新斯的明,新斯的明,,,,4
新比清丙戊酸钠口服溶液,新比清丙戊酸钠口服溶液|本品主要成份为丙戊酸钠，辅料为山梨醇溶液、糖精钠、羟苯甲酯钠、羟苯丙酯钠、樱桃味水溶性香精、羟乙纤维素、胭脂红、无水枸橼酸、纯化水,,,口服，每日2次，每日用量取决于年龄和体重。,2
新血宝,新血宝|新血宝胶囊|鸡血藤、黄芪、大枣、当归、白术、陈皮、硫酸亚铁。辅料为淀粉、硬脂酸镁。,,,口服，一次2粒，一日3次，10～20天为一疗程。,2
新霉素,新霉素,,,,17
新霉素钠,新霉素钠,,,,1
施保利通,侧柏叶、紫锥菊根、苍白锥菊根、赝靛根。|施保利通|施保利通片,侧柏叶、紫锥菊根、苍白锥菊根、赝靛根。,,口服。一次3片，每日早、中、晚吞服或含服。,3
无环鸟苷,无环鸟苷,,,,1
昂丹司琼,昂丹司琼,,,,2
易成瘾药,易成瘾药,,,,1
昔多芬,昔多芬,,,,2
普伐他汀,普伐他汀,,,,2
普伐他汀钠,"普伐他汀钠|普伐他汀钠片|普伐他汀钠胶囊|本品主要成份为：普伐他汀钠。化学名称：{1S-1αβS*，δS*，2α，6α，8βR*，8aα}-1,2,6,7,8,8a-六氢-β,δ,6-三羟-2-甲基-8-2-甲基-1-氧丁氧基-1-萘庚酸单钠盐。分子式：C23H35NaO7分子量：446.52|本品活性成份为普伐他汀钠。",,,成人初始剂量为10～20mg(1-2片)，一日一次，临睡前服用。应随年龄及症状适宜增减，一日最高剂量为40mg。 || 成人开始剂量为10～20毫克，一日1次，临睡前服用。应随年龄及症状适宜增减，一日最高剂量40毫克。,5
普奈洛尔,普奈洛尔,,,,1
普瑞巴林,普瑞巴林|普瑞巴林胶囊|本品主要成份为普瑞巴林。,,,餐前或者餐后口服。推荐起始剂量为150mg/天。根据患者对普瑞巴林的应答和耐受性...,4
普罗布考,普罗布考|普罗布考片,普罗布考,,"成人常用量 每次0.5g,每日2次,早，晚餐时服用。",3
普罗帕酮,普罗帕酮,,,,7
普罗碘铵,普罗碘铵|普罗碘铵注射液|本品主要成份为普罗碘铵，辅料为无水亚硫酸钠、注射用水。,,国药准字H31020997,1．结膜下注射一次0.1～0.2g，2～3日1次，5～7次为一疗程。2．肌内注射一次0.4g，每日或隔日1次，10次为一疗程，每疗程间隔7～14日，一般用2～3个疗程。,3
普萘洛尔,心得安|普萘洛尔,,,,29
普鲁卡因,普鲁卡因,,,,4
普鲁卡因胺,普鲁卡因胺,,,,18
曲安奈德,曲安奈德|曲安奈德注射液|本品主要成分为曲安奈德。,本品主要成分为曲安奈德。,,1、全身用药：成人初次推荐剂量是60mg。根据病人的反应程度，应用的剂量可在40-80mg之间。但是在一些病人中给药剂量20mg或更低时也可有效控制病情。对于花粉热病人或花粉引起的哮病人，当脱敏疗法或其他传统疗法不起作用时，可以在花粉季节一次注射给药40-100mg。2、注射时应深入臀部肌肉以使药物有效吸收。对于成人推荐针头的最小长度为4cm，对于肥胖患者针头长度应加长。每次注射不得在同一位置。3,3
曲安奈德鼻,曲安奈德鼻|曲安奈德鼻喷雾剂|本品主要成分为曲安奈德。,本品主要成分为曲安奈德。,国药准字H20051175,"鼻腔内用药，用前须振摇5次以上；12岁以上的儿童、成人及老人，推荐剂量为每鼻孔2喷（共220μg），一日1次。症状得到控制时，可降低剂量至每鼻孔1喷（共110μg），一日1次。病人应按照说明书用药，如果用药三周后症状无改善，病人应看医生。病人应按时使用曲安奈德鼻喷雾剂，因为它的效果依赖于曲安奈德鼻喷雾剂的规律的坚持使用。使用方法： 
1. 用药前先擤鼻涕。
2. 用药前请将药罐充分晃动5次以上。
",3
曲安西龙,曲安西龙,,,,1
曲尼司特,曲尼司特|曲尼司特胶囊|本品主要成份为曲尼司特。,,,口服。成人每日3次，每次1粒(0.1g)；儿童每日5mg/kg(1/20粒/kg)，分3次服用。,3
曲昔派特,曲昔派特|曲昔派特胶囊|本品主要成份曲昔派特。,,,饭后口服，成人每次100mg(1粒)，一日3次。或遵医嘱。,2
曲普坦,曲普坦,,,,1
曲马多,曲马多,,,,3
更昔洛韦,"Ganciclovir|更昔洛韦|更昔洛韦胶囊|本品主要成份为更昔洛韦，其化学名称为9-1,3-二羟基-2-丙氧甲基鸟嘌呤化学结构式：分子式：C9H13N5O4分子量：255.23",,,肾功能正常情况下： 　　巨细胞病毒CMV视网膜炎的维持治疗：在诱导治疗后，推荐...,20
更昔洛韦氯化钠,更昔洛韦|更昔洛韦氯化钠|更昔洛韦氯化钠注射液,更昔洛韦,国药准字H20020295,1、治疗巨细胞病毒感染性视网膜炎，肾功能正常者，静脉滴注，一次5mg/kg，一日2次，连用14～21天后，改为一日1次，连用7天，或一次6mg/kg，一日1次，连用5天维持治疗。或遵医嘱。每次静脉滴注时间不少于1小时。2、预防可能发生于接受器官移植者的巨细胞病毒感染:肾功能正常者，静脉滴注，一次5mg/kg，每12小时一次，连用7～14天后，改为一次5mg/kg，一天1次，一周用7天，或6mg/k,3
替加氟,替加氟|替加氟片,,,,1
替可克肽,替可克肽,,,,1
替吉奥,替吉奥|替吉奥胶囊|本品为复方制剂，每粒胶囊含：20mg规格：替加氟20mg，吉美嘧啶5.8mg，奥替拉西钾19.6mg。,,,替吉奥胶囊联合顺铂用于治疗不能切除的局部晚期或转移性胃癌患者：一般情况下，根据体...,3
替尼泊苷,替尼泊苷|替尼泊苷注射液|本品主要成份:替尼泊苷.,,国药准字H19990044,"1.单药治疗每次60mg/m2,加生理盐水500ml,静滴30分钟以上,每日1次,连用5日。3周重复。|2.联合用药常用量为每日60mg加生理盐水500ml静滴,一般连用2日。老年及骨髓功能欠佳?多次化疗患者酌情减量。",3
替扎尼定,替扎尼定|本品主要成份为盐酸替扎尼定。,,,本品不同剂型、不同规格的用法用量可能存在差异，请阅读具体药物说明书使用，或遵医嘱。盐酸替扎尼定片：1、用于疼痛性肌痉挛时：口服，一次2mg，一日1-3次。应根据患者年龄、症状酌情增减。通常初始剂量为一日2mg，可逐渐增加剂量，分次服用。初始剂量通常在临睡前服用。2、用于中枢性肌强直时：应根据患者需要而作剂量调整。初始剂量不应超过一日6mg（分3次服用），并可每隔半周或一周逐渐增加2-4mg。通常一,3
替普瑞酮,替普瑞酮|替普瑞酮胶囊|本品主要成分为替普瑞酮。,本品主要成分为替普瑞酮。,,推荐成人每次口服50mg（1粒），每日3次，饭后服用。,3
替比夫定,替比夫定|替比夫定片|活性成分:替比夫定。,活性成分:替比夫定。,,详见说明书。,3
替硝唑,替硝唑|替硝唑片|替硝唑胶囊|本品主要成份为替硝唑。化学名为1-2-乙基磺酰基乙基-2-甲基-5-硝基咪唑。分子式为C8H13N3O4S，分子量为247.27。本品为胶囊，内容物为微黄色的粉末。,替硝唑,国药准字H10980156,"口服。
1.厌氧菌感染：一次1g（2粒），一日1次，首剂量加倍，一般疗程5～6日，或根据病情决定。
2.预防手术后厌氧菌感染：手术前12小时1次顿服2g（4粒）。
3.原虫感染： 
(1) 阴道滴虫病?贾第虫病：单剂量2g（4粒）顿服，小儿按体重50mg/kg顿服，间隔3～5日可重复1次。 
(2) 肠阿米巴病：一次0.5g（1粒），一日2次，疗程5～10日;或一次2g（4粒），一日1次，疗程2～ || 口服。1.厌氧菌感染：一次1g，一日1次，首剂量加倍，一般疗程5～6日，或根据病...",7
替米沙坦,替米沙坦|替米沙坦分散片|替米沙坦片|替米沙坦胶囊|本品主要成份为替米沙坦。其化学名称为：4’-1，4’-二甲基-2’-丙基2，6’-二-1H-苯并咪唑-1’-基-甲基-1，1’-二联苯基-2-羧酸。|本品主要成份为：替米沙坦。|本品主要成分为替米沙坦。|本品的主要成分为替米沙坦。,本品主要成分为替米沙坦。|本品的主要成分为替米沙坦。,,成人：应个体化给药。常用初始剂量为每次一粒(40mg)，每日一次。在20～80m... || 本品不同剂型、不同规格的用法用量可能存在差异，请阅读具体药物说明书使用，或遵医嘱。替米沙坦片/替米沙坦胶囊：1、成人：应个体化给药。常用初始剂量为每次1粒(40mg)，每日一次。在20-80mg的剂量范围内，替米沙坦的降压疗效与剂量有关。若用药后未达到理想血压可加人剂量，最大剂量为80mg每日次。2、本品可与噻哚类利尿药如氢氯噻嗪合用，此类利尿药与本品有协同降压作用。因替米沙坦在疗程开始后四至八周 || 本品在餐时或餐后服用均可。治疗原发性高血压：应个体化给药。常用初始剂量为每次4...,12
替米沙坦氢氯噻嗪,替米沙坦氢氯噻嗪|替米沙坦氢氯噻嗪片|本品为复方制剂，其组份为，每片含替米沙坦80mg和氢氯噻嗪12.5mg。,本品为复方制剂，其组份为，每片含替米沙坦80mg和氢氯噻嗪12.5mg。,,对于单用替米沙坦不能充分控制血压的成人患者，应给予本品，1次/日，饮水送服，餐前或者餐后服用，请详见说明书。,2
替莫唑胺,替莫唑胺|替莫唑胺。|替莫唑胺胶囊,替莫唑胺。,国药准字H20040637,本药第一疗程28天，最初剂量为按体表面积口服一次150mg/m2，一日一次。在28天为一治疗周期连续服用5天。如果治疗周期内，第22天与第29天(下一周期的第一天)测得的绝对中性粒细胞数(ANC)≥1.5×109/L，血小板数为≥100×109/L时，下一周期剂量为按体表面积口服200mg/m2，一日1次。在28天的治疗周期内连续服用5天。在治疗期间，第22天(首次给药后的21天)或其后48小时内,3
替诺福韦,替诺福韦,,,,4
替诺福韦DF,替诺福韦DF,,,,1
替马西泮,替马西泮,,,,1
有机物,有机物,,,,1
木瓜,1、本品含齐墩果酸，苹果酸，枸橼酸，酒石酸以及皂苷等。2、2015年版《中国药典》规定：含齐墩果酸C30H48O3和熊果酸C30H48O3的总量不得少于0.50%。|木瓜,,,煎服，6-9g。,2
杜仲,杜仲,,,,1
杜冷丁,本品主要成分为盐酸哌替啶。|杜冷丁,本品主要成分为盐酸哌替啶。,,本品不同剂型、不同规格的用法用量可能存在差异，请阅读具体药物说明书使用，或遵医嘱。盐酸哌替啶注射液：1、镇痛：注射，成人肌内注射常用量：一次25-100mg，一日100-400mg；极量：一次150mg，一日600mg。静脉注射成人一次按体重以0.3mg/kg为限。2、分娩镇痛：阵痛开始时肌内注射，常用量：25-50mg，每4-6小时按需重复；极量：一次量以50-100mg为限。3、麻醉前用药：3,5
来曲唑,来曲唑|来曲唑片,来曲唑,,以本品辅助治疗应服用5年或直到病情复发。　　对于已经接受他莫昔芬辅助治疗5年的...,3
来氟米特,本品主要成份是来氟米特。|来氟米特|来氟米特片|来氟米特胶囊|来氟米特，分子式：C12H9F3N2O2。,来氟米特，分子式：C12H9F3N2O2。,国药准字H20000550|国药准字H20080215,1.建议间隔24小时给药。|2.为了快速达到稳态血药浓度，参照国外临床试验资料并结合Ⅰ期临床试验结果，建议开始治疗的最初三天给予维持剂量一日20mg(2片)。|3.在使用本药治疗期间可继续使用非甾体抗炎药或低剂量皮质类固醇激素。 || 1.由于来氟米特半衰期较长，建议间隔24小时给药。 2.为了快速达到稳态血药浓度，参照国外临床试验资料并结合Ⅰ期临床试验结果，建议开始治疗的最初三天给予负荷剂量一日50mg(5片)，之后给予维持剂量一日20mg(2片)。 3.在使用本药治疗期间可继续使用非甾体抗炎药或低剂量皮质类固醇激素。,6
来那度胺,本品主要成份为来那度胺。|来那度胺|来那度胺胶囊,,,本品的推荐静始剂量为25mg。在每个重复28天周期里的第1~21天，每日口服本品25mg，直至疾病进展。其他详见说明书。,2
板蓝清热,南板蓝根、薄荷脑。|板蓝清热|板蓝清热颗粒,南板蓝根、薄荷脑。,国药准字Z20059001,开水冲服，一次1袋，一日3次，重症可加倍，小儿酌减。预防流感等病毒感染可一日2袋，连服5日。,3
林可酰胺类,林可酰胺类,,,,1
林可霉素,林可霉素,,,,12
林可霉素类,林可霉素类,,,,1
林可霉素维B6,本品为复方制剂，其组分为：每支含盐酸林可霉素按林可霉素计68mg、维生素B620mg、亲水性基质适量。|林可霉素维B6|林可霉素维B6乳膏,,,外用。一日2～3次，涂于患处。,2
林格氏溶液,林格氏溶液,,,,3
果糖二磷酸钙,本品每片含维生素B22毫克，烟酸20毫克。|果糖二磷酸钙|果糖二磷酸钙片,本品每片含维生素B22毫克，烟酸20毫克。,国药准字H13021121,成人一次2～4片，一日三次。,3
果糖二磷酸钠,本品主要成份为果糖二磷酸钠。|本品主要成份果糖二磷酸钠。|果糖二磷酸钠|果糖二磷酸钠注射液|果糖二磷酸钠胶囊,,国药准字H20046534,1.建议剂量为每日5～10克，静脉输注速度大约为10ml/min（1g/min）。治疗低磷酸血症的剂量，应根据磷酸缺乏的程度，以免磷酸超负荷。较大剂量建议每天分两次给药。|2.儿童剂量应根据体重（70～160mg/kg），不要超过建议剂量。 || 口服，每次4粒，每日4次，或遵医嘱。,6
果糖二磷酸钠口服溶液,本品主要成份为果糖二磷酸钠。|果糖二磷酸钠口服溶液,,,口服，每次1-2g(10-20ml)，每日2-3次。,3
果胶,果胶,,,,3
枫蓼肠胃康,枫蓼肠胃康|枫蓼肠胃康片|牛耳枫、辣蓼。,牛耳枫、辣蓼。,,口服，一次4～6片，一日3次。,3
枯草杆菌二联活菌,本品为复方制剂，每袋1克含活菌冻干粉：37.5毫克、维生素C：10毫克、维生素B1:0.5毫克、维生素B2:0.5毫克、维生素B6:0.5毫克、维生素B12:1.0微克、烟酰胺：2.0毫克、乳酸钙：20毫克相当于钙2.6毫克、氧化锌|枯草杆菌二联活菌|枯草杆菌二联活菌颗粒,,,本品为儿童专用药品，2岁以下儿童，一次1袋，一日1~2次；2岁以上儿童，一次1~...,3
枳实,枳实,,,,1
枸地氯雷他定,主要成份：地氯雷他定，其化学名称为：8-氯-6，11-二氢-11-4-氮己环叉-5H-苯-5，6环庚1，2-b吡啶，分子量：310.83。|枸地氯雷他定|枸地氯雷他定片,,国药准字H20090138,成人及12岁或12岁以上的青少年：口服，每日一次，每次1片。进食不影响服药效果。,3
枸杞,本品含甜菜碱、多糖、粗脂肪、粗蛋白、硫胺素、核黄素、烟酸、胡萝卜素、抗坏血酸、烟酸、β-谷甾醇、亚油酸、微量元素及氨基酸等成分。|枸杞,,,内服：煎汤，5-15g；或入丸、散、膏、酒剂。,2
枸橼酸他莫昔芬,枸橼酸他莫昔芬|枸橼酸他莫昔芬。|枸橼酸他莫昔芬片,枸橼酸他莫昔芬。,,口服。每次10mg（一片），每天2次，也可每次20mg（二片），每天2次。,3
枸橼酸他莫昔芬口服溶液,主要成分为他莫昔芬。化学名称：Z-2-〔对-1，2-二苯基-1-丁烯基苯氧基〕-n-二甲基乙基胺的枸橼酸盐。|枸橼酸他莫昔芬口服溶液,,国药准字H20051423,口服按他莫昔芬计算一次10～20mg，一日20～40mg。,3
枸橼酸坦度螺酮,本品的活性成分为枸櫞酸坦度螺酮。|枸橼酸坦度螺酮|枸橼酸坦度螺酮片,本品的活性成分为枸櫞酸坦度螺酮。,,通常成人应用枸橼酸坦度螺酮片的剂量为每次10mg，口服，每日3次。根据病人年龄、...,3
枸橼酸托法替布,"枸橼酸托法替布|枸橼酸托法替布片|活性成份：枸橼酸托法替布。化学名称：3R,4R-4-甲基-3-甲基-7H-吡咯并2,3-d嘧啶-4-基氨基-β-氧代-1-哌啶丙腈枸橼酸盐化学结构式：分子式：C16H20N6O•C6H8O7分子量：504.5所属类别：化药及生物制品>>治疗类风湿关节炎的药物>>JAK抑制剂",,,详见说明书。,3
枸橼酸托瑞米芬,本品主要成份为枸橼酸托瑞米芬。化学名称：Z-4-氯-1，2-二苯基-1-{4-2-N，N-二甲胺基乙氧基-苯基}-1-丁烯枸橼酸盐。化学结构式：分子式：C26H28ClNO·C6H8O7分子量：598.10|枸橼酸托瑞米芬|枸橼酸托瑞米芬片,,,推荐剂量为每日1次，每次1片(60mg)。肾功能衰竭者：不需调整剂量，肝功能...,3
枸橼酸氢钾钠,化学名称：枸橼酸氢钾钠。|枸橼酸氢钾钠|枸橼酸氢钾钠颗粒,化学名称：枸橼酸氢钾钠。,,"除另有说明，日剂量为4标准量匙(每量匙为2.5g,共10g颗粒)，分三次饭后服用...",3
枸橼酸盐,枸椽酸盐|枸橼酸盐,,,,8
枸橼酸苹果酸钙,本品主要成份为枸橼酸苹果酸钙。|枸橼酸苹果酸钙|枸橼酸苹果酸钙片,,,口服，一次0.25～2.0g，一日2～3次。,3
枸橼酸莫沙必利,本品主要成份为枸橼酸莫沙必利化学名称：4-氨基-5-氯-2-乙氧基-N-{4-4-氟芐基-2-吗啉基甲基}苯甲酰胺枸橼酸盐二水合物。分子式：C21H25ClFN3O3·C6H8O7·2H2O分子量：650.05|本品主要成份枸橼酸莫沙必利。|枸橼酸莫沙必利|枸橼酸莫沙必利。、化学名称：4-氨基-5-氯-2-乙氧基-N-{4-4-氟苄基-2-吗啉基甲基}苯甲酰胺枸橼酸盐分子式：C21H25ClFN3O3·C6H8O7·2H2O分子量：650.05|枸橼酸莫沙必利分散片|枸橼酸莫沙必利片|枸橼酸莫沙必利胶囊,,,口服，一次5mg(一片)，一日3次，饭前或饭后服用，或遵医嘱。 || 口服，一次5mg（1粒），一日3次，饭前服用，或遵医嘱。 || 成人通常用量为1日3次，每次1片(5mg，以无水枸橼酸莫沙必利计)，饭前或饭后口服。,8
枸橼酸西地那非,枸橼酸西地那非,,,,1
枸橼酸钠,枸橼酸钠,,,,6
枸橼酸钾,本品主要成份为枸橼酸钾。|枸橼酸钾|枸橼酸钾缓释片|枸橼酸钾颗粒,枸橼酸钾,,口服。每次1~2包，一日3次，用温开水溶解后服用。 || 口服给药。与食物同服或餐后30分钟内服用。 使用本品治疗应限制盐的摄取（避免高...,6
枸橼酸铋钾,本品主要成份及化学名称为枸橼酸铋钾，其为一种组成不定的含铋复合物。|本品主要成分为枸橼酸铋钾。|本品每片含枸橼酸铋钾0.3g。辅料为：玉米淀粉、糊精、羧甲淀粉钠、羧甲基纤维素、滑石粉、硬脂酸镁、二氧化肽、聚山梨酯80、聚维酮K30、聚丙烯酸树脂II、蓖麻油、邻苯二甲酸二乙酯。|本品每粒含枸椽酸铋钾0.3克相当于铋0.11克，辅料为淀粉、甘露醇、羧甲基纤维素钠、硬脂酸镁。|枸橼酸铋钾|枸橼酸铋钾片|枸橼酸铋钾胶囊|枸橼酸铋钾颗粒,本品主要成分为枸橼酸铋钾。,,口服。成人一次1片，一日4次，前3次于三餐前半小时，第4次于晚餐后2小时服用；或... || 口服。成人一次1粒，一日4次，前3次于三餐前半小时，第4次于晚餐后2小时服用；或... || 口服，每日4次，每次1袋，餐前半小时与睡前用开水送服。或一日2次，早晚各服2次。连续服2或4周为一个疗程(联合或单用时)。如再继续服用，应遵医嘱。,12
枸橼酸铋雷尼替丁,本品主要成份为枸橼酸铋雷尼替丁。化学名称：N-2-5-二甲基氨基甲基糠基硫烷基乙基-N’-甲基-2-硝基-1，1-乙烯二胺枸橼酸铋|本品主要成份及其化学名称：主要成份是枸橼酸铋雷尼替丁，化学名为N－甲基－N〔2－〔〔〔5－〔二甲氨基甲基〕－2－呋喃基〕硫代〕乙基〕－2－硝基1，1－乙烯二胺枸橼酸铋盐。分子式：C13H22N4O3S.C6H5BiO7分子量：651|枸橼酸铋雷尼替丁|枸橼酸铋雷尼替丁片|枸橼酸铋雷尼替丁胶囊,,,成人每次0.4g(2粒)，每日二次，饭前或饭后服。治疗十二指肠溃疡：每次0.4... || 成人每次0.4g（2片），每日二次，饭前或饭后服用。 治疗十二指肠溃疡：每次0...,6
柔红霉素,柔红霉素,,,,2
柳氮磺吡啶,本品主要成份为：柳氮磺吡啶。|柳氮磺吡啶|柳氮磺吡啶肠溶片,,,口服，成人常用量：初剂量为一日2-3g(8-12片)，分3-4次口服。其它详见说明书。,3
柳氮磺吡啶栓,本品主要成份为柳氮磺吡啶。|柳氮磺吡啶栓,,,直肠给药。重症患者每日早、中、晚排便后各用一粒；中或轻症患者早、晚排便后各用一粒...,3
柳氮磺吡啶结肠溶,本品主要成份为柳氮磺吡啶；化学名为5-对-2-吡啶胺磺酰基苯偶氨水杨酸。|柳氮磺吡啶结肠溶|柳氮磺吡啶结肠溶胶囊,,,成人：每天3～4g（12～16粒），分次口服，用药间隔应不宜超过8小时为宜，为防...,3
柳烯酸溶液,本品为复方制剂，其组份为：十一烯酸1.6%，水杨酸1.0%，薄菏脑0.5%，二乙醇胺0.4%，其余为溶剂异丙醇。|柳烯酸溶液|柳烯酸溶液喷雾剂,,,外用，将药液喷洒于患处，每次的药液量能均匀覆盖患处即可，一日2次。体股癣和花斑癣连续用药2周，手足癣连续用药4周。,3
柴石退热,柴石退热|柴石退热颗粒|柴胡、石膏、黄芩、青蒿、板蓝根、金银花、大黄、蒲公英、知母、连翘。辅料为乳糖、甜菊苷。,,国药准字Z20010012,开水冲服，每次1袋，一日4次。,3
柴银感冒,柴胡金银花拳参射干僵蚕大青叶板蓝根陈皮甘草蔗糖或乳糖.或甘露醇.无蔗糖|柴银感冒|柴银感冒颗粒,柴胡金银花拳参射干僵蚕大青叶板蓝根陈皮甘草蔗糖或乳糖.或甘露醇.无蔗糖,国药准字Z20025872,1.每袋装15克用法如下:开水冲服，一次1～2袋，一日3次。|2.每袋装6克（无蔗糖）用法如下:开水冲服，一次1～2袋，一日3次。,3
栀子,栀子,,,,1
树脂类药物,树脂类药物,,,,2
核黄素,核黄素,,,,2
格列吡嗪,主要成分为格列吡嗪。|本品主要成份是格列吡嗪。|格列吡嗪|格列吡嗪。|格列吡嗪分散片|格列吡嗪控释片|格列吡嗪胶囊,主要成分为格列吡嗪。|格列吡嗪。,,口服.剂量因人而异.一般推荐剂量2.5-20mg/日.早餐前30分钟服用.日剂量... || 口服，需整片吞服，剂量因人而异，推荐每日早餐时（也可在其他认为方便的时候）服药一... || 本品为分散片，可将片剂置水中分散后，服用其溶液；或含在口中吮服、咀嚼服用；也可同...,14
格列吡嗪缓释,格列吡嗪。|格列吡嗪缓释|格列吡嗪缓释胶囊,格列吡嗪。,,口服。需整粒吞服(不宜掰开)。本品每日一次，剂量因人而宜。宜从小剂量开始，开始日...,3
格列喹酮,本品活性成份为格列喹酮。|本品的主要成份为格列喹酮。|格列喹酮|格列喹酮分散片|格列喹酮片,,,口服。应在餐前半小时服用。一般日剂量为15～120mg（0.5片～4片），据个体... || 口服，用温开水分散后服用。餐前服用。根据患者个体情况，可适当调节剂量，一般日剂...,6
格列本脲,格列本脲|格列本脲片|格列本脲片，化学名：N-2-4-环己氨基羰基氨基磺酰基苯基乙基-2-甲氧基-5-氯苯甲酰胺。,,,口服，开始2.5mg，轻症者1.25mg，早餐前或早餐及午餐前各一次，以后每隔1...,23
格列美脲,​本品主要成份为格列美脲。|本品主要成份为格列美脲。|本品主要成份为格列美脲。化学名称：1-{4-{2-3-乙基-4-甲基-2-氧代-3-吡咯啉-1-甲酰胺基-乙基}-苯磺酰}-3-反式-4-甲基环己基-脲。分子式：C24H34N4O5S分子量：490.6|格列美脲|格列美脲。|格列美脲分散片|格列美脲片|格列美脲胶囊,格列美脲。,,本品不同剂型、不同规格的用法用量可能存在差异，请阅读具体药物说明书使用，或遵医嘱。格列美脲片：1、在医师指导下使用本品，并据医生处方按时按量服用。服用本品时，不得嚼碎，并以定量的水（约半杯）送服。2、对于糖尿病患者，格列美脲或任何其他降糖药都无固定剂量，必须定期测定空腹血糖、尿糖和糖化血红蛋白以确定患者用药的最小有效剂量，测定糖化血红蛋白水平以监测患者的治疗效果。3、通常起始剂量：（1）在初期治疗 || 起始剂量为每日1mg格列美脲片。如果血糖得到满意控制，应以该剂量维持治疗。 || 遵医嘱口服用药。对于糖尿病患者，格列美脲或任何其他降糖药物都无固定剂量，必须定期...,12
格列苯脲,格列苯脲,,,,9
格列齐特,本品主要成分为格列齐特。|格列齐特|格列齐特。|格列齐特分散片|格列齐特片|格列齐特缓释片,本品主要成分为格列齐特。|格列齐特。,国药准字H44020011,口服 开始用量40～80mg，一日1～2次，以后根据血糖水平调整至一日80～240mg，分2～3次服用，待血糖控制后，每日改服维持量。老年病人酌减。? || 口服，仅用于成年人。每日1次，剂量为1至4片，30～120mg。  建议于早餐时... || 本品为分散片，使用时将其加入适量水中，搅拌均匀分散后服用，也可直接用水送服。开始用量40～80mg，一日1～2次，以后根据血糖水平调整至一日80mg～240mg，分2～3次服用，*大剂量一般不超过320mg。待血糖控制后，每日改服维持量。老年患者酌减。,9
格列齐特片Ⅱ,格列齐特。|格列齐特片Ⅱ,格列齐特。,,口服 仅用于成年人。与所有的降血糖药一样，剂量应依每个病人的情况进行调节。在短暂...,2
格列齐特缓释,"本品主要成份为格列齐特。化学名称：1-3-氮杂双环3,3,0辛基-3-对甲苯磺酰脲。分子式：C15H21N3O3S分子量：323.4|格列齐特缓释|格列齐特缓释胶囊",,,口服，仅用于成年人。每日1次，剂量为30~120mg(1至4粒)，建议于早餐时服...,3
格隆溴胺,格隆溴胺,,,,1
桂利嗪,本品主要成份及其化学名称为：1-二苯甲基-4-3-苯基-乙-丙烯基-哌嗪。|桂利嗪|桂利嗪片,,,口服，每次25～50mg ，每日3次。,2
桑椹,本品含糖、鞣酸，苹果酸，维生素B1、B2、C，胡萝卜素，蛋白质，芸香苷等组分。|桑椹,本品含糖、鞣酸，苹果酸，维生素B1、B2、C，胡萝卜素，蛋白质，芸香苷等组分。,,1、煎服，9-15g。桑椹膏10-30g，温开水送服。鲜品捣汁服。2、入汤剂，或熬膏，或浸酒，或入丸、散，或生啖。,2
桑白皮,桑白皮,,,,1
桑螵蛸,桑螵蛸,,,,1
桔梗,桔梗,,,,1
榄香烯口服乳,β-、γ-和δ-榄香烯。本品为温莪术郁金提取物，为榄香烯、大豆磷脂和胆固醇经乳化而制成的口服乳剂。|榄香烯口服乳,,,口服，一次20ml(1支)，每日三次。饭前空腹小口吞咽，连服4-8周为一个疗程。...,3
槐花,1、本品富含芸香苷、槲皮素、鞣质等。2、2015年版《中国药典》规定：含总黄酮以芦丁C27H30O16计，槐花不得少于8.0%；槐米不得少于20.0%。含芦丁C27H30O16槐花不得少于6.0%；槐米不得少于15.0%。|槐花,,,1、煎服，10-15g。外用适量。2、止血多炒炭用，清热泻火宜生用。,2
次水杨酸铋,本品主要成份、次水杨酸铋。|次水杨酸铋|次水杨酸铋分散片,,国药准字H20041438,"口服,具体服用方式为在水、果汁或牛奶中分散后口服,直接吞服或嚼碎后服用。",3
欧龙马滴剂,欧龙胆、报春花、酸模、洋接骨木、马鞭草；辅料乙醇的含量为19%。|欧龙马滴剂,,,口服。第1~5天，一次100滴（约6.2ml）；第6~10天，一次50滴（约3....,3
款冬花,款冬花,,,,1
止咳祛痰,桔梗、百部、苦杏仁、盐酸麻黄碱。|止咳祛痰|止咳祛痰颗粒,桔梗、百部、苦杏仁、盐酸麻黄碱。,,温开水冲服，一次10g，一日3次。,2
止痛药,止痛药,,,,1
止血敏,止血敏,,,,1
正胃,正胃|正胃片|猴耳环、木香、七叶莲、陈皮、甘草、次硝酸铋、氧化镁、氢氧化铝。,猴耳环、木香、七叶莲、陈皮、甘草、次硝酸铋、氧化镁、氢氧化铝。,,口服，一次2片，一日3次，嚼碎服。,2
毒扁豆碱,毒扁豆碱,,,,1
毒毛花苷k,毒毛花苷k|毒毛花苷k注射液|毒毛苷k,毒毛苷k,国药准字H37022808,静脉注射成人常用量：首剂0.125～0.25?，加入等渗葡萄糖液20～40ml内缓慢注入(时间不少于5分钟)，2小时后按需要重复再给一次0.125～0.25?，总量每天0.25～0.5?。极量：静脉注射一次0.5?，一日1?。病情好转后，可改用洋地黄口服制剂。成人致死量为10?。小儿常用量：按体重0.007～0.01?/?或按体表面积0.3mg/m2，首剂给予一半剂量，其余分成几个相等部分，间隔0,3
比卡鲁胺,本品主要成份为比卡鲁胺。|比卡鲁胺|比卡鲁胺片,,国药准字H20073877,1.50mg片剂与促黄体生成素释放激素(LHRH)类似物或外科睾丸切除术联合应用于晚期前列腺癌的治疗. (1)成人成年男性包括老年人:一片(50mg)，一天一次，用本品治疗应与LHRH类似物或外科睾丸切除术治疗同时开始. (2)儿童:本品禁用于儿童. (3)肾损害对于肾损害的病人无需调整剂量. (4)肝损害对于轻度肝损害的病人无需调整剂量，中重度肝损伤的病人可能发生药物蓄积(见注意事项). 2.1,3
比沙可啶,本品每片含主要成分比沙可啶5毫克。|本品每片含比沙可啶5毫克。辅料为：乳糖一水合物、玉米淀粉、可溶性淀粉、甘油、硬脂酸镁、蔗糖、滑石粉、阿拉伯树胶、二氧化钛、甲基丙烯酸-甲基丙烯酸酯共聚物、蓖麻油、聚乙二醇6000、黄氧化铁、白蜂蜡、巴西棕榈蜡、虫胶、乙醇、丙酮。|比沙可啶|比沙可啶片|比沙可啶肠溶片,本品每片含主要成分比沙可啶5毫克。,国药准字H10880043,口服。 1. 6岁以上儿童，一次1片。 2. 成人，一次1～2片；一日1次，整片吞服。 || 口服。6岁以上儿童，一次1片；成人，一次1～2片；一日1次。整片吞服。,6
比沙可啶栓,比沙可啶、硬脂|比沙可啶栓,比沙可啶、硬脂,国药准字H19991396,塞入肛门，一次10mg（1粒），一日1次。,3
比索洛尔氨氯地平,本品为复方制剂，其组分为富马酸比索洛尔、苯磺酸氨氯地平。|比索洛尔氨氯地平|比索洛尔氨氯地平片,本品为复方制剂，其组分为富马酸比索洛尔、苯磺酸氨氯地平。,,应在早晨服用，与食物同服与否均可，整片服用勿嚼碎。每日推荐剂量为1片。,3
氟他胺,本品主要成份为氟他胺。|氟他胺|氟他胺片,,,口服。单一用药或与LHRH激动剂联合用药的推荐剂量为每日三次，间隔8小时，每次...,3
氟伏沙明,氟伏沙明,,,,10
氟伐他汀,氟伐他汀,,,,1
氟伐他汀钠,氟伐他汀钠|氟伐他汀钠缓释片|氟伐他汀钠胶囊|活性成份:氟伐他汀钠化学名称：R*.S*-E-±-7-3-4-氟苯基-1-1-甲基乙基-1氢-吲哚-2-基-3.5-二羟-6-庚酸钠分子式：C24H25FN04Na分子量：433.46|活性成份：氟伐他汀钠。,,,在开始本品治疗前及治疗期间，患者必须坚持低胆固醇饮食。常规剂量推荐剂量为20或40毫克，每日一次。晚餐时或睡前吞服。要根据个体对药物和饮食治疗的反应以及公认的治疗指南来调整剂量。胆固醇极高或对药物反应不佳者可增加剂量至40毫克每日两次。给药后，四周内达到最大降低低密度脂蛋白胆固醇(LDL-C)作用。长期服用持续有效。肾功能不全患者的剂量：由于本品几乎完全由肝脏清除，仅有不到6%的药物进入尿中，因此 || 成人患者:在开始治疗前，患者应采用标准的降低胆固醇的饮食控制。在整个治疗期间应继续饮食控制。推荐的起始剂量为20mg或40mg常释胶囊，每日一次。可以根据患者治疗效果和推荐需达到的治疗目标调整剂量。对于严重的高胆固醇血症或者40mg常释胶囊治疗效果不满意的患者，可以使用氟伐他汀钠缓释片80mg/天。推荐的每日最大剂量为80mg。本品可在每天任意时间服用，无论进食与否。给药后，四周内达到最大降脂作用,4
氟优沙明,氟优沙明,,,,1
氟化物,氟化物,,,,2
氟化钠,氟化钠,,,,1
氟卡尼,氟卡尼,,,,1
氟哌啶醇,本品主要成分为氟哌啶醇。|氟哌啶醇|氟哌啶醇片,本品主要成分为氟哌啶醇。,,"治疗精神分裂症，口服,从小剂量开始，起始剂量一次2~4mg(1～2片)，一日2~3次。逐渐增加至常用量一日10~40mg(5～20片)，维持剂量一日4~20mg(2～10片)。治疗抽动秽语综合症，一次1~2mg(0.5～1片)，一日2~3次。",6
氟哌噻吨美利曲辛,本品为复方制剂，其主要成份为：盐酸氟哌噻吨和盐酸美利曲辛。|本品为复方制剂，其主要成分为：盐酸氟哌噻吨和盐酸美利曲辛。|氟哌噻吨美利曲辛|氟哌噻吨美利曲辛片|氟哌噻吨美利曲辛胶囊,本品为复方制剂，其主要成分为：盐酸氟哌噻吨和盐酸美利曲辛。,,。,6
氟哌酸,氟哌酸,,,,5
氟尿嘧啶,5-FU|氟尿嘧啶,,,,5
氟康唑,本品主要成份为氟康唑。|氟康唑|氟康唑片|氟康唑胶囊,氟康唑,,口服 || 口服。成人（1）播散性念珠菌病：首次剂量0.4g，以后一次0.2g，一日1次，至少4周，症状缓解后至少持续2周。（2）食道念珠菌病：首次剂量0.2g，以后一次0.1g，一日1次，持续至少3周，症状缓解后至少持续2周。根据治疗反应，也可加大剂量至一次0.4g，一日1次。（3）口咽部念珠菌病：首次剂量0.2g，以后一次0.1g，一日1次，疗程至少2周。（4）念珠菌外阴阴道炎：单剂量，0.15g。（5）,22
氟康唑葡萄糖,本品主要成分为氟康唑。辅料为葡萄糖。|氟康唑葡萄糖|氟康唑葡萄糖注射液,,国药准字H20020594,"静脉滴注，每0.2g加入5%葡萄糖注射液或0.9%氯化钠注射液250ml中，滴注时间为30～60分钟。
1.成人： 
(1)播散性念珠菌病：首次剂量0.4g，以后一次0.2g，一日1次，持续4周，症状缓解后至少持续2周。
(2)食道念珠菌病：首次剂量0.2g，以后一次0.1g，一日1次，持续至少3周，症状缓解后至少持续2周。根据治疗反应，也可加大剂量至一次0.4g，一日1次。
(3)口咽部念珠菌病",3
氟桂利嗪,本品主要成份为盐酸氟桂利嗪。|本品主要成分为盐酸氟桂利嗪。|氟桂利嗪|氟桂利嗪胶囊|西比灵,本品主要成分为盐酸氟桂利嗪。,,1、脑动脉硬化，脑梗塞恢复期，氟桂利嗪每日5-10mg。2、特发性耳鸣者，氟桂利嗪10mg，每晚1次，10天为1个疗程。3、间歇性跛行，氟桂利嗪每日10-20mg。4、偏头痛预防，氟桂利嗪每次5-10mg，每日2次。5、包括椎基底动脉供血不全在内的中枢性眩晕及外周性眩晕，选用氟桂利嗪每日10-20mg，2-8周为1个疗程。 || 本品不同剂型、不同规格的用法用量可能存在差异，请阅读具体药物说明书使用，或遵医嘱。盐酸氟桂利嗪分散片：1、偏头痛的预防性治疗：（1）起始剂量：对于65岁以下患者开始治疗时给予每晚2片，65岁以上患者每晚1片。如在治疗中出现抑郁、锥体外系反应和其它无法接受的不良反应，应及时停药。如在治疗2个月后未见明显改善，则应视为患者对本品无反应，也应停止用药。（2）维持治疗：如果疗效满意，患者需维持治疗时，应减,7
氟氧头孢钠,氟氧头孢钠|氟氧头孢钠注射液,,,,1
氟氯西林钠,主要成分为氟氯西林。|氟氯西林钠|氟氯西林钠胶囊,主要成分为氟氯西林。,HC20090028,饭前服用。成人3-4次/日，1粒/次，中重度感染2粒/次；儿童3次/日，按50mg/日/kg的剂量给药。,3
氟派酸,氟派酸,,,,1
氟灭酸,氟灭酸,,,,1
氟烷,氟烷,,,,7
氟罗沙星,本品主要成份为:氟罗沙星。|本品活性成份为氟罗沙星。辅料为注射用水，用适量乳酸溶液调节pH值。|氟罗沙星|氟罗沙星注射液|氟罗沙星片,,国药准字H10970397|国药准字H20020610,口服，一日0.2～0.4g(一日2～4片)，分1～2次服，一般疗程7～14日。 || 避光缓慢静脉滴注，一次0.2-0.4g，一日1次，稀释于5%葡萄糖250-500ml注射液中。,6
氟罗沙星甘露醇,本品主要成份为氟罗沙星，每100ml含氟罗沙星0.4g与甘露醇5g。|氟罗沙星甘露醇|氟罗沙星甘露醇注射液,,国药准字H20000452,?避光静脉缓慢滴注，成人每次0.2-0.4g，每日一次。,3
氟罗沙星葡萄糖,本品主要成分为氟罗沙星。|氟罗沙星葡萄糖|氟罗沙星葡萄糖注射液,本品主要成分为氟罗沙星。,国药准字H19980152,避光缓慢静脉滴注，一次0.2～0.4g，一日1次。,3
氟羟强的松龙,氟羟强的松龙,,,,1
氟胞嘧啶,本品主要成份为氟胞嘧啶。|氟胞嘧啶|氟胞嘧啶片,,,口服。一次1.0～1.5g，一日4次。或遵医嘱。,5
氟脲嘧啶,氟脲嘧啶|氟脲嘧啶注射液,,,,1
氟苯丙胺,氟苯丙胺,,,,1
氟茚二酮,氟茚二酮,,,,1
氟西汀,氟西汀,,,,25
氟达拉滨,氟达拉滨,,,,1
氟马西尼,本品主要成份为氟马西尼辅料：氯化钠、EDTA-2Na、冰醋酸。|氟马西尼|氟马西尼注射液,,国药准字H20055902,可用5%的葡萄糖水、乳酸林格氏液或普通生理盐水稀释后注射，稀释后应在24小时内使用。1．终止用苯二氮卓类药物诱导及维持的全身麻醉：推荐的初始剂量为15秒内静脉注射0.2毫克。如果首次注射后60秒内清醒程度未达到要求，则追加给药0.1毫克，必要时可间隔60秒后再追加给药一次，直至最大总量1毫克，通常剂量为0.3-0.6毫克。2．作为苯二氮卓类药物过量时中枢作用的特效逆转剂：推荐的首次静脉注射剂量为0,3
氢化可的松,氢化可的松,,,,2
氢化可的松琥珀酸钠,氢化可的松琥珀酸钠,,,,1
氢氧化铝,氢氧化铝,,,,30
氢氧化铝-三硅酸镁,氢氧化铝-三硅酸镁,,,,1
氢氧化铝凝胶,氢氧化铝凝胶,,,,2
氢氧化铝制剂,氢氧化铝制剂,,,,1
氢氧化镁,氢氧化镁,,,,4
氢氯噻嗪,化学名称：本品主要成份为氢氯噻嗪，其化学名称为6-氯-3，4-二氢-2H-1，2，4-苯并噻二嗪-7-磺酰胺-1，1-二氧化物。|氢氯噻嗪|氢氯噻嗪片,,,口服。1.成人常用量 (1) 治疗水肿性疾病，每次25~50mg，每日1~2次，或隔日治疗，或每周连服3~5日。(2)治疗高血压，每日25~100mg，分1~2次服用，并按降压效果调整剂量。 2. 小儿常用量口服。每日按体重1~2mg/kg或按体表面积30~60mg/m2，分1~2次服用，并按疗效调整剂量。小于6个月的婴儿剂量可达每日3mg/kg。,16
氢溴酸右美沙芬,本品每片含主要成分为氢溴酸右美沙芬15毫克。辅料为淀粉、预胶化淀粉、蔗糖、硬脂酸镁。|本品每粒含氢溴酸右美沙芬15毫克。|本每毫升含氢溴酸右美沙芬15毫克，辅料为蔗糖、苯甲酸钠、枸缘酸、奶油香精、水。|氢溴酸右美沙芬|氢溴酸右美沙芬。|氢溴酸右美沙芬口服液|氢溴酸右美沙芬片|氢溴酸右美沙芬糖浆|氢溴酸右美沙芬缓释片|氢溴酸右美沙芬胶囊,本品每粒含氢溴酸右美沙芬15毫克。|氢溴酸右美沙芬。,国药准字H10960215|国药准字H20023071,口服。12岁以上儿童及成人：一次10-20毫升，一日3次。12岁以下儿童详见说明书。 || 口服。一次1～2粒，一日3-4次 || 口服。一次30mg，一日2次，或遵医嘱。,15
氢溴酸右美沙芬口服溶液,本品主要成份为氢溴酸右美沙芬，每100毫升含氢溴酸右美沙芬0.15克，辅料为枸橼酸、蔗糖、苯甲酸钠及柠檬黄。|氢溴酸右美沙芬口服溶液,,,口服。12岁以上儿童及成人：一次20毫升，一日3次。12岁以下儿童用量见下表：年龄1~3岁，体重10~15公斤，一次用量2~3毫升；年龄4~6岁，体重16~21公斤，一次用量3~4毫升；年龄7~9岁，体重22~27公斤，一次用量4~5毫升；年龄10~12岁，体重28~32公斤，一次用量5~6毫升；一日3~4次。,3
氢溴酸右美沙芬滴鼻液,氢溴酸右美沙芬|氢溴酸右美沙芬滴鼻液,氢溴酸右美沙芬,国药准字H19990193,滴鼻(本品内包装为喷雾瓶，喷入一侧鼻孔或两侧鼻孔)，一次3～5滴(病情轻者3揿，病情重者5揿)，一日3～4次，或遵医嘱。,3
氢溴酸西酞普兰,氢溴酸西酞普兰|氢溴酸西酞普兰片|活性成分:氢溴酸西酞普兰。,活性成分:氢溴酸西酞普兰。,,成人:每日服用一次。开始剂量每日20mg，如临床需要，可增加至每日40mg或最高...,2
氧化性药物,具有氧化作用的药物|氧化性药物,,,,1
氧化物,氧化物,,,,3
氧化锌硫,本品为复方制剂，每克含氧化锌100毫克，升华硫200毫克。辅料为：水杨酸、硼酸、鱼石脂、薄荷脑、液体石腊、白凡士林、十八醇、单硬脂酸甘油脂、丙二醇、羟苯丙酯、硬脂酸聚烃氧40酯、羟苯甲酯。|氧化锌硫|氧化锌硫软膏,,,外用。涂搽于洗净的患处，一日2-3次。,3
氧化镁,氧化镁,,,,2
氧氟沙星,"本品主要成份为氧氟沙星,其化学名为±-9-氟-2,3-二氢-3-甲基-10-4-甲基-1哌嗪基-7-氧代-7H-吡啶并1,2,3-de-1,4苯并?f嗪-6-羧酸。|氧氟沙星|氧氟沙星。|氧氟沙星滴眼液|氧氟沙星片",氧氟沙星。,国药准字H20044575|国药准字H44024020,口服。成人常用量: 1.支气管感染?肺部感染:一次0.3g，一日2次，疗程7～14日。 2.急性单纯性下尿路感染:一次0.2g，一日2次，疗程5～7日；复杂性尿路感染:一次0.2g，一日2次，疗程10～14日。 3.前列腺炎:一次0.3g，一日2次，疗程6周；衣原体宫颈炎或尿道炎，一次0.3g，一日2次，疗程7～14日。 4.单纯性淋病:一次0.4g，单剂量。 5.伤寒:一次0.3g，一日2次，疗 || 局部用药：涂于眼睑内，一日3次，一次适量。或遵医嘱。,7
氧氟沙星凝胶,"本品主要成份为氧氟沙星，其化学名称为：±-9-氟-2，3-二氢-3-甲基-10-4-甲基-1-哌嗪基-7-氧代-7H–吡啶并1,2,3-de-1,4-苯并噁嗪-6-羧酸。|氧氟沙星凝胶",,,涂于患处。一日2次。脓性分泌物多者，先用生理盐水清洁患处后，再使用。,3
氧氟沙星氯化钠,本品主要成分为盐酸左氧氟沙星|氧氟沙星氯化钠|氧氟沙星氯化钠注射液,本品主要成分为盐酸左氧氟沙星,国药准字H20020150,"静脉缓慢滴注。 成人常用量:|1.支气管感染?肺部感染:一次0.3g,一日2次,疗程7～14日。|2.急性单纯性下尿路感染:一次0.2g,一日2次,疗程5～7日;|3.复杂性尿路感染:一次0.2g,一日2次,10～14日。|3.前列腺炎:一次0.3g,一日2次,疗程6周;衣原体宫颈炎或尿道炎,一次0.3g,一日2次,疗程7～14日。|4.单纯性淋病:一次0.4g,单剂量。|5.伤寒:一次0.3g,",3
氧氟沙星滴耳液,氧氟沙星.|氧氟沙星滴耳液,氧氟沙星.,,"滴耳.成人一次6～10滴,一日2～3次.滴耳后进行约10分钟耳浴.根据症状适当增...",3
氨卡噻哌啶,氨卡噻哌啶,,,,1
氨咖愈敏溶液,本品为复方制剂，每10毫升含对乙酰氨基酚120毫克、马来酸氯苯那敏1.125毫克、无水咖啡因18.75毫克、愈创木酚甘油醚37.5毫克。辅料为：|氨咖愈敏溶液,,国药准字H20013384,口服。成人一次10-20毫升，一日3次。,3
氨咖黄敏,主要成份：维生素B6。|本品为复方制剂，每粒含对乙酰氨基酚250毫克，咖啡因15毫克，马来酸氯苯那敏1毫克，人工牛黄10毫克。|氨咖黄敏|氨咖黄敏片|氨咖黄敏胶囊,,国药准字H52020103,口服，成人，一次1～2粒，一日3次。 || 本品口服。成人，一次1～2片，一日3次。,6
氨咖黄敏口服溶液,本品为复方制剂，每10毫升含对乙酰氨基酚125毫克、咖啡因7.5毫克、马来酸氯苯那敏1.5毫克、人工牛黄5毫克。辅料为：|氨咖黄敏口服溶液,,国药准字H10930079,口服。1～4岁儿童，一次0.5支;.～9岁儿童，一次1支;10岁以上儿童一次1.5-2支。一日3次。,3
氨基己酸,本品主要成份氨基己酸C。|氨基己酸|氨基己酸注射液|氨基己酸片,,国药准字H33021337,口服，每次2g，每日3～4次，依病情用7～10日或更久。小儿口服剂量为0.1g/(kg・次)，每日3～4次。本品吸收迅速完全，服后1～2小时可达血中有效浓度。,4
氨基比林,氨基比林,,,,1
氨基水杨酸,氨基水杨酸,,,,1
氨基苯乙哌啶酮,氨基苯乙哌啶酮,,,,2
氨基苷,氨基苷,,,,1
氨基酸,氨基酸|氨基酸注射液,,,,3
氨普那韦,氨普那韦,,,,1
氨曲南,氨曲南,,,,1
氨来呫诺糊剂,氨来呫诺。|氨来呫诺糊剂,氨来呫诺。,,"局部外用.取适量本品涂于口腔溃疡处,每日4次。",3
氨氯吡咪,氨氯吡咪,,,,1
氨氯地平,氨氯地平|氨氯地平。|氨氯地平片|络活喜,氨氯地平。,,苯磺酸氨氯地平片、马来酸氨氯地平片：口服。1、治疗高血压：初始剂量为5mg，一日1次，最大剂量为10mg，一日1次。虚弱或老年患者、伴有肝功能不全患者初始剂量为2.5mg，一日1次；此剂量也可为原使用其它抗高血压药物治疗需加用本品治疗的剂量。应根据患者个体反应调整剂量，一般的剂量调整应在7-14天后开始进行。如临床需要，在对患者进行严密监测的情况下，可于较短时间内开始剂量调整。2、治疗心绞痛：初始,22
氨氯地平阿托伐他汀钙,"本品为复方制剂,其组分为苯磺酸氨氯地平和阿托伐他汀钙。|氨氯地平阿托伐他汀钙|氨氯地平阿托伐他汀钙片","本品为复方制剂,其组分为苯磺酸氨氯地平和阿托伐他汀钙。",国药准字J20080048,口服，根据病人两种疾病病情差异设计有多种不同剂量规格，减少了病人为控制血压和血胆固醇浓度所需服药数量。可以在任何时间服药，饭前饭后均可。,3
氨溴特罗,"本品为复方制剂，其组份为盐酸氨溴索和盐酸克仑特罗。|本品为复方制剂，其组分为每ml含：盐酸氨溴索1.5mg,盐酸克仑特罗1μg。|氨溴特罗|氨溴特罗口服液|氨溴特罗片","本品为复方制剂，其组份为盐酸氨溴索和盐酸克仑特罗。|本品为复方制剂，其组分为每ml含：盐酸氨溴索1.5mg,盐酸克仑特罗1μg。",国药准字H20080487,1.小儿（12岁以下）：口服，一次2.5～15ml，一日2次。根据年龄及体重调... || 12岁以上儿童及成人：口服，1次1片，1日2次；对严重呼吸困难患者，最初2―3天，口服，1次1片，1日3次。,6
氨溴索,氨溴素|氨溴索,,,,1
氨甲喋呤,氨甲喋呤,,,,9
氨甲环酸,主要成分为氨甲环酸。|本品化学名称为：-4-氨甲基环己烷甲酸。分子式：C8H15NO2分子量：157.21|本品的活性成份为氨甲环酸。|氨甲环酸|氨甲环酸注射液|氨甲环酸片|氨甲环酸胶囊,主要成分为氨甲环酸。,国药准字H22021177|（1）2ml：0.1g：国药准字H11020634（2）5ml：0.5g：国药准字H11020633,1、口服：一次1-1.5g，一日2-6g。2、为防止手术前后出血，可参考上述剂量，为治疗原发性纤维蛋白溶解所致出血，剂量可酌情加大。 || 口服：一次1?~?1.5g，一日2～6g。为防止手术前后出血，可参考上述剂量，为治疗原发性纤维蛋白溶解所致出血，剂量可酌情加大。 || 静脉注射或滴注：一次0.25～0.5g，一日0.75～2g。静脉注射液以25%葡萄糖液稀释，静脉滴注液以5%～10%葡萄糖液稀释。为防止手术前后出血，可参考上述剂量。治疗原发性纤维蛋白溶解所致出血时，剂量可酌情加大。,9
氨甲环酸氯化钠,氨甲环酸|氨甲环酸氯化钠|氨甲环酸氯化钠注射液,氨甲环酸,国药准字H20031101,静脉滴注，一般成年人一次0.25～0.5g，必要时可每日1～2g，分1～2次给药。根据年龄和症状可适当增减剂量，或遵医嘱。为防止手术前后出血，可参考上述剂量，为治疗原发性纤维蛋白溶解所致出血，剂量可酌情加大。,3
氨甲苯酸,本品主要成份为氨甲苯酸。|本品主要成分为氨甲苯酸。|氨甲苯酸|氨甲苯酸注射液|氨甲苯酸片,本品主要成分为氨甲苯酸。,国药准字H11021781|国药准字H23021156,口服。一次0.25～0.5g?一日2～3次?每日总量为2g。 || 静脉注射或滴注一次0.1～0.3g(一次2-6支)，一日不超过0.6g。,6
氨甲苯酸氯化钠,"本品主要成份为氨甲苯酸,其化学名为对氨甲基苯甲酸一水合物.|氨甲苯酸氯化钠|氨甲苯酸氯化钠注射液",,国药准字H20020132,静脉滴注，一次0.1～0.3g，一日不超过0.6g。或遵医嘱。,3
氨甲蝶呤,氨甲蝶呤,,,,2
氨硫脲,本品主要成分为氨硫脲，其化学名为4-乙酰氨基苯甲醛缩氨硫脲。|氨硫脲|氨硫脲片,本品主要成分为氨硫脲，其化学名为4-乙酰氨基苯甲醛缩氨硫脲。,国药准字H37020444,"口服。成人一日最初25-50mg,以后渐增至一日100-15Omg；小儿体重小于lOkg者一日剂量为25mg，体重10-20kg者一日剂量为50mg，20-40kg者一日剂量为100mg,可分2-3次服用或顿服。",4
氨碘肽,氨碘肽|氨碘肽。|氨碘肽滴眼液,氨碘肽。,国药准字H32025700,"滴眼。一次1滴,一日3次。",3
氨磺必利,本品成分为氨磺必利。|氨磺必利|氨磺必利片,本品成分为氨磺必利。,国药准字H20113230,通常情况下，若每天剂量小于或等于400mg，应一次服完，若每天剂量超过400mg，应分为两次服用。急性期对于急性精神病发作，推荐剂量为400mg/天至800mg/天，根据个体情况最大剂量可到1200mg/天。超1200mg/天尚未广泛评价安全性，因此不要使用。阳性及阴性症状混合阶段治疗初期，应主要控制阳性症状，剂量可为、400-800mg/天。维持治疗任何情况下，均应根据病人的情况将维持剂量调整到,3
氨糖,本品主要成分为盐酸氨基葡萄糖。|氨糖,本品主要成分为盐酸氨基葡萄糖。,,本品不同剂型、不同规格的用法用量可能存在差异，请阅读具体药物说明书使用，或遵医嘱。盐酸氨基葡萄糖胶囊：口服，一次1粒，一日2次，吃饭时或饭后服用。6周为一个疗程或根据需要延长。每年重复治疗2-3次。,3
氨芐西林,氨芐西林,,,,1
氨苄噻哌啶,氨苄噻哌啶,,,,2
氨苄西林,本品主要成份为氨苄西林，化学名称为：6D--2-氨基-苯乙酰氨基青霉烷酸的三水化合物。其结构式为：分子式：C16H19N3O4S·3H2O分子量：403.45|本品主要成份氨苄西林B。|氨苄西林|氨苄西林片|氨苄西林胶囊|氨苄西林颗粒|氨苄青霉素,氨苄西林,国药准字H37023131|国药准字H37023735,"口服。一次0.25~0.75g,一日4次。 || 口服。成人一次0.25～O.75g，一日4次。小儿每日剂量按每千克体重25mg，... || 口服，服前用凉开水冲至60毫升标志处，每次服前摇匀，然后倒入特制小杯内按以下剂量服用。",24
氨苄西林-丙磺舒,本品为复方制剂，每片含活性成分氨苄西林194.5mg、丙磺舒55.5mg。|氨苄西林-丙磺舒|氨苄西林-丙磺舒。|氨苄西林-丙磺舒分散片|氨苄西林-丙磺舒胶囊,本品为复方制剂，每片含活性成分氨苄西林194.5mg、丙磺舒55.5mg。|氨苄西林-丙磺舒。,国药准字H20057151|国药准字H20060816,口服。成人每日3次，每次3粒；小儿用药请遵医嘱。 治疗淋病：3.5g氨苄西林加丙磺舒1g（18粒胶囊）作为单次剂量服用。 || 成人，一次3次，一次0.75g。,6
氨苄西林丙磺舒,本品为复方制剂，其组份为：氨苄西林0.194.g﹑丙磺舒0.0555g。|本品为复方制剂，每片含活性成分氨苄西林194.5mg、丙磺舒55.5mg。|氨苄西林丙磺舒|氨苄西林丙磺舒分散片|氨苄西林丙磺舒胶囊,本品为复方制剂，其组份为：氨苄西林0.194.g﹑丙磺舒0.0555g。|本品为复方制剂，每片含活性成分氨苄西林194.5mg、丙磺舒55.5mg。,国药准字H20063884|国药准字H20100168,口服。成人，一次0.75g，一日3次。治疗淋病:一次口服4.5g(氨苄西林3.5g、丙磺舒1g)。 || 本品口服。 1.成人每日3次，每次3粒。 2.小儿用药请遵医嘱。 3.治疗淋病：3.5g氨苄西林加丙磺舒1g（18粒胶囊）作为单次剂量服用。,6
氨苄西林丙磺舒口腔崩解,本品为复方制剂，活性成分为每片含氨苄西林0.1945g和丙磺舒0.0555g。|氨苄西林丙磺舒口腔崩解|氨苄西林丙磺舒口腔崩解片,本品为复方制剂，活性成分为每片含氨苄西林0.1945g和丙磺舒0.0555g。,国药准字H20052641,将本品置于舌上，约半分钟左右药片崩解完全，吞咽即可，不需用水送服，口舌略加运动可以加速药片崩解，进一步缩短服药过程。成人每日3次，每次0.75g。治疗淋病：一次口服4.5g。,3
氨苄西林干混悬剂,本品为复方制剂，活性成分为每片含氨苄西林0.1945g和丙磺舒0.0555g。|氨苄西林干混悬剂,本品为复方制剂，活性成分为每片含氨苄西林0.1945g和丙磺舒0.0555g。,国药准字H21023783,将本品置于舌上，约半分钟左右药片崩解完全，吞咽即可，不需用水送服，口舌略加运动可以加速药片崩解，进一步缩短服药过程。 成人每日3次，每次0.75g。 治疗淋病：一次口服4.5g。,3
氨苄青霉素,氨苄青霉素,,,,15
氨苄青霉素/丙磺舒,本品为复方制剂，其组份为：氨苄西林0.194.g﹑丙磺舒0.0555g。|氨苄青霉素/丙磺舒|氨苄青霉素/丙磺舒胶囊,本品为复方制剂，其组份为：氨苄西林0.194.g﹑丙磺舒0.0555g。,国药准字H19980188,口服。成人每日3次，每次3粒；小儿用药请遵医嘱。 治疗淋病：3.5g氨苄西林加丙磺舒1g（18粒胶囊）作为单次剂量服用。,3
氨苯喋啶,氨苯喋啶,,,,5
氨苯砜,氨苯砜,氨苯砜,国药准字H20133074,1.制麻风口服，与一种或多种其他抗麻风药合用。成人1次50～100mg，每日1次；或按体重1次0.9～1.4mg/kg，每日1次，最高剂量每日200mg。可与开始每日口服12.5～25mg，以后逐渐加量到每日100mg。小儿按体重1次0.9～1.4mg/kg，每日1次。由于本品有蓄积作用，故每服药6日停药1日，每服药10周停药2周。|2.治疗疱疹样皮炎口服，成人起始每日50mg，如症状未完全抑制，,17
氨苯蝶啶,本品主要成分为氨苯蝶啶。|氨苯喋啶|氨苯蝶啶|氨苯蝶啶片|氨苯螺定,本品主要成分为氨苯蝶啶。,国药准字H11020600,口服：(1) 成人常用量 开始每日25～100mg，分2次服用，与其他利尿药合用时，剂量可减少。维持阶段可改为隔日疗法。最大剂量不超过每日300mg。(2) 小儿常用量 开始每日按体重2～4mg/kg或按体表面积120mg/m2，分2次服，每日或隔日疗法。以后酌情调整剂量。最大剂量不超过每日6mg/kg或300mg/m2。,13
氨苯蝶啶氢氯噻嗪,"本品为复方制剂,其组分每片含为:氨苯蝶啶50mg、氢氯噻嗪25mg.|氨苯蝶啶氢氯噻嗪|氨苯蝶啶氢氯噻嗪片","本品为复方制剂,其组分每片含为:氨苯蝶啶50mg、氢氯噻嗪25mg.",国药准字H31022478,"口服。一次1片,一日2次。用于高血压时应待血压恢复后再给予一次1片,一日1次的维持量。",3
氨茶碱,本品主要成份为：氨茶碱。其化学名称为：1，3-二甲基-3，7-二氢-1H-嘌呤-2，6-二酮-1，2-乙二胺盐二水合物。|本品主要成份茶碱。|本品主要成分为氨茶碱。|氨茶碱|氨茶碱注射液|氨茶碱片|氨茶碱缓释片,本品主要成分为氨茶碱。,国药准字H11020150|国药准字H20033006,"1.成人常用量： (1)静脉注射，一次0.125-0.25g，一日0.5-1g，每次0.125~0.25g用50%葡萄糖注射液稀释至20~40ml，注射时间不得短于10分钟。 (2)静脉滴注，一次0.25~0.5g，一日0.5~1g，以5%~10%葡萄糖注射液稀释后缓慢滴注。注射给药，极量一次0.5g,一日1g。 2.小儿常用量：静脉注射，一次按体重2-4mg/kg，以5%~25%葡萄糖注射液稀释 || 1.成人常用量：口服，一次0.1～0.2g?一日0.3～0.6g，极量：一次0.5g，一日1g。|2.小儿常用量：口服，每次按体重3～5mg/kg，一日3次。 || 本品不同剂型、不同规格的用法用量可能存在差异，请阅读具体药物说明书使用，或遵医嘱。氨茶碱片：1、成人常用量：口服。一次0.1-0.2g，一日0.3-0.6g；极量：一次0.5g，一日1.0g。2、小儿常用量：口服。每次按体重3-5mg/kg，一日3次。氨茶碱缓释片：整片吞服，一次0.1-0.3g，一日2次，或遵医嘱。氨茶碱注射液：1、成人常用量：静脉注射，一次0.125-0.25g，一日0.5-1",39
氨茶碱氯化钠,华富氨茶碱氯化钠注射液主要成分：氨茶碱。|氨茶碱氯化钠|氨茶碱氯化钠注射液,华富氨茶碱氯化钠注射液主要成分：氨茶碱。,国药准字H20055530,1.常用量：静脉滴注，一次0.25~0.5g，一日0.5~1g。 2.极量：静脉滴注，一次0.5g。,3
氨酚伪麻,本品为复方制剂，每粒胶囊含主要成份对乙酰氨基酚250毫克和盐酸伪麻黄碱15毫克。辅料为。|氨酚伪麻|氨酚伪麻胶囊,,国药准字H19991170,口服。成人一次1~2粒，一日3次。或遵医嘱。,3
氨酚伪麻氯汀,本品为复方制剂，每片含富马酸氯马斯汀0.335mg、对乙酰氨基酚500mg、硫酸伪麻黄碱30mg。辅料为：|氨酚伪麻氯汀|氨酚伪麻氯汀片,,国药准字H20040144,口服。成人一次1片，一日3次，24小时内不超过4次。,3
氨酚伪麻片Ⅰ,本品为复方制剂，每片含对乙酰氨基酚500毫克，盐酸伪麻黄碱30毫克。辅料为：|氨酚伪麻片Ⅰ,,国药准字H44024025,口服。成人一次1片，一日3次，24小时内不超过4次。,3
氨酚伪麻片Ⅱ,本品为复方制剂，每片含对乙酰氨基酚325毫克，盐酸伪麻黄碱30毫克。辅料为：|氨酚伪麻片Ⅱ,,国药准字H10960302|国药准字H20066018,口服。成人一次1-2片，一日3次，24小时内不超过4次。 || 口服。成人一次1～2片，一日3次，24小时内不超过4次。,6
氨酚伪麻美芬片Ⅱ,本品为复方制剂，每片含对乙酰氨基酚325毫克，盐酸伪麻黄碱30毫克，氢溴酸右美沙芬15毫克。|本品日用片每片含主要成份对乙酰氨基酚325mg，盐酸伪麻黄碱30mg，无水氢溴酸右美沙芬15mg。辅料为：L-HPC/K12、吐温-80、PVP、硬脂酸镁、糊精。本品夜用片每片含主要成份对乙酰氨基酚325mg，盐酸伪麻黄碱30mg，无水氢溴酸右美沙芬15mg，盐酸苯海拉明25mg。辅料为：L-HPC/K12、吐温-80、PVP、硬脂酸镁、糊精。|氨酚伪麻美芬片Ⅱ,,国药准字H10940250|国药准字H10970285|国药准字H10980111,口服。一次1～2片，一日3次（早、中各1～2白片，夜晚1～2片黑片）。儿童遵医嘱。 || 口服。成人1～2片，每6小时一次，24小时内不超过4次。 || 口服。苯酚伪麻片：成人和12岁以上儿童，夜晚或临睡前服1~2片。,9
氨酚伪麻美芬片Ⅱ/氨麻苯美,本品为复方制剂，日用片：每片含对乙酰氨基酚325毫克，盐酸伪麻黄碱30毫克，氢溴酸右美沙芬15毫克。辅料为：夜用片：每片含对乙酰氨基酚325毫克，盐酸伪麻黄碱30毫克，氢溴酸右美沙芬15毫克，盐酸苯海拉明25毫克。|氨酚伪麻美芬片Ⅱ/氨麻苯美|氨酚伪麻美芬片Ⅱ/氨麻苯美片,,国药准字H20094117,"1.口服。一次1～2片,一日3次（早?中各1～2白片,夜晚1～2片黑片）。|2.儿童遵医嘱。",3
氨酚伪麻那敏口服溶液,本品为复方制剂，每毫升含主要成份对乙酰氨基酚32毫克、盐酸伪麻黄碱3毫克、马来酸氯苯那敏0.2毫克。辅料为：|氨酚伪麻那敏口服溶液,,国药准字H20030731,口服。2～5岁儿童，一日5毫升；6～11岁儿童，一日10毫升；每4～6小时1次，24小时内不超过4次。,3
氨酚伪麻那敏片III,本品每片含主要成分对乙酰氨基酚80毫克，盐酸伪麻黄碱7.5毫克，马来酸氯苯那敏0.5毫克，辅料为微晶纤维素，甘露醇，乳糖，蔗糖，柠檬酸，柠檬黄色素，甜叶菊甙，鲜橙浊，香精，硬脂酸镁，二氧化硅。|氨酚伪麻那敏片III,,国药准字H20045939,口服，每日3次。 1.3-5岁每次一片。 2.6-10岁每次二片。 3.11-14岁每次三片。 4.15岁以上者，每次四片或服用成人感冒片。,3
氨酚伪麻那敏片Ⅱ,本品每片含主要成分对乙酰氨基酚80毫克，盐酸伪麻黄碱7.5毫克，马来酸氯苯那敏0.5毫克。|氨酚伪麻那敏片Ⅱ,,国药准字H19991427,口服，成人一次1~2片，一日3次。,3
氨酚双氢可待因,本品为复方制剂，其组份为:500mg对乙酰氨基酚和10mg酒石酸双氢可待因。|氨酚双氢可待因|氨酚双氢可待因片,本品为复方制剂，其组份为:500mg对乙酰氨基酚和10mg酒石酸双氢可待因。,国药准字H20103357,口服.成人及12岁以上儿童:每4-6小时1-2片，每次不得超过2片，每日最大剂量为8片.,3
氨酚咖匹林,本品为复方制剂，其组份为：每片含阿司匹林0.2268g，扑热息痛0.136g，咖啡因33.4mg。|氨酚咖匹林|氨酚咖匹林片,,国药准字H12021116,口服，一次1-2片。,3
氨酚咖那敏,本品为复方制剂，每片含对乙酰氨基酚500毫克，咖啡因32.5毫克，马来酸氯苯那敏2毫克。辅料为：|氨酚咖那敏|氨酚咖那敏片,,国药准字H44025039,本品口服，成人一次1片，一日1～3次。,3
氨酚咖黄烷胺,本品为复方制剂，每片含对乙酰氨基酚250毫克，盐酸金刚烷胺50毫克，咖啡因15毫克，人工牛黄10毫克。辅料为：|氨酚咖黄烷胺|氨酚咖黄烷胺片,,国药准字H22025328,口服。成人一次1片，一日2次。,3
氨酚待因片I,本品为复方制剂，其组分为：每片含对乙酰氨基酚C8H9NO2500mg，含磷酸可待因C18H21NO3•H3PO4•11/2H2O8.4mg。|氨酚待因片I,,国药准字H44020006,口服：成人，1次1～2片，1日3次;中度癌症疼痛一次2片，一日3次。7～12岁儿童1次l/2～1片，一日3次(日不超过2～4片),3
氨酚待因片Ⅰ,本品为复方制剂，其组分为：每片含对乙酰氨基酚C8H9NO2500mg，含磷酸可待因C18H21NO3•H3PO4•11/2H2O8.4mg。|氨酚待因片Ⅰ,,国药准字H21021145,口服：成人，1次1～2片，1日3次；中度癌症疼痛1次2片，1日3次。7～12岁儿童1次1/2～1片，1日3次(1日不超过2～4片)。,3
氨酚待因片Ⅱ,"本品为复方制剂,其组份为：每片含对乙酰氨基酚C8H9NO20.3g,含磷酸可待因C18H21NO3•H3PO4•H2O15mg。|氨酚待因片Ⅱ",,国药准字H10930044,口服：1.成人，1次1片，1日3次，中度癌症疼痛必要时可由医生决定适当增加。2.7～12岁儿童按体重相应减量，连续使用一般不超过5天。,3
氨酚比林,本品为复方制剂，其组分为每支2ml含对乙酰氨基酚0.2g与安替比林0.25g。|氨酚比林|氨酚比林注射液,本品为复方制剂，其组分为每支2ml含对乙酰氨基酚0.2g与安替比林0.25g。,国药准字H23023536,肌内注射。一次2ml。,3
氨酚氯汀伪麻,本品为复方制剂，其组份为每片含对乙酰氨基酚0.5g﹑盐酸伪麻黄碱30mg﹑富马酸氯马斯汀0.33.mg。|氨酚氯汀伪麻|氨酚氯汀伪麻片,,国药准字H20080461,口服。成人一次1片，一日3次。,3
氨酚氯雷伪麻,本品为复方制剂，每片含：对乙酰氨基酚0.5g，硫酸伪麻黄碱60mg，氯雷他定2.5mg。|氨酚氯雷伪麻|氨酚氯雷伪麻缓释片,,国药准字H20080649,口服。成人及12岁以上儿童每12小时服用一次，每次1～2片。,3
氨酚沙芬口服溶液,本品为复方制剂，每毫升含对乙酰氨基酚43.3毫克，氢溴酸右美沙芬2.0毫克。|氨酚沙芬口服溶液,本品为复方制剂，每毫升含对乙酰氨基酚43.3毫克，氢溴酸右美沙芬2.0毫克。,国药准字H20090122,口服。成人和12岁以上儿童:需要时可每6-8小时服用一次，一次15毫升(3瓶盖)，一日不超过4.毫升(9瓶盖)，或遵医嘱。瓶盖可做量杯用，每盖至刻线5毫升。,3
氨酚烷胺那敏,本品为复方制剂，每粒含对乙酰氨基酚150毫克，盐酸金刚烷胺50毫克，马来酸氯苯那敏1毫克。|氨酚烷胺那敏|氨酚烷胺那敏胶囊,,国药准字H11021875,口服，5～12岁儿童，一次1粒;成人，一次2粒。一日2次。,3
氨酚维C,本品为复方制剂，其组分为对乙酰氨基酚0.33g与维生素C0.20g。|氨酚维C|氨酚维C分散片,本品为复方制剂，其组分为对乙酰氨基酚0.33g与维生素C0.20g。,国药准字H20061134,将药片放在一杯冷水中，全部溶解后立即服用。成人及50kg以上的儿童（15岁以上）一次l～2片，4小时后再次服用，每日最大剂量为6片。儿童：每日最大量为60mg/kg，一般剂量为25～30kg（约8-10岁）儿童每次1片，6小时后可再次服用，每日最多5片；30～35kg（约10～12岁）儿童，每次1～2片，6小时后再次服用，每日最多5片，35～50kg（约12～15岁），每次1～2片，6小时后可再次,3
氨酚美伪麻,本品为复方制剂，每片含对乙酰氨基酚325毫克，盐酸伪麻黄碱30毫克，氢溴酸右美沙芬15毫克。|氨酚美伪麻|氨酚美伪麻片,,国药准字H10980111,口服。苯酚伪麻片：成人和12岁以上儿童，夜晚或临睡前服1~2片。,3
氨酚那敏三味浸膏,本品为复方制剂，每粒含四季青叶干浸膏125毫克、对乙酰氨基酚100毫克、白英干浸膏42毫克、马来酸氯苯那敏1毫克、前胡干浸膏33毫克。辅料为：|氨酚那敏三味浸膏|氨酚那敏三味浸膏胶囊,,国药准字H34024079,口服。成人，一次2～3粒，一日3次。,3
氨酚麻美口服溶液,本品为复方制剂，每毫升含对乙酰氨基酚16毫克、盐酸伪麻黄碱1.5毫克、无水氢溴酸右美沙芬0.5毫克。|氨酚麻美口服溶液,,国药准字H20080245,口服。1～3岁每次服5毫升；4～6岁每次服7.5毫升；7～10岁每次服10毫升；11～14岁每次服20毫升，一日3～4次，,3
氨酚麻美干混悬剂,本品为复方制剂，每包含对乙酰氨基酚80毫克、盐酸伪麻黄碱7.5毫克、无水氢溴酸右美沙芬2.5毫克。辅料为：山嵛酸甘油酯、蔗糖、羧甲基纤维素钠、聚维酮K90、硬脂酸镁、桔子香精、柠檬黄。|氨酚麻美干混悬剂,,国药准字H20090031,用温开水调成混悬液（一包加水10毫升）口服。每日3～4次，1～3岁每次服1包；4～6岁每次服1.5包；7～10岁每次服2包；11～14岁每次服4包。,3
氨金黄敏,本品每袋含对乙酰氨基酚150mg，盐酸金刚烷胺50mg，人工牛黄10mg，马来酸氯苯那敏2mg。辅料为淀粉、蔗糖、香精。|氨金黄敏|氨金黄敏颗粒,,,口服。温水冲服。12岁以下儿童用量详见说明书。,3
氨鲁米特,本品化学名称为：3-乙基-4-氨基苯基-哌啶二酮。|氨鲁米特|氨鲁米特片,本品化学名称为：3-乙基-4-氨基苯基-哌啶二酮。,国药准字H10880033,开始每次250mg，口服，一日2次，1～2周后无明显不良反应可增加剂量，每次250mg，一日3～4次，但每日剂量不超过1000mg。口服8周后改为维持量，每次250mg，一日2次。使用本品期间应同时口服氢化可的松，开始每次20mg，一日4次，1～2周后减量为每次20mg，一日2次。,5
氨麻苯美,本品为复方制剂，日用片：每片含对乙酰氨基酚325毫克，盐酸伪麻黄碱30毫克，氢溴酸右美沙芬15毫克。辅料为：夜用片：每片含对乙酰氨基酚325毫克，盐酸伪麻黄碱30毫克，氢溴酸右美沙芬15毫克，盐酸苯海拉明25毫克。|氨麻苯美|氨麻苯美片,,国药准字H10940251,"1.口服。一次1～2片,一日3次（早?中各1～2白片,夜晚1～2片黑片）。|2.儿童遵医嘱。",3
氯丙嗪,氯丙嗪,,,,11
氯化汞,氯化汞,,,,1
氯化物,氯化物,,,,1
氯化胺,氯化胺,,,,1
氯化苯甲烃铵,氯化苯甲烃铵,,,,2
氯化钠,氯化钠|氯化钠注射液,,,,3
氯化钾,主要成份:氯化钾。|本品主要成份及化学名称为氯化钾。|氯化钾|氯化钾注射液|氯化钾缓释片,,国药准字H20053711,1.用于严重低钾血症或不能口服者。一般用法将10%氯化钾注射液10～15ml加入5%葡萄糖注射液500ml中滴注(忌直接静脉滴注与推注)。补钾剂量?浓度和速度根据临床病情和血钾浓度及心电图缺钾图形改善而定。钾浓度不超过3.4g/L(45mmol/L)，补钾速度不超过0.75g/小时(10mmol/小时)，每日补钾量为3～4.5g(40～60mmol)。|2.在体内缺钾引起严重快速室性异位心律失常时 || 成人每次0.5g～1g，每日2～4次，饭后服用，并按病情需要调整剂量．一般成人每...,7
氯化铵,氯化铵,,,,1
氯压定,氯压定,,,,1
氯吡格雷,本品主要成分为硫酸氢氯吡格雷。|氯吡格雷,本品主要成分为硫酸氢氯吡格雷。,,本品不同剂型、不同规格的用法用量可能存在差异，请阅读具体药物说明书使用，或遵医嘱。硫酸氢氯吡格雷片：1、成人和老年人：氯吡格雷的推荐剂量为75mg每日一次。口服，与或不与食物同服。（1）对于急性冠脉综合征的患者：①非ST段抬高性急性冠脉综合征（不稳定性心绞痛或非Q波心肌梗死）患者，应以单次负荷量氯吡格雷300mg开始（合用阿司匹林75mg-325mg/日），然后以75mg每日1次连续服药。由于服用,6
氯呱啶醇,氯呱啶醇,,,,1
氯唑沙宗,本品主要成份为氯唑沙宗。|氯唑沙宗|氯唑沙宗片,,,饭后服用。成人每次1-2片，一日3次，症状严重者可酌情加量，儿童遵医嘱。,3
氯喹,氯喹,,,,1
氯噻酮,氯噻酮,,,,5
氯己定,氯己定,,,,1
氯已定,氯已定,,,,1
氯氧喹,氯氧喹|氯氧喹胶囊,氯氧喹,国药准字H20030359,口服，一次2粒，一日3次；或以体重计每日每公斤体重20-30毫克，分三次服。连服4周为一疗程。,3
氯氮卓,氯氮卓,,,,2
氯氮平,氯氮平|氯氮平片|氯氮平，其化学名称为：8-氯-11-4-甲基-1-哌嗪基-5H-二苯并b，e1，4二氮杂卓。,,,口服 从小剂量开始，首次剂量为一次25mg（1片），一日2～3次，逐渐缓慢增加至...,3
氯沙坦钾,本品的主要成分为氯沙坦钾。|氯沙坦钾|氯沙坦钾片|氯沙坦钾胶囊,本品的主要成分为氯沙坦钾。|氯沙坦钾,,1、本品可同其他抗高血压药物一起使用。2、本品可与或不与食物同时服用。3、对大多数病人，通常起始和维持剂量为每天一次50mg。治疗3至6周可达到最大降压效果。在部分病人中，剂量增加到每天一次100mg可产生进一步的降压作用。4、对血管容量不足的病人（例如应用大剂量利尿剂治疗的病人），可考虑采用每天一次25mg的起始剂量。5、对老年病人或肾损害病人包括透析的病人，不必调整起始剂量。6、对有肝功能损害 || 对大多数病人，通常起始和维持剂量为每天一次50mg。治疗3至6周可达到最大降压效果。在部分病人中，剂量增加到每天一次100mg可产生进一步的降压作用。对血管容量积不足的病人(例如应用大剂量利尿剂治疗的病人)，可考虑采用每天一次25mg的起始剂量(见注意事项)。　　对老年病人或肾损害病人包括做血液透析的病人，不必调整起始剂量。对有肝功能损害病史的的病人应考虑使用较低剂量(见注意事项)。　　本品可同其,6
氯沙坦钾氢氯噻嗪,本品为复方制剂，其组份为:每片含氯沙坦钾50mg和氢氯噻嗪12.5mg。|氯沙坦钾氢氯噻嗪|氯沙坦钾氢氯噻嗪片,本品为复方制剂，其组份为:每片含氯沙坦钾50mg和氢氯噻嗪12.5mg。,国药准字H20083009,"1.常用的本品起始剂量和维持剂量是每日一次，每次一片氯沙坦钾氢氯噻嗪片(50mg＋12.5mg)。对反应不足的患者．剂量可增加至每日一次，每次两片氯沙坦钾氢氯噻嗪片(50mg＋125mg)或一片氯沙坦钾氢氯噻嗪片(100mg＋25mg)，且此剂量为每日最大服用剂量。通常，在开始治疗3周内获得抗高血压效果。 
2.本品不能用于血容量不足的患者(如服用大剂量利尿剂治疗的患者)。 
3.对严重肾功能不全",3
氯硝西泮,氯硝西泮,,,,2
氯磺丁脲,氯磺丁脲,,,,1
氯磺丙尿,氯磺丙尿,,,,1
氯磺丙脲,氯磺丙尿|氯磺丙脲,,,,3
氯米帕明,氯米帕明,,,,3
氯羟去甲安定,氯羟去甲安定,,,,1
氯胺酮,氯胺酮,,,,7
氯膦酸二钠,本品主要成份及化学名称为：氯膦酸二钠四水合物。|氯膦酸二钠|氯膦酸二钠胶囊,,,氯膦酸二钠主要经肾脏清除，因此，在氯膦酸二钠治疗过程中一定要维持足够的水份摄入。氯膦酸二钠胶囊应整粒吞服。每日剂量1600 mg应该单次用药。若日剂量高于1600 mg，超过的部分应该分次给药（作为第二剂量），具体如下： ?单次日剂量或两次用药的首剂量最好于早晨空腹以一杯水送服。在随后的1小时内，患者应禁止进食、饮水（白水除外）及口服其它任何药物。如果一日两次用药，应按上述方法服用第一个剂量。第二,2
氯芬黄敏,本品为复方制剂，其组份为每片含:双氯芬酸钠15mg、人工牛黄15mg、马来酸氯苯那敏2.5mg。|氯芬黄敏|氯芬黄敏片,,,口服。一次1～2片，一日3次或遵医嘱。,2
氯苯氨丁酸,氯苯氨丁酸,,,,1
氯苯醋胺咪,氯苯醋胺咪,,,,1
氯西汀,氯西汀,,,,1
氯诺昔康,本品主要成份为氯诺昔康，其化学名称为：6-氯-4-羟基-2-甲基-3-2-吡啶胺基甲酰基-2H-噻吩并2，3-e-1，2-噻嗪-1，1-二氧化物。分子式：C13H10ClN3O4S2分子量：371.82|氯诺昔康|氯诺昔康片,,,治疗关节炎或慢性疼痛，口服8mg(2片)/次，每日2次；急性疼痛，可根据疼痛程度...,3
氯贝丁酯,氯贝丁酯,,,,6
氯雷他定,"本品主要成份为氯雷他定。|本品每片含氯雷他定10MG，其化学名称为：4-8-氯-5，6-二氢-11H-苯并5,6环庚并1，2-B吡啶-11-亚基-1-哌啶羧酸乙酯，辅料为：乳糖、微晶纤维素、羧甲基淀粉钠、硬脂酸镁。|氯雷他|氯雷他定|氯雷他定分散片|氯雷他定片|氯雷他定糖浆|氯雷他定胶囊|氯雷他定颗粒",氯雷他|氯雷他定,国药准字H20041139,口服。1、成人及12岁以上儿童一日1次，一次1片（10mg）。2、2-12岁体重≥30kg：一日1次，一次1片（10mg）。3、2-12岁体重≤30kg：一日1次，一次半片（5mg）。 || 口服。|1.成人及12岁以上儿童：一日1次，一次两茶匙（10毫升）。|2.2～12岁儿童：|(1)体重>30公斤：每天一次，每次两茶匙（10毫升）。|(2)体重≤30公斤：每天一次，每次一茶匙（5毫升）。 || 口服。成人及12岁以上儿童：一日1次，一次2袋（10毫克）。,19
氯雷他定口腔崩解,本品每片含氯雷他定10毫克。辅料为：普鲁兰、甘氨酸、黄原胶。|氯雷他定口腔崩解|氯雷他定口腔崩解片,,,空腹服。撕开铝箔，取出本品置于舌面，不需要水，无需咀嚼，本品迅速崩解，随唾液吞咽入胃，成人及12岁以上儿童：一日1次，一次10毫克(1片)。,2
氯霉类,氯霉类,,,,1
氯霉素,氯霉素|氯霉素滴眼液,氯霉素,,外用。滴眼，每次1-2滴，一日3-5次。,136
氯霉素滴耳液,本品主要成分为氯霉素。|氯霉素滴耳液,本品主要成分为氯霉素。,国药准字H37022027,滴于耳道内，一次2～3滴，一日3次。,3
氯霉素琥珀酸盐,氯霉素琥珀酸盐,,,,1
氰化物,氰化物,,,,2
氰钴胺,氰钴胺|氰钴胺片,,,,1
水合氯醛,水合氯醛,,,,6
水扬酸类,水扬酸类,,,,1
水杨酸,本品每克含水杨酸0.05克，辅料为:凡士林。|水杨酸|水杨酸制剂|水杨酸软膏,,,局部外用，取适量本品涂于患处，一日2次。,7
水杨酸制剂,水杨酸制剂,,,,2
水杨酸甲酯,水杨酸甲酯,,,,1
水杨酸盐,水杨酸盐,,,,11
水杨酸盐制剂,水杨酸盐制剂,,,,4
水杨酸盐类,水杨酸盐类,,,,1
水杨酸类,水杨酸类,,,,4
水杨酸类药,水杨酸类药,,,,2
水杨酸类药物,水杨酸类药物,,,,1
水杨酸钠,水杨酸钠,,,,2
水痘疫苗,水痘疫苗,,,,1
汉防己甲素,汉防己甲素|汉防己甲素。|汉防己甲素片,汉防己甲素。,,口服。抗风湿及镇痛：每次20mg～40mg，一日3次。抗肺癌：每次40mg～60...,3
汞制剂,汞制剂,,,,1
汞溴红,汞溴红,,,,1
汞溴红溶液,汞溴红。|汞溴红溶液,汞溴红。,,外用。取本品涂搽患处。,3
沉香降气,"沉香,砂仁,香附制,甘草.|沉香降气|沉香降气丸","沉香,砂仁,香附制,甘草.",国药准字Z20025639,口服，一次6克，一日2次。,3
沙丁胺醇气雾剂,沙丁胺醇。化学名称：1-4-羟基-3-羟甲基苯基-2-叔丁氨基乙醇。化学结构式：分子式：C13H21NO3分子量：239.31|沙丁胺醇气雾剂,,,一般作为临时用药，有哮喘发作预兆或哮喘发作时，喷雾吸入。每次吸入100～200g...,3
沙利度胺,本品主要成份为沙利度胺。|本品主要成分为沙利度胺。|沙利度胺|沙利度胺片|沙利度胺胶囊,本品主要成分为沙利度胺。,,口服。一次25-50mg(1-2片)，一日100-200mg(4-8片)，或遵医... || 口服：一次25-50mg，一日100-200mg。餐后至少1小时后和/或睡前服用，或遵医嘱。其余详见说明书。,7
沙奎那韦,saquinavir|沙奎那韦,,,,12
沙库巴曲缬沙坦钠,本品活性成份：沙库巴曲缬沙坦钠。|沙库巴曲缬沙坦钠|沙库巴曲缬沙坦钠片,,,本品可以与食物同服，或空腹服用(参见【药代动力学】)。由于与ACE抑制剂合用时存在血管性水肿的潜在风险，禁止本品与ACEI合用。如果从ACEI转换成本品，必须在停止ACE抑制剂治疗至少36小时之后才能开始应用本品(参见【禁忌】)。推荐本品起始剂量为每次100mg，每天两次。在目前未服用ACEI或血管紧张素II受体拮抗剂(ARB)的患者或服用低剂量上述药物的患者中，用药经验有限，推荐本品的起始剂量为,2
沙格列汀,本品主要成分为沙格列汀。|沙格列汀|沙格列汀片,本品主要成分为沙格列汀。,国药准字J20110029,口服，推荐剂量5mg每日1次，服药时间不受进餐影响。肾功能不全患者：轻度肾功能不全的患者无需调整剂量。中重度肾功能不全的患者在临床研究中经验有限，因此不推荐本品用于此类患者(参见注意事项和药代动力学)。肝功能受损患者：轻中度肝功能受损的患者无需进行剂量调整(参见药代动力学)。本品用于中度肝功能受损的患者需谨慎，不推荐用于严重肝功能受损的患者。(参见注意事项)强效细胞色素P450 3A4/5(CYP,3
沙格列汀二甲双胍缓释片I,"本品为复方制剂，其组份为每片含沙格列汀5mg和盐酸二甲双胍1000mg。沙格列汀化学名称：1S,3S,5S-2-2S-2-氨基-2-3-羟基-1-金刚烷基-1-羰基乙基-2-氮杂双环3.1.0己烷-3-腈，一水合物分子式：C18H25N3O2?H2O分子量：333.43一水合物;315.41无水游离碱基盐酸二甲双胍化学名称：1,1-二甲基双胍盐酸盐分子式：C4H11N5?HCl分子量：165.63|沙格列汀二甲双胍缓释片I",,,口服，通常晚餐时给药，每日一次。详见说明书。,3
沙格列汀二甲双胍缓释片III,每片含沙格列汀5mg和盐酸二甲双胍1000mg。|沙格列汀二甲双胍缓释片III,每片含沙格列汀5mg和盐酸二甲双胍1000mg。,,口服，通常晚餐给药，每日一次。详见说明书。,2
沙美特罗替卡松吸入气雾剂,每揿含25微克沙美特罗昔萘酸盐形式和125微克丙酸氟卡松。|沙美特罗替卡松吸入气雾剂,每揿含25微克沙美特罗昔萘酸盐形式和125微克丙酸氟卡松。,,本品只能经口腔吸入。应该让病人认识到舒利迭气雾剂必须每日使用才能获得最佳益处，即使没有症状时也如此。患者应该由医生定期再评估，以使所接受的舒利迭保持最佳剂量，并且只能在医生的建议下才能改变。应将药量调整至维持有效控制症状的最小剂量。当最小剂量的联合用药使控制的症状得以维持时，下一步可试验单独使用吸入型皮质激素。应根据病情的严重程度给病人开含适宜剂量丙酸氟替卡松的舒利迭。如果病人所需的剂量在推荐剂量,3
沙美特罗替卡松吸入粉雾剂,本品为复方制剂，其组分为：沙美特罗以昔萘酸盐形式和丙酸氟替卡松。|沙美特罗替卡松吸入粉雾剂,本品为复方制剂，其组分为：沙美特罗以昔萘酸盐形式和丙酸氟替卡松。,,和,3
治疗痤疮药,治疗痤疮药,,,,2
泊沙康唑,泊沙康唑,,,,4
法华令,法华令,,,,2
法华林,法华林,,,,1
法莫替丁,本品主要成份为法莫替丁。|本品每粒含法莫替丁20mg。辅料为:磷酸氢钙、微晶纤维素、硬脂酸镁、羧甲淀粉钠。|法莫替丁|法莫替丁咀嚼片|法莫替丁片|法莫替丁胶囊,法莫替丁,国药准字H20041793,20mg(1片)口服一日2次，早晚各一次；或一次40mg(2片)，临睡前使用，4~6周为一疗程。溃疡愈合后的维持量减半。肾功能不全者应调整剂量。 || 口服。成人一次1粒，一日2次。24小时内不超过2粒。 || 咀嚼后咽下。成人一次1片，一日2次。早、晚餐后或睡前服。24小时内不得超过2片。,12
法莫替丁氯化钠,本品主要成份为法莫替丁.|法莫替丁氯化钠|法莫替丁氯化钠注射液,,国药准字H20020055,缓慢静脉滴注，一次一瓶(20mg)，一日2次(间隔12小时) ，疗程5天，一旦病情许可，应迅速将静脉给药改为口服给药.,3
法莫替丁葡萄糖,本品的主要成分为法莫替丁。|法莫替丁葡萄糖|法莫替丁葡萄糖注射液,本品的主要成分为法莫替丁。,国药准字H20030806,缓慢静滴。每次20mg(1瓶)，每日2次(间隔12小时)，疗程5天。一旦病情许可，应迅速将静脉给药改为口服给药。,3
泛影葡胺,本品为泛影酸与等分子葡甲胺制成的灭菌水溶液。|泛影葡胺|泛影葡胺注射液,本品为泛影酸与等分子葡甲胺制成的灭菌水溶液。,H20090278,"1.尿路造影：60％或76％20ｍｌ。
2.周围血管造影：60％或76％，10～40ｍｌ。 
3.心血管造影：70％40ｍｌ。 
4.脑血管造影：60％20ｍｌ。",3
泛昔洛韦,本品主要成份为泛昔洛韦。|泛昔洛韦|泛昔洛韦分散片|泛昔洛韦片|泛昔洛韦胶囊|泛昔洛韦，化学名称：2-2-［9-2-氨基-9H-嘌呤基］乙基-1，3-丙二醇二乙酸酯。,,国药准字H20020184,口服。 1. 成人一次0.25g，每8小时1次。治疗带状疱疹的疗程为7日，治疗原发性生殖器疱疹的疗程为5天。 2. 肾功能不全患者应根据肾功能状况调整剂量，推荐剂量如下： (1) 肌酐清除率 ≥60ml/min 成人一次0.25g，剂量每8小时1次。 (2) 肌酐清除率40～59ml/min 成人一次0.25g， 剂量每12小时1次 。 (3) 肌酐清除率20～39ml/min 成人一次0.25g || 口服，成人每次0.25g，每日3次，连用7天。 || 本品为分散片，可直接口服/吞服，或将本品投入100ml水中，振摇分散后口服。成人每次0.25g，每日3次，连用7天。肾功能不全患者应根据肾功能状况调整用法与用量，推荐剂量如下：其余详见说明书。,10
泛配子酸,泛配子酸,,,,1
泛酸钙,泛酸钙,,,,4
波生坦,波生坦,,,,5
注射型霍乱疫苗,注射型霍乱疫苗,,,,1
注射用七叶皂苷钠,七叶皂苷钠A和七叶皂苷钠B。|注射用七叶皂苷钠,七叶皂苷钠A和七叶皂苷钠B。,国药准字H20057666,静脉注射或静脉滴注。|1.成人按体重一日0.1～0.4mg/kg或取本品5～10mg溶于10%葡萄糖注射液或0.9%氯化钠注射液250ml中供静脉滴注；|2.也可取本品5～10mg溶于10%葡萄糖注射液或0.9%氯化钠注射液10～20ml中供静脉推注。重症病人可多次给药，但一日总量不得超过20mg。疗程7～10天。,3
注射用丙戊酸钠,本品主要成分:丙戊酸钠，辅料为:注射用水在生产过程中全部移走4.0L。|注射用丙戊酸钠,,国药准字H20084540,用于临时替代时(例如等待手术时)：末次口服给药4至6小时后静脉给药，本品静脉注射剂溶于0.9%生理盐水，或持续静脉滴注超过24小时，或在最大剂量范围内(通常平均剂量20～30mg/kg/日)每日分四次静脉滴注，每次时间需超过一小时。需要快速达到有效血药浓度并维持时：以15mg/kg剂量缓慢静脉推注，超过5分钟；然后以1mg/kg/hr的速度静滴，使血浆丙戊酸钠浓度达到75mg/L，并根据临床情况调,3
注射用丝裂霉素C,注射用丝裂霉素C,,,,1
注射用乳糖酸阿奇霉素,本品活性成份为乳糖酸阿奇霉素。|注射用乳糖酸阿奇霉素,,国药准字H20052016,1.将本品加入到250ml或500ml的0.9%氯化钠注射液或5%葡萄糖注射液中，使最终阿奇霉素浓度为1.0～2.0mg/ml，静脉滴注，滴注时间为：浓度为1.0mg/ml，滴注小时；浓度为2.0mg/ml，滴注1小时。 2.治疗社区获得性肺炎：成人用量为每次0.5g，每天1次，至少连续用药2天，继之换用口服阿奇霉素口服制剂0.5g/天，治疗7～10天为一个疗程。转为口服治疗时间应由医生根据临床反,3
注射用乳酸左氧氟沙星,本品主要成分为乳酸左氧氟沙星。|注射用乳酸左氧氟沙星,本品主要成分为乳酸左氧氟沙星。,国药准字H20060204,静脉滴注，成人一次0.3g，一日2次，使用前先用5%葡萄糖注射液或5%葡萄糖氯化钠注射液或0.9%氯化钠注射液溶解稀释后静脉滴注，滴注时间应大于60分钟。,3
注射用亚叶酸钙,本品主要成份为亚叶酸钙，其辅料为枸橼酸钠。|注射用亚叶酸钙,,国药准字H20060199,1、高剂量甲氨蝶呤治疗后亚叶酸钙“解救”疗法：根据甲氨蝶呤的血药浓度决定亚叶酸钙的剂量。一般静脉注射甲氨蝶呤24小时后，给予亚叶酸钙10mg/m2，每6时1次，共10次。如有消化道毒性反应出现时，不要鞘内注射本品。亚叶酸钙使用指导剂量：2、甲氨蝶呤消除不畅或不慎超剂量使用时：当不慎超剂量使用甲氨蝶呤时，应尽可能及时地使用亚叶酸钙进行急救；排泄延迟时，也应在甲氨喋呤使用24小时内应用亚叶酸钙。一般每,2
注射用倍他米松磷酸钠,本品主要成份、倍他米松磷酸钠，辅料为甘露醇。|注射用倍他米松磷酸钠,,国药准字H20052108,肌注或静脉注射：一日2～20mg，分次给药，临用前用适量无菌注射用溶剂溶解后使用。,3
注射用克林霉素磷酸酯,本品主要成分为克林霉素磷酸酯。|注射用克林霉素磷酸酯,本品主要成分为克林霉素磷酸酯。,国药准字H20060208,本品可静脉滴注给药，也可肌肉注射给药，给药剂量相同。|1.成人，静脉滴注给药，剂量如下:中度感染:0.6～1.2g/日，分2、3、4 等剂量，每12、8、6小时一次。严重感染:1.2～2.7g/日，，分2、3、4等剂量， 每12、8、6小时一次。或遵医嘱。|2.儿童，静脉滴注给药，剂量如下:中度感染:1.～25mg/kg/日，分3或4等剂量， 每8或6小时一次。重度感染:25～40mg/kg/日，,3
注射用前列地尔,本品主要成份前列地尔。|注射用前列地尔,,注册证号H20050491,静脉注射、 根据目前的资料，除非另有说明，下列剂量方案适合于本品静脉注射、 将2安瓿本品(40μg前列地尔)溶于50-250ml生理盐水中，将此溶液作静脉滴注，2小时滴完，每日2次。或将3安瓿本品(60μg前列地尔)溶于50-250ml生理盐水中进行静脉滴注，3小时滴完，每日1次。 对于肾功能损害的病人(肾功能不全，肌酐值>1.5mg/dl)，静脉滴注治疗应从1安瓿本品开始，滴注时间为2小时，每日,3
注射用加替沙星,本品主要成份为加替沙星。|注射用加替沙星,,国药准字H20051708,"1.本品为加替沙星的灭菌冻干品,用5%葡萄糖注射液或0.9%氯化钠注射液溶解并稀释成2mg/ml后静脉滴注。|2.本品与口服片剂具生物等效,疗程中,可根据医生决定,由静脉给药改为口服片剂,无须调整剂量。",3
注射用单硝酸异山梨酯,本品主要成份：单硝酸异山梨酯。|注射用单硝酸异山梨酯,,国药准字H20061160,1.静脉滴注。临用前加0.9%氯化钠注射液或5%葡萄糖注射液溶解并稀释后静脉滴注。|2.药物剂量可根据病人的反应调整，一般有效剂量为每小时2～7mg。开始给药速度为60μg/分，一般速度60～120μg/分，每日一次，10天为一疗程。,3
注射用右丙亚胺,本品主要成分为右丙亚胺。辅料为盐酸；专用溶剂为乳酸钠注射液，辅料为注射用水。|注射用右丙亚胺,,国药准字H20061157,推荐剂量比为10:1(右丙亚胺500mg/m2:阿霉素50mg/m2).本品需用0.167mol/L乳酸钠25ml配成溶液，缓慢静脉推注或转移入输液袋内，浓度为10mg/ml，快速静脉点滴，20分钟后方可给予阿霉素.用0.167mol/L乳酸钠溶液配成的溶液可用0.9%氯化钠或5%葡萄糖注射液进一步稀释成右丙亚胺1.3～5.0mg/ml溶液，转移入输液袋，快速静脉滴注，配成这样的溶液，在室温15-,3
注射用哌拉西林钠舒巴坦钠,"本品每瓶含哌拉西林2.0g,舒巴坦0.5g。|注射用哌拉西林钠舒巴坦钠","本品每瓶含哌拉西林2.0g,舒巴坦0.5g。",国药准字H20050338,"1.静脉滴注：临用前先将每瓶本品用适量（一般至少5ml）5%葡萄糖溶液、0.9%氯化钠注射液溶解后，再用同一溶媒稀释至500ml供静脉滴注，滴注时间为60-120分钟。|2.成人：每次1.5g（即哌拉西林1g，舒巴坦0.5g）或3.0g（即哌拉西林2.0g，舒巴坦1.0g），每12小时一次。|3.严重或难治性感染：每次6.0g（即哌拉西林4.0g,舒巴坦2.0g）每12小时一次，每日最大剂量为12",3
注射用哌拉西林钠舒巴坦钠4:1,"本品每瓶含哌拉西林2.0g,舒巴坦0.5g。|注射用哌拉西林钠舒巴坦钠4:1","本品每瓶含哌拉西林2.0g,舒巴坦0.5g。",国药准字H20050338,"1.静脉滴注：临用前先将每瓶本品用适量（一般至少5ml）5%葡萄糖溶液、0.9%氯化钠注射液溶解后，再用同一溶媒稀释至500ml供静脉滴注，滴注时间为60-120分钟。|2.成人：每次1.5g（即哌拉西林1g，舒巴坦0.5g）或3.0g（即哌拉西林2.0g，舒巴坦1.0g），每12小时一次。|3.严重或难治性感染：每次6.0g（即哌拉西林4.0g,舒巴坦2.0g）每12小时一次，每日最大剂量为12",3
注射用唑来膦酸,注射用唑来膦酸|活性成份:唑来膦酸。,,国药准字H20041953,静脉滴注。成人每次4mg（1瓶），用100ml0.9%氯化钠注射液或5%葡萄糖注射液稀释后静脉滴注，滴注时间应不少于15分钟。每3-4周给药一次或遵医嘱。,3
注射用地塞米松磷酸钠,"主要成分:地塞米松磷酸钠,辅料为甘露醇。|注射用地塞米松磷酸钠",,国药准字H20051748,"1.本品一般剂量静脉注射每次2～20mg;静脉滴注时,应以5%葡萄糖注射液稀释,可2～6小时重复给药至病情稳定,但大剂量连续给药一般不超过72小时。 2.用于缓解恶性肿瘤所致的脑水肿,首剂静脉推注10mg,随后每6小时肌内注射4mg,一般12～24小时患者可有所好转,2～4天后逐渐减量,5～7天停药。 3.对不宜手术的脑肿瘤,首剂可静脉推注50mg,以后每2小时重复给予8mg,数天后再减至每天2m",3
注射用多西他赛,本品主要成份为多西他赛，其化学名为:2aR-2aα，4β，4aβ，6β，9α，aR*，βS*，11α，12α，12aα，12bα-β-1，1-二甲基乙氧基羰基氨基-α-羟基苯丙酸12b-乙酰氧-12-苯甲酰氧-2a，。，4，4a，5，6，9，10，11，12，12a，12b-十二氢-4，6，11-三羟基-4a，8，13，13-四甲基-5-氧代-7，11-亚甲基-1H-环癸五烯并-3，4苯并1，2-b氧杂丁环-9-基酯。|注射用多西他赛,,国药准字H20041129,多西他赛只能用于静脉滴注。所有病人在接受多西他赛治疗期前均必须口服糖皮质激素类，如地塞米松，在多西他赛滴注一天前服用，每天16mg，持续至少3天，以预防过敏反应和体液潴留。多西他赛的推荐剂量为70-75mg/m2，静脉滴注一小时，每三周一次。根据计算病人所用药量，用注射器吸取所需剂量，稀释到5%葡萄注射液或0.9%氯化钠注射液中，轻轻摇动，混合均匀，最终浓度不超级过0.74mg/m1。,3
注射用头孢他啶,本品主要成份为头孢他啶。|注射用头孢他啶,,国药准字H20044791,静脉注射或静脉滴注。 |1.败血症、下呼吸道感染、胆道感染等，一日4～6g，分2～3次静脉滴注或静脉注射，疗程10～14日。 |2.泌尿系统感染和重度皮肤软组织感染等，一日2～4g，分2次静脉滴注或静脉注射，疗程7～14日。 |3.对于某些危及生命的感染、严重铜绿假单胞菌感染和中枢神经系统感染，可酌情增量至一日0.15～0.2g/kg，分3次静脉滴注或静脉注射。 |4.婴幼儿常用剂量为一日30～1,3
注射用头孢匹胺,头孢匹胺。辅料为：无水碳酸钠。|注射用头孢匹胺,,国药准字H20066062,"成人常用量为头孢匹胺每天1～2g，分2次静脉注射或静脉滴注。难治性或严重感染时，根据不同症状可增至每天4g,分2～3次静脉滴注。儿童常用量为按体重每天每公斤30～80mg，分2～3次静脉滴注。难治性或严重感染时，根据不同症状可增至每天每公斤150mg，分2～3次静脉滴注。给药方法及注意事项(1)静脉滴注本品时，加入葡萄糖液、电解质液、氨基酸液等输液中，经30～60分钟滴注完毕。(2)本药只能用于静",3
注射用头孢呋辛钠,本品主要成份头孢呋辛钠。|注射用头孢呋辛钠,,国药准字H20064978,深部肌内注射?静脉注射或静脉滴注。 1.肌内注射：每0.25g用1.0ml灭菌注射用水溶解，缓慢摇匀得混悬液后，作深部肌内注射。 2.静脉推注：0.25g至少用2.0ml灭菌注射用水溶解?0.75g至少用6.0ml灭菌注射用水溶解，1.5g至少用12.0ml灭菌注射用水溶解，摇匀后再缓慢静脉推注。 3.静脉推注：2.0g和2.5g至少用18.0ml和20.0ml灭菌注射用水溶解，摇匀后滴注。 4.,3
注射用头孢哌酮钠,主要成份头孢哌酮钠。|注射用头孢哌酮钠,,国药准字H44024071,"本品肌内注射?静脉注射或静脉滴注:配制方法:制备肌内注射液,每1g药物加灭菌注射用水2.8ml及2%利多卡因注射液1ml,其浓度为250mg/ml。静脉徐缓注射者,每1g药物加葡萄糖氯化钠注射液40ml溶解;供静脉滴注者,取1～2g头孢哌酮溶解于100～200ml葡萄糖氯化钠注射液或其他稀释液中,最后药物浓度为5～25mg/ml。每1g头孢哌酮的钠含量为1.5mmol(34mg)。成人常用量:一般",3
注射用头孢哌酮钠舒巴坦钠,本品主要成份为头孢哌酮钠，舒巴坦钠|注射用头孢哌酮钠舒巴坦钠,,国药准字H20043200国药准字H20043201,1.成人用药 |每12小时给药一次。在严重感染或难治性感染时，头孢哌酮/舒巴坦的每日剂量可增加到8克（1：1头孢哌酮/舒巴坦，即头孢哌酮与舒巴坦各4克）。病情需要时，接受1：1头孢哌酮/舒巴坦治疗的患者可另外单独增加头孢哌酮的用量，所用剂量应等分，每12小时给药一次。舒巴坦每日推荐最大剂量为4克。 |2.肝功能障碍患者的用药：参见注意事项部分。 |3.肾功能障碍患者的用药： |肾功能明显降低的患者,1
注射用头孢哌酮钠舒巴坦钠2:1,本品主要成分头孢哌酮钠，舒巴坦钠。|注射用头孢哌酮钠舒巴坦钠2:1,本品主要成分头孢哌酮钠，舒巴坦钠。,(1)0.75g：国药准宇H20050274(2)1.5g：国药准字H20040401(3)2.25g：国药准字H20050275,静脉滴注。先用5%葡萄糖注射液或氯化钠注射液适量溶解，然后再用同一溶媒稀释至50～100ml供静脉滴注，滴注时间为30～60分钟。 1.成人:常用量一日2～4g，严重或难治性感染可增至一日8g。分等量每12小时静脉滴注1次。舒巴坦每日最高剂量不超过4g。 2.儿童:常用量一日40～80mg/kg，等分2～4次滴注。严重或难治性感染可增至一日160mg/kg。等分2～4次滴注。新生儿出生第一周内，应,3
注射用头孢唑肟钠,主要成份:头孢唑肟钠。|注射用头孢唑肟钠,,国药准字H20051649,1、成人常用量：一次1～2g，每8～12小时1次；严重感染者的剂量可增至一次3～4g，每8小时1次。治疗非复杂性尿路感染时，一次0.5g，每12小时1次。2、6个月及6个月以上的婴儿和儿童常用量：按体重一次50mg/kg，每6～8小时1次。3、肾功能损害者：肾功能损害的患者需根据其损害程度调整剂量。在给予0.5～1g的首次负荷剂量后，肾功能轻度损害的患者（内生肌酐清除率Clcr为50～79ml/分,3
注射用头孢噻吩钠,本品主要成份为头孢噻吩钠|注射用头孢噻吩钠,,国药准字H20053634国药准字H20053635国药准字H20053636,成人肌内或静脉注射，1次0.5～1g，每6小时1次。严重感染病人的一日剂量可加大至6～8g。预防手术后感染可于术前0.5～1小时用1～2g，手术时间超过3小时者可于手术期间给予1～2g，根据病情可于术后每6小时1次，术后24小时内停药。如为心脏手术、人工关节成形术等，预防性应用可于术后维持2天。成人一日最高剂量不超过12g。|小儿每日按体重50～100mg/kg，分4次给药。1周内的新生儿为每12,3
注射用头孢噻肟钠,本品主要成分为头孢噻肟钠。|注射用头孢噻肟钠,本品主要成分为头孢噻肟钠。,国药准字H14021791,"成人一日2～6g，分2～3次静脉注射或静脉滴注；严重感染者每6～8小时2～3g，一日最高剂量不超过12g。治疗无并发症的肺炎链球菌肺炎或急性尿路感染，每12小时1g。新生儿日龄小于等于7日者每12小时50mg/kg,出生大于7日者，每8小时50mg/kg。治疗脑膜炎患者剂量可增至每6小时75mg/kg，均以静脉给药。严重肾功能减退病人应用本品时须适当减量。血清肌酐值超过424μmol/L(4.8m",3
注射用头孢曲松钠,主要成份头孢曲松钠。|注射用头孢曲松钠,,国药准字H20065049,肌内注射或静脉给药。 |1.肌内注射溶液的配制：以3.6ml灭菌注射用水、氯化钠注射液、5%葡萄糖注射液或1%盐酸利多卡因加入1g瓶装中，制成每1ml含250mg头孢曲松的溶液。 |2.静脉给药溶液的配制：将9.6ml前述稀释液（除利多卡因外）加入1g瓶装中，制成每1ml含100mg头孢曲松的溶液，再用5％葡萄糖注射液或氯化钠注射液100～250ml稀释后静脉滴注。 |3.成人常用量 肌内或静脉给,3
注射用头孢硫脒,"本品主要成份为头孢硫脒，其化学名称为:6R,7R-3-乙酰氧基甲基-7-α-N,N-二异丙基脒硫基乙酰氨基-8-氧代-5-硫杂-1-氮杂双环4.2.0辛-2-烯-2-甲酸内铵盐。|注射用头孢硫脒",,国药准字H20064801,肌内注射：一次0.5-1.0g，一日4次，小儿按体重一日50-100mg/Kg，分3-4次给药。静脉注射：一次2g，一日2-4次，小儿按体重一日50-100mg/kg，分2-4次给药。临用前加灭菌注射用水或氯化钠注射液适量溶解，再用生理盐水或5%葡萄糖注射液250ml稀释。药液宜现用现配，配制后不宜久置。,3
注射用头孢西丁钠,本品主要成份为头孢西丁钠。|注射用头孢西丁钠,,国药准字H20063747,"1.肌内注射?静注或静脉滴注,成人常用量为1－2g/次,每6－8小时一次。或根据致病菌的敏感程度及病情调整剂量。肾功能不全者则需按肌酐清除率调整剂量。|2.本品用于:|(1)肌内注射,每克溶于0.5％盐酸利多卡因2ml;|(2)静注时,每克溶于10ml无菌注射用水|(3)静滴时,1－2g头孢西丁钠溶于50ml或100ml生理盐水或5％或10％葡萄糖溶液中。",3
注射用奈达铂,本品主要成份:奈达铂，辅料：右旋糖酐40|注射用奈达铂,,国药准字H20064294,"临用前,用0.9%的氯化钠注射液溶解后,再稀释至500ml,静脉滴注,滴注时间不应少于1小时,滴完后需继续点滴输液1000ml以上。推荐剂量为每次给药80-100mg/m2,每疗程给药一次,间隔3-4周后方可进行下一个疗程。",3
注射用奥扎格雷钠,本品主要成分为奥扎格雷钠。|注射用奥扎格雷钠,本品主要成分为奥扎格雷钠。,国药准字H10970307,成人一次40mg～80mg(2～4支)，一天1～2次，溶于500ml生理盐水或5%葡萄糖溶液中，连续静脉滴注，2周为一疗程。,3
注射用奥沙利铂,本品主要成份奥沙利铂.辅料名称：水合乳糖、注射用水、氮气|注射用奥沙利铂,,国药准字H20000686,本品在单独或联合用药时推荐剂量为130mg/m2加入250～500ml5％葡萄糖溶液中输注2～6个小时。没有主要毒性出现时每3周（21天）给药1次。剂量的调整应以安全性、尤其是神经学的安全性为依据。,3
注射用奥美拉唑钠,本品主要成份为奥美拉唑钠|注射用奥美拉唑钠,,国药准字H20059052,1.静脉滴注：临用前将瓶中的内容物溶于l00毫升0.9％氯化钠注射液或100毫升5%葡萄糖注射液中，本品溶解后静脉滴注时间应在20一30分钟或更长。 2.禁止用其他其溶剂或其他药物溶解和稀释。 3.当口服疗法不适用于十二指肠溃疡、胃溃疡和反流性食营炎的患者时，推荐静脉滴注本品的剂量为40mg，每日一次。 4.Zollinger―Ellison综合征患者每日剂量可能要求更高，剂量应个体化，推荐静脉滴,3
注射用尼莫地平,尼莫地平|注射用尼莫地平,尼莫地平,国药准字H20050652,取注射用尼莫地平4mg，用适量5%葡萄糖或葡萄糖生理盐水溶解，注入250ml或500ml5%葡萄糖或葡萄糖生理盐水中，混合均匀后避免阳光直射并立即静脉滴注。体重估计低于70kg或血压不稳定的病人，治疗开始的2h可按照每小时0.5mg尼莫地平给药。如果耐受性良好尤其血压无明显下降时，2h后，剂量可增至1mg尼莫地平。体重估计大于70kg，剂量宜从每小时1mg尼莫地平开始。2h后如无不适可增至2mg。,3
注射用左卡尼汀,本品主要成分为左卡尼汀。|注射用左卡尼汀,本品主要成分为左卡尼汀。,国药准字H20064302,每次血透后推荐起始剂量是10～20mg/kg，溶于5-10ml注射用水中，2～3分钟1次静脉推注，血浆左卡尼汀波谷浓度低于正常(40～50μmol/L)立即开始治疗，在治疗第3或第4周时调整剂量(如在血透后5mg/kg)。,3
注射用己酮可可碱,己酮可可碱|注射用己酮可可碱,己酮可可碱,国药准字H20040436,静脉滴注。用时患者应平卧位。初始剂量为己酮可可碱100mg，于2～3小时内输入，最大滴速不可超过100mg/h。根据患者耐受性可每次增加50mg，但每次用量不可超过200mg，每日1～2次。最大剂量不应超过400mg/24h。,3
注射用布美他尼,本品主要成分为布美他尼。|注射用布美他尼,本品主要成分为布美他尼。,国药准字H20050433,用适量注射用水溶解后静脉或肌肉注射(静脉注射:布美他尼0.1mg/ml;肌肉注射:布美他尼0.25～0.5mg/ml) 1.成人。 治疗水肿性疾病或高血压，静脉或肌肉注射起始0.5～1mg，必要时每隔2～3小时重复，最大剂量为每日10mg。治疗急性肺水肿，静脉注射起始1～2mg，必要时隔20分钟重复，也可2～5mg稀释后缓慢滴注(不短于30～60分钟)。 2.小儿。 肌肉或静脉注射一次按体重0.0,3
注射用帕米膦酸二钠,本品主要成份:帕米膦酸二钠。辅料为：甘露醇、磷酸|注射用帕米膦酸二钠,,注册证号H20100352,1.治疗骨转移性疼痛:临用前稀释于不含钙离子的0.9%生理盐水或5%葡萄糖液中。 2.静脉缓慢滴注4小时以上，浓度不得超过15mg/125ml，滴速不得大于15～20mg/2小时。 3.一次用药20～60mg。 4.治疗高钙血症:应严格按照血钙浓度，在医生指导下酌情用药。,3
注射用曲普瑞林,曲普瑞林|注射用曲普瑞林,曲普瑞林,H20090256,"常用剂量为500ug/次/天,连续7天，然后以100ug/次/天皮下注射作为维持量。体外授精术：治疗周期第一天开始以500ug/次/天皮下注射，直至给予hCG。中枢性性早熟（9岁以下女孩和10岁以下男孩）给药剂量应依据体重而定。治疗开始时在当天、当天注射后第14和28天注射适当剂量的本品，此后每4周注射1次。若疗效不佳，则每3周注射1次。体重小于20kg的儿童给半量（1.875mg）；体重在20-",3
注射用替卡西林钠克拉维酸钾,替卡西林钠、克拉维酸钾|注射用替卡西林钠克拉维酸钾,替卡西林钠、克拉维酸钾,1.6g:国药准字H200668533.2g:国药准字H20066854,用量：成人(包括老年人)：常用剂量：根据体重，每6～8小时给药一次，每次1.6g～3.2g。最大剂量：每4小时给药一次，每次3.2g。肾功能不全患者的推荐剂量：轻度功能不全(肌酐清除率>30ml／分钟)每8小时3.2g中度功能不全(肌酐清除率10～30ml／分钟)每8小时1.6g严重功能不全(肌酐清除率,3
注射用果糖二磷酸钠,本品主要成份为果糖二磷酸钠。|注射用果糖二磷酸钠,,国药准字H20056837,1.剂量： (1)建议剂量为每日5～l0g，治疗低磷酸血症的剂量，应根据磷酸缺乏的程度，以免磷酸超负荷。 (2)较大剂量建议每天分两次给药。 (3)儿童剂量应根据体重(70～160mg/Kg)，不要超过建议剂量。 2.给药方式：每lg粉末用灭菌注射用水l0ml溶解，将混匀后的溶液静脉输注(大约l0ml/min)。混匀后的溶液必须单次给药，如没有输完，余量不再使用。,3
注射用比阿培南,本品主要成份为比阿培南。|注射用比阿培南,,国药准字H20080225,"1.每0.3g比阿培南溶解于100ml生理盐水或葡萄糖注射液中静脉滴注。|2.成人每日0.6g,分2次滴注,每次30~60分钟。|3.可根据患者年龄?症状适当增减给药剂量，但1天的最大给药量不得超过1.2g。",3
注射用氨甲环酸,氨甲环酸|注射用氨甲环酸,氨甲环酸,国药准字H20030587,静脉注射或滴注，一次0.5g，一日0.5～2g。静脉注射液以25%葡萄糖液稀释，静脉滴注液以5%～10%葡萄糖液稀释。为防止手术前后出血，可参考上述剂量。治疗原发性纤维蛋白溶解所致出血时，剂量可酌情加大。,3
注射用氨甲苯酸,本品主要成份:氨甲苯酸。|注射用氨甲苯酸,,国药准字H20040552,"静脉注射或滴注,一次ｏ.1～ｏ.3g（1支～3支）,一日不超过0.6g（6支）。或遵医嘱。",3
注射用氨磷汀,本品主要成分:氨磷汀。|注射用氨磷汀,本品主要成分:氨磷汀。,国药准字H20010403,"1.对于化疗病人,本品起始剂量为按体表面积一次500～600mg/m2,溶于0.9%氯化钠注射液50ml中,在化疗开始前30分钟静脉滴注,15分钟滴完。 2.对于放疗病人,本品起始剂量为按体表面积一次200～300mg/m2,溶于0.9%氯化钠注射液50ml中,在放疗开始前15分钟静脉滴注,15分钟滴完。 3.推荐用止吐疗法,即在给予本品前及同时静脉注射地塞米松5～10mg及5-HT3受体拮抗剂。",3
注射用氯唑西林钠,本品主要成份为氯唑西林钠。|注射用氯唑西林钠,,国药准字H20034156,"1.静脉滴注，成人一日4～6g，分2～4次;小儿一日按体重50～10mg/kg，分2～4次。 
2.轻?中度肾功能减退患者不需调整剂量，严重肾功能减退患者应避免应用大剂量，以防中枢神经系统毒性反应发生。",3
注射用法莫替丁,本品主要成份为法莫替丁。辅料为甘露醇、门冬氨酸。|注射用法莫替丁,,国药准字H20060200,1.因消化性溃疡?急性应激性溃疡?出血性胃炎引起的上消化道出血;卓-艾(Zollinger Ellison)氏综合征;因侵袭性应激反应(各种大手术如:脑血管障碍?头部外伤?多脏器衰竭?大面积烧伤等)引起的上消化道出血的预防:|(1)对一般成人将本品一次20mg用生理盐水或葡萄糖注射液20ml进行溶解，一日两次(每12小时)缓慢地进行静脉注射，或与输液混合进行静脉点滴，也可将本品20mg，用注射用水,3
注射用烟酸占替诺,本品主要成份:烟酸占替诺。|注射用烟酸占替诺,,国药准字H20030481,起始剂量0.3g/天，逐渐增加至0.6～0.9g/天，加入5%葡萄糖注射液中静脉滴注。,3
注射用甘草酸二铵,本品主要成份为:甘草酸二铵。化学名称为：20β-羧基-11-氧代正齐墩果烷-12-烯-3β基-2-O-β-D-葡萄吡喃糖苷醛酸基-α-D-葡萄吡喃糖苷醛酸二铵盐。|注射用甘草酸二铵,,国药准字H20061089,?静脉滴注，一次150mg（一次1瓶），用注射用水溶解后，再以10%葡萄糖注射液2.0ml稀释后缓慢滴注，一日1次。,3
注射用甲硫氨酸维B1,本品为复方制剂，其组份为甲硫氨酸与维生素B1，其比例为10：1。|注射用甲硫氨酸维B1,本品为复方制剂，其组份为甲硫氨酸与维生素B1，其比例为10：1。,国药准字H20060908,临用前加灭菌注射用水溶解至20mg/ml(以甲硫氨酸计)。肌内注射:每次40mg～100mg(以甲硫氨酸计)，每日1～2次。静脉注射:每次100mg～200mg(以甲硫氨酸计)，每日1次，以5%葡萄糖溶液或0.9%氯化钠溶液250～.00ml稀释后使用。,3
注射用甲磺酸加替沙星,本品主要成分为甲磺酸加替沙星。|注射用甲磺酸加替沙星,本品主要成分为甲磺酸加替沙星。,国药准字H20060201,1.静脉滴注，每次200mg，每天二次，本品与口服片剂具生物等效。疗程中，可根据医生决定，由静脉给药改为口服片剂，无须调整剂量。|2.用药剂量指南:感染（取决于病原菌） 每日剂量、疗程|(1)慢性支气管炎急性发作 400mg 7~10天|(2)急性鼻窦炎 400mg 10天|(3)社区获得性肺炎 400mg 7~14天|(4)单纯性尿路感染 400mg 单剂或200mg 3~5天|(5)复杂性尿路,3
注射用甲磺酸去铁胺,本品主要成份为甲磺酸去铁胺。|注射用甲磺酸去铁胺,,注册证号H20091034,"1.治疗慢性铁负荷过载螯合治疗年轻的铁负荷过载患者的主要目的是达到铁平衡,并防止含铁血黄素沉着症;而对于年老患者来说,则希望达到铁的负平衡以缓慢降低已升高的铁储存并预防其毒性作用。|2.儿童和成年患者建议在最初的10-20次输血后或血清铁蛋白水平已达到100ｏ纳克/毫升时开始用本品进行治疗。铁过载或本品过量可能会导致生长延缓。如果3岁以下儿童开始螯合治疗,应密切观察生长状况,平均日剂量不能超过40",3
注射用甲磺酸左氧氟沙星,本品主要成分为甲磺酸左氧氟沙星。|注射用甲磺酸左氧氟沙星,本品主要成分为甲磺酸左氧氟沙星。,国药准字H20070175,1.临用前，使用0.9%氯化钠注射液或5%葡萄糖注射液100ml溶解后静脉滴注。成人每日0.4g，分2次静滴。|2.重度感染患者及病原菌对本品的敏感性较差者(如绿脓杆菌)，每日最大剂量可增至0.6g ，分2次静滴。|3.肾功能减退者按照肌酐清除率决定用药剂量:肌酐清除率 50～80ml/min 正常剂量20～49ml/min 首剂0.4g 以后每24小时0.2g10～19ml/mim 首次 0.4,3
注射用甲磺酸帕珠沙星,本品活性成份为甲磺酸帕珠沙星。辅料为甘露醇、甲磺酸。|注射用甲磺酸帕珠沙星,,国药准字H20060211,用法:静脉滴注，使用前用0.9%氯化钠注射液或5%葡萄糖注射液100ml稀释。用量:一次0.3g，一日二次，静脉滴注时间为30～60分钟，疗程为7～14天。可根据患者的年龄和病情酌情调整剂量。给药注意事项:1. 应用本品前应先做细菌学检查。一般来说，为防止细菌出现耐药，在感染的致病菌确定后，在保证病人治疗的情况下，应尽量减少给药时间。2. 给药期间，不管有无必要继续用药，在开始给药3天后应判断继续,3
注射用盐酸丁卡因,本品主要成分为盐酸丁卡因.|注射用盐酸丁卡因,本品主要成分为盐酸丁卡因.,国药准字H20000309,本品为粉针，需加氯化钠注射液或灭菌注射用水溶解使用。药液浓度及用量按用途分别如下：1．硬膜外阻滞：常用浓度为0.15～0.3%溶液，与盐酸利多卡因合用，最高浓度为0.3%，一次常用量为40～50mg，极量为80mg。2．蛛网膜下腔阻滞：常用其混合液(1%盐酸丁卡因1ml与10%葡萄糖注射液1ml、3%盐酸麻黄素1ml混合使用)，一次常用量为10mg，15mg为限量，20mg为极量。3．神经传导阻滞,3
注射用盐酸伊立替康,本品主要成份是盐酸伊立替康.其辅料为乳酸和甘露醇.|注射用盐酸伊立替康,,国药准字H20020687,本品推荐剂量为350mg／m2，静脉滴注30～90分钟，每三周一次。 1.剂量调整:对于无症状的严重中性粒细胞减少症（中性粒细胞计数＜500／mm。），中性粒细胞减少伴发热或感染（体温超过38℃，中性粒细胞计数＜1000／mm3，或严重腹泻（需静脉输液治疗）的病人，下周期治疗剂量应从350mg／m2减至300mg／m2，若这一剂量仍出现严重中性粒细胞减少症，或如上所述的与中性粒细胞减少相关的发热及,3
注射用盐酸伊达比星,注射用盐酸伊达比星|盐酸伊达比星,盐酸伊达比星,,急性髓性白血病：在成人急性髓性白血病，与阿糖胞苷联合用药时的推荐剂量为每天静脉注入12mg/m2，连续使用三天。另一用法为单独和联合用药，推荐剂量为每天静脉注射8mg/m2，连续使用五天。急性淋巴细胞性白血病（ALL）：作为单独用药，成人急性淋巴细胞性白血病的推荐剂量为每天静脉注入12mg/m2，连续使用三天；儿童10mg/m2，连续使用三天。所有推荐的给药剂量均应根据病人的血象，以及在联合用药方,3
注射用盐酸倍他司汀,本品主要成份为盐酸倍他司汀。|注射用盐酸倍他司汀,,国药准字H20030473,每日一次，一次20mg（1支），用时，以2ml 5%葡萄糖注射液或生理氯化钠注射液溶解，加入500ml 5%葡萄糖注射液或500ml生理氯化钠注射液中缓慢静脉滴注。,3
注射用盐酸克林霉素,本品主要成份为盐酸克林霉素。|注射用盐酸克林霉素,,国药准字H20041456,"1.成人：深部肌内注射或静脉滴注给药。 
(1)中度感染：0.6～1.2g/日，分2～3次。 
(2)严重感染：1.2～2.7g/日，分2～3次。或遵医嘱。 
2.儿童：肌肉注射或静脉滴注给药。 
(1)中度感染：15～25mg/kg/日，分2～3次。 
(2)严重感染：25～40mg/kg/日，分2～3次或遵医嘱。 
3.静脉滴注将本品0.3g用100ml生理盐水或5%葡萄糖液稀释，静脉滴注30",3
注射用盐酸地尔硫卓,本品主要成份:盐酸地尔硫卓。|注射用盐酸地尔硫卓,,国药准字H20044775,将注射用盐酸地尔硫?（10mg或50mg）用5ml以上的生理盐水或葡萄糖注射液溶解，按下述方法用药： |1.室上性心动过速 单次静注，通常成人剂量为盐酸地尔硫?10mg约3分钟缓慢静注，并可据年龄和症状适当增减。|2.手术时异常高血压的急救处置 单次静注，通常对成人1次约1分钟内缓慢静注盐酸地尔硫?10mg，并可据患者的年龄和症状适当增减。 静注点滴，通常对成人以5～15μg/kg/分速度静脉点滴,3
注射用盐酸多巴酚丁胺,本品主要成份:盐酸多巴酚丁胺。|注射用盐酸多巴酚丁胺,,国药准字H20030923,1.给药方法： 由于盐酸多巴酚丁胺的半衰期短，所以必须以连续静脉输注的方式给药。继开始常速输注或继改变输注速度后，大约在10分钟之内血浆多巴酚丁胺的浓度可以达到稳定状态。因此，无需给予负荷剂量或大剂量快速注射，而且也不推荐这样做。 2.推荐剂量： 对于绝大多数病人而言，能够使心输出量增加的输注速度范围为2.5至10μg/kg/分钟。要使血液动力学得到适当的改善，剂量常常需要高达20μg/kg/分钟,3
注射用盐酸头孢吡肟,本品主要成份为盐酸头孢吡肟，辅料为:L-精氨酸。|注射用盐酸头孢吡肟,,国药准字H20050621,可用静脉滴注或深部肌肉注射给药。成人和16岁以上儿童或体重为40公斤以上患者，可根据病情，每次1-2克，每12小时一次，静脉滴注，疗程7-10天。,3
注射用盐酸头孢甲肟,本品的主要成份为盐酸头孢甲肟，辅料为无水碳酸钠。|注射用盐酸头孢甲肟,,H20090190,1.本品溶于0.9%氯化钠注射液或葡萄糖注射液中，静脉滴注。2.成人：(1)轻度感染：1日1-2g，分2次静脉滴注。(2)中、重度感染：可增至一日4g，分2-4次静脉滴注，也可根据临床情况进行剂量调整。3.小儿：(1)轻度感染：一日每公斤体重40-80mg，分3-4次静脉滴注。(2)中、重度感染：可增至一日每公斤体重160mg，分3-4次静脉滴注。(3)脑脊膜炎：可增量至一日每公斤体重200mg，,3
注射用盐酸托泊替康,本品主要成份盐酸拓扑替康。|注射用盐酸托泊替康,,国药准字H20000438,"1.剂量：推荐剂量为1.2mg/m2/日，静脉输注30分钟。持续5天，21天为一疗程，治疗中严重的中性粒细胞减少症患者，在其后的疗程中剂量减少0.2 mg/m2或与G-CSF同时使用。使用从第6天开始，即在持续5天使用本品后24小时后再用G-CSF。
2.注射液配制：用无菌注射用水1ml溶解本品1mg比例溶解本品，按1.2mg/m2/日剂量抽取药液，用0.9%氯化钠或5%葡萄糖注射液稀释后静脉输注",3
注射用盐酸柔红霉素,本品主要成分:盐酸柔红霉素。|注射用盐酸柔红霉素,本品主要成分:盐酸柔红霉素。,国药准字H20083726,柔红霉素口服无效。须避免肌肉注射或鞘内注射。只能静脉注射给药，应先点滴生理盐水，以确保针头在静脉内。然后才在这一通畅的静脉输液管内注射柔红霉素。这项技术可减少药物外渗的危险性及保证在注射完毕后可冲洗静脉。柔红霉素切不可与肝素混合。因这类药物在化学性质上不相配伍，可产生沉淀物。柔红霉素可与其它抗白血病药物联合应用，但切不可用同一只针筒来混合这些药物。 单一剂量从0.5mg/kg至3mg/kg。0.5,3
注射用盐酸氨溴索,本品主要成分为:盐酸氨溴索。|注射用盐酸氨溴索,本品主要成分为:盐酸氨溴索。,国药准字H20060213,缓慢静脉滴注。|1.成人及12岁以上儿童：每天2～3次，每次15mg，严重病例可增至每次30mg。|2.6～12岁儿童：每天2～3次，每次15mg。 |3.2～6岁儿童：每天3次，每次7.5mg。 |4.2岁以下儿童：每天2次，每次7.5mg。|5.婴儿呼吸窘迫综合症（IRDS）的治疗：每日用药总量以婴儿体重计算30mg/kg，分4 次给药，应使用注射泵给药，静脉输注时间至少5分钟。,3
注射用盐酸洛美沙星,本品主要成分为盐酸洛美沙星。|注射用盐酸洛美沙星,本品主要成分为盐酸洛美沙星。,国药准字H19990126,静脉滴注 一次0.2g，一日2次。尿路感染 一次0.1g，一日2次，疗程7-14天。临用前将本品溶于5%～10%葡萄糖注射液或氯化钠注射液250ml中缓慢滴注。,3
注射用盐酸艾司洛尔,本品主要成份为盐酸艾司洛尔。|注射用盐酸艾司洛尔,,国药准字H20041639,静脉给药，本品可采用5%葡萄糖注射液?5%葡萄糖生理盐水注射液?生理盐水?林格液等进行溶解并稀释。 1.室上性心律失常: 负荷量为0.5mg/(kg?min)，一分钟静注完毕后继以0.05mg(kg?min)静脉维持4分钟。取得理想疗效即可改维持治疗。若疗效不好，再给同样负荷量后以0.1mg/(kg?min)维持。维持剂量可根据病情以50μg/(kg?min)的步距调整，极量为0.3mg/(kg?,3
注射用盐酸表柔比星,本品主要成分为盐酸表柔比星。辅料名称:乳糖﹑对羟基苯甲酸甲酯。|注射用盐酸表柔比星,,国药准字H19990280,"1.常规剂量:表柔比星单独用药时,成人剂量为按体表面积一次60～120mg/m2. 2.当表柔比星用来辅助治疗腋下淋巴阳性的乳腺癌患者联合化疗时,推荐的起始剂量为100～120mg/m2 3.静脉注射,每个疗程的总起始剂量可以一次单独给药或者连续2-3天分次给药。根据患者血象可间隔21天重复使用。 4.优化剂量:高剂量可用于治疗肺癌和乳腺癌。 5.单独用药时,成人推荐起始剂量为按体表面积一次最高可",3
注射用盐酸雷尼替丁,本品主要成份为盐酸雷尼替丁。|注射用盐酸雷尼替丁,,国药准字H20041734,本品需用灭菌注射用水完全溶解后使用。|1.成人:|(1)上消化道出血:每次50mg，稀释后缓慢静滴（1～2小时），或缓慢静脉推注（超过10分钟），或肌注50mg，以上方法可每日2次或每6～8小时给药1次。|(2)术前给药:全身麻醉或大手术前60～90分钟缓慢静注50～100mg，或5％葡萄糖注射液200ml稀释后缓慢静脉滴注1～2小时。|2.小儿：|(1)静注:每次1～2mg/kg，每8～12小时,3
注射用盐酸雷莫司琼,注射用盐酸雷莫司琼,,国药准字H20051299,成人:通常给药0.3mg，用2ml0.9%氯化钠注射液溶解后静脉注射，1日1次，另外可根据年龄、症状不同适当增减用量。效果不明显时，可以追加给药相同剂量，但日用量不应超过0.6mg。,3
注射用硫辛酸,本品主要成分为硫辛酸。|注射用硫辛酸,本品主要成分为硫辛酸。,国药准字H20061176,本品用于静脉注射。静脉注射应缓慢，最大速度为每分钟50mg硫辛酸。本品也可加入生理盐水静脉滴注，如250～500mg硫辛酸加入到100～250ml生理盐水中，静脉滴注时间约30分钟。除非有特别医嘱，对严重的糖尿病周围神经病变引起的感觉异常的患者，可用静脉滴注给药，每天300～600mg，2～4周为一疗程。,3
注射用硫酸依替米星,本品主要成分为硫酸依替米星。辅料:焦亚硫酸钠。|注射用硫酸依替米星,,国药准字H19991179,溶解于0.9%氯化钠注射液或5%葡萄糖注射液100ml中静脉滴注。|1.成人推荐剂量：对于肾功能正常泌尿系感染或全身性感染的患者，一次0.1～0.15g，一日2次(每12小时1次)，或0.2g-0.3g，每日一次，每次滴注1小时。疗程为5～10日。依据患者的感染程度遵医嘱进行剂量的调整。|2.肾功能受损的患者，不宜使用本品。如必要时应调整剂量，并应监测血清中硫酸依替米星的浓度，此外血清肌酐水平及肌,3
注射用硫酸头孢匹罗,本品主要成份为:硫酸头孢匹罗。|注射用硫酸头孢匹罗,,国药准字H20063103,本品为胃肠外给药，其剂量、给药方法及疗程决定于感染的严重程度、病原菌的敏感性患者状况及肾功能情况。下列剂量推荐用于肾功能正常的中重度感染的患者。对于很严重的泌尿系及皮肤、软组织感染病例其单位剂量可增至2.0克。肾功能损害患者的剂量:头孢匹罗主要经肾脏排泄，因此在肾功能损害患者必须减少剂量以与其较慢的排出保持平衡。用法:静脉注射:将1小瓶1.0或2.0克头孢匹罗的药粉分别溶解于10毫升或20毫升灭菌,3
注射用硫酸奈替米星,本品主要成份为硫酸奈替米星。|注射用硫酸奈替米星,,国药准字H20041916,1.本品可肌肉注射，也可静脉滴注。 (1)肌肉注射时，用前加2ml注射用水或氯化钠注射液溶解后，配制成50mg/ml溶液，供肌肉注射。 (2)静脉滴注时，用前先加 2ml注射用水或氯化钠注射液溶解，再移加到5%葡萄糖注射液或0.9%氯化钠注射液50-200ml中静脉滴注，每次滴注时间为1.5-2.0小时。为了正确计算剂量，应在给药前获知病人的体重，对于肥胖病人的剂量应按标准体重计算。肾功能状态可根,3
注射用硫酸特布他林,主要成份为硫酸特布他林。本品含有辅料：甘露醇﹑枸橼酸。|注射用硫酸特布他林,,国药准字H20031123,1.临用前取本品0.25mg用注射用水溶解，加入生理盐水100ml中，以0.0025mg/min的速度缓慢静脉滴注。|2.成人每日0.5～0.75mg，分2～3次给药。,3
注射用硫酸西索米星,本品主要成份硫酸西索米星。|注射用硫酸西索米星,,国药准字H20030954,1.肾功能正常者。 (1)成人：轻度感染一日0.1g(以西索米星计)，重度感染一日0.1.g(2瓶)，均分2～3次给药。 (2)小儿：按体重一日2～3 mg/kg，分2～3次给药。 (3)疗程均不超过7～10日。有条件时应进行血药浓度监测。 2.肾功能减退者。肾功能减退患者应用本品时，应根据肾功能调整剂量。有条件者应同时监测血药浓度，以调整剂量。,3
注射用磷酸川芎嗪,本品主要成份为磷酸川芎嗪。|注射用磷酸川芎嗪,,国药准字H20040560,静脉滴注。一次50～100mg，缓慢滴注，宜在3～4小时滴完，一日1次，10～15天为一疗程或遵医嘱。,3
注射用细辛脑,本品主要成份为细辛脑。|注射用细辛脑,,国药准字H20060386,1.静脉推注:一次16～24mg，稀释于20%葡萄糖注射液40ml里，缓慢静脉推注，一日2～3次。小儿剂量酌减。 2.静脉滴注:成人:一次16～24mg，儿童:一次0.5mg/kg，用5%或10%葡萄糖注射液稀释成0.01%～0.02%的溶液，一日2次。,3
注射用美洛西林钠,本品主要成份为美洛西林钠。|注射用美洛西林钠,,注册证号H20020363,1.肌内注射、静脉注射或静脉滴注。肌内注射临用前加灭菌注射用水溶解，静脉注射通常加入5%葡萄糖氯化钠注射液或5%～10%葡萄糖注射液溶解后使用。|2.成人一日2～6g，严重感染者可增至8～12g，最大可增至15g。|3.儿童，按体重一日0.1～0.2g/kg，严重感染者可增至0.3g/kg。|4.肌内注射一日2～4次，静脉滴注按需要每6～8小时一次，其剂量根据病情而定，严重者可每4～6小时静脉注射,3
注射用美罗培南,本品主要成份为美罗培南，辅料为无水碳酸钠。|注射用美罗培南,,国药准字H20093397,1.美罗培南静脉推注的时间应大于5分钟，静脉滴注时间大于15-30分钟。美罗培南推注时，应使用无菌注射用水配制（每5ml含250mg本品），浓度约50mg/ml。 2.美罗培南可使用下列输液溶解：0.9%氯化钠溶液、5%或者10%葡萄糖溶液、5%葡萄糖溶液（碳酸氢钠浓度0.02%）、0.9%氯化钠溶液和5%葡萄糖溶液、5%葡萄糖溶液（氯化钠浓度0.225%）、5%葡萄糖溶液（氯化钾浓度0.15%）,3
注射用肌苷,本品主要成份为肌苷。|注射用肌苷,,国药准字H20050092,?用前稀释后，加入100ml 0.9% 氯化钠注射液或5%葡萄糖注射液中静脉滴注，一次0.2～0.6g((以肌苷计)，每日1～2次。,2
注射用胸腺五肽,本品名称为胸腺五肽。|注射用胸腺五肽,本品名称为胸腺五肽。,国药准字H20046293,肌内注射，用前加灭菌注射用水1ml溶解;或溶于250ml 0.9%氯化钠注射液静脉慢速单独滴注。一次1支，一日1～2次，15-30日为一疗程，或遵医嘱。,3
注射用脂溶性维生素Ⅱ,注射用脂溶性维生素Ⅱ,,国药准字H20060489,成人和十一岁以上儿童每日使用1支。使用前在无菌条件下，用注射器取2ml注射用水注入瓶中，缓慢振摇至冻干粉溶解，然后加入到0.9%氯化钠或5%葡萄糖注射液内，轻轻摇匀后即可输注，并在8小时内用完。亦可与注射用水溶性维生素联合使用。,3
注射用脑蛋白水解物,本品为猪脑组织提取﹑分离﹑精制而得的无菌制剂。内含16种游离氨基酸，并含少量肽。辅料为甘露醇。|注射用脑蛋白水解物,,国药准字H20051737,1.每一疗程最好连续给药，参考病人年龄?病情以决定疗程长短及剂量。?|2.静脉滴注:一般使用2~6支稀释于2.0ml生理盐水中缓慢滴注，每日一次，约60~120分钟滴完，可连 续使用10~14天为一疗程。或遵医嘱。,3
注射用苦参素,本品主要成份:苦参素。|注射用苦参素,,国药准字H20041617,1.本品可用于肌肉注射或静脉滴注。 2.剂量：用于肝炎治疗，每日一次，400～600mg。12周为一疗程。用于白细胞减少，每日2次，每次200mg。 3.给药方法： （1）肌肉注射：将冻干粉适量注射用水溶解后肌肉注射。 （2）静脉滴注：将冻干粉用适量5%获10%葡萄糖溶解，后加入到250～500m葡萄糖液中，缓慢静滴。,3
注射用葛根素,本品主要成份为葛根素，其辅料为碳酸氢钠和甘露醇.|注射用葛根素,,国药准字H20020392,1.使用前溶入5%葡萄糖注射液或0.9%氯化钠注射液250-500ml中，静脉滴注。 2.用于心脏血管疾病时，100-200mg/次，一日2次，10-15天为一疗程; 3.用于视网膜动?静脉阻塞和突发性耳聋时，每次200～400mg，一日1次，10～20天为一疗程，可连续使用2～3个疗程。,3
注射用葡萄糖酸依诺沙星,本品主要成份为葡萄糖酸依诺沙星。|注射用葡萄糖酸依诺沙星,,国药准字H20052511,使用时，将本品用5～10毫升5%葡萄糖注射液溶解后，再加入到100毫升5%葡萄糖注射液中，避光静脉滴注。成人一次0.2g，一日2次。重症患者最大剂量一日不超过0.6g，疗程7～10日，治疗中病情显著好转后即可改用口服制剂。,3
注射用藻酸双酯钠,本品主要成份为藻酸双酯钠。|注射用藻酸双酯钠,,国药准字H20050742,静脉滴注:成人，按体重一次1～3mg/kg，临用前溶于250～500ml生理盐水中，缓慢滴注(滴速应不大于0.75mg/kg/小时)，一日一次，10～14日为一疗程，每日最大用量不能超过150mg。,3
注射用赖氨匹林,本品主要成分:赖氨匹林。|注射用赖氨匹林,本品主要成分:赖氨匹林。,国药准字H10970186,肌内注射或静脉注射，以4ml注射用水或0.9%氯化钠注射液溶解后注射。 1.成人:一次0.9-1.8g，一日2次。 2.儿童:按照体重10-25mg/kg。分两次给药。,3
注射用达卡巴嗪,本品主要成份:达卡巴嗪。|注射用达卡巴嗪,,国药准字H32026231,"1.静脉注射: (1)每日1次,2.5～6mg/kg或200～400mg/m2,用生理盐水10～15ml,溶解后用5%葡萄糖溶液250～500ml稀释后滴注。30分钟以上滴完,连用5～10日为1疗程,一般间歇3～6周重复给药。 (2)单次大剂量:650～1450mg/m2,每4～6周1次。 2.静脉滴注:每次200mg/m2,每日1次,连用5日,每1～4周重复给药。 3.动脉灌注:恶性黑色素瘤,如",3
注射用还原型谷胱甘肽,注射用还原型谷胱甘肽|还原型谷胱甘肽，辅料：氢氧化钠,,国药准字H19991068,"1.给药途径：|(1) 静脉注射：将之溶解于注射用水后,加入100ml、2.0～500ml生理盐水或.%葡萄糖注射液中静脉滴注。|(2) 肌内注射给药：将之溶解于注射用水后肌内注射。|2.用量：|(1)化疗患者：给化疗药物前15分钟内将1.5g/m2本品溶解于100ml生理盐水中,于15分钟内静脉输注,第2～.天每天肌注本品600mg。使用环磷酰胺(CTX)时,为预防泌尿系统损害,建议在CTX注射",3
注射用酚磺乙胺,注射用酚磺乙胺|酚磺乙胺,酚磺乙胺,国药准字H20040641,肌内注射、静脉注射或静脉滴注。用灭菌生理盐水2ml溶解后使用，也可稀释于0.9%氯化钠注射液或5%葡萄糖注射液中使用。1．肌内注射或静脉注射：一次0.5g，一日0.5～1.5g。静脉滴注：一次0.5g，一日2～3次，或遵医嘱。2．预防手术后出血：术前15～30分钟静脉滴注或肌内注射0.5g，必要时2小时后再注射0.25g，或遵医嘱。,2
注射用醋酸曲普瑞林,"本品主要成分为醋酸曲普瑞林,辅料:聚丙交酯乙交酯共聚物﹑甘露醇﹑羧甲基纤维素﹑聚山梨酯80。|注射用醋酸曲普瑞林",,H20140298,"1.本品仅可肌肉注射，用药盒内提供的溶剂复溶药物粉末，复溶后立即注射。复溶后得到的悬浮液不得与其它药品混合。 
2.注意：请严格按照下附的图示进行复溶操作，任何误操作导致损失的药液量多于注射器中合理的残留量的情况应记录并报告。 
3.剂量： (1)前列腺癌 一次1支。每4周注射一次。 (2)性早熟 按体重一次50μg/kg，每4周注射一次。 3.子宫内膜异位症 (1)应在月经周期的前5天开始治疗。",3
注射用重组人干扰素α-2a,主要成份为重组人干扰素α2a。|注射用重组人干扰素α-2a,,国药准字S10970078,"1.毛状细胞白血病起始剂量:每日300万国际单位,皮下或肌内注射,16至24周。如耐受性差,则应将每日剂量减少到150万国际单位,或将用药次数改为每周2次,也可以同时减少剂量和用药次数。|(1)维持剂量:每次200万国际单位,每周3次皮下或肌内注射。如耐受性差,则将每日剂量减少到150万国际单位,每周3次。|(2)疗程:应用该药大约6个月以后,再由医生决定是否对疗效良好的病人继续用药或是对疗效不佳",3
注射用重组人干扰素α2a,主要成份为重组人干扰素α2a。|注射用重组人干扰素α2a,,国药准字S10980086,"1.毛状细胞白血病起始剂量:每日300万国际单位,皮下或肌内注射,16至24周。如耐受性差,则应将每日剂量减少到150万国际单位,或将用药次数改为每周2次,也可以同时减少剂量和用药次数。|(1)维持剂量:每次200万国际单位,每周3次皮下或肌内注射。如耐受性差,则将每日剂量减少到150万国际单位,每周3次。|(2)疗程:应用该药大约6个月以后,再由医生决定是否对疗效良好的病人继续用药或是对疗效不佳",3
注射用重组人干扰素α2b,本品主要成份为重组人干扰素α2b。|注射用重组人干扰素α2b,,国药准字S20000054,1.慢性乙型肝炎：皮下或肌内注射，3～6×106IU/日，连用四周后改为3次/周，连用16周以上。|2.急慢性丙型肝炎：皮下或肌内注射，3～6×106IU/日，连用四周后改为3次/周，连用16周以上。|3.丁型肝炎：皮下或肌内注射，4～5×106IU/日，连用四周后改为3次/周，连用16周以上。|4.带状疱疹：肌内注射，1×106IU/日，连用6天，同时口服无环鸟苷。|5.尖锐湿疣：可单独应用，肌,3
注射用重组人生长激素,本品主要成份为重组人生长激素rHGH，由191个氨基酸组成，分子量22KD，等同于天然人生长激素。|注射用重组人生长激素,,国药准字S19990021,1.剂量因人而异。皮下注射推荐剂量为每天每公斤体重0.1国际单位，于每晚皮下注射，注射部位应每天更换以防脂肪组织萎缩，或遵医嘱。|2.使用前，将1毫升注射用水沿瓶壁缓慢加入冻干的rHGH，轻微摇转使之全部溶解。|3.本品溶解后应澄清透明，若出现混浊或有不溶颗粒物则勿用，溶解本品时切勿剧烈振荡。,3
注射用重组人绒促性素,本品主要成分为绒促性素。|注射用重组人绒促性素,本品主要成分为绒促性素。,注册证号S20100016,1.用于无排卵性不育症，于经期第10日起，每日肌注1次500-1000单位，连续5日。2.用于黄体功能不足，于经期第15-17日（基础体温上升3日后），每日肌注500-1000单位，连用5日。3.功能性子宫出血，每日肌注300-1500单位，连用3-5日。4.10岁以下隐睾症，每次肌注500-1000单位；10-14岁，每次肌注1500单位，每周2-3次，连用4-8周。5.用于男性性功能减退症，1,3
注射用钙制剂,注射用钙制剂,,,,4
注射用长春西汀,本品主要成份是长春西汀。其化学名为乙基13as，13bs-13a-乙基-2，3，5，6-13a，13b-六氢-1H-吲哚3，2，1--de吡啶3，2，1--ij1，5-二氮杂萘-12-羧酸酯。辅料为甘露醇、柠檬酸、乙二胺四乙酸二钠。|注射用长春西汀,,国药准字H20040117,静脉滴注。开始剂量每天20mg，加入到适量的5％葡萄糖或0.9％的氯化钠注射液中缓慢滴注，以后可根据病情增加至每天30mg，或遵医嘱。,3
注射用门冬氨酸钾镁,本品为复方制剂，其组份为：每瓶含L-门冬氨酸0.85g﹑钾0.114g与镁0.042g。|注射用门冬氨酸钾镁,,国药准字H20052057,静脉滴注，一次1～2瓶，加入5%葡萄糖注射液250ml或500ml中缓慢静脉滴注，每日一次，或遵医嘱。,3
注射用门冬氨酸阿奇霉素,主要成份：门冬氨酸阿奇霉素。|注射用门冬氨酸阿奇霉素,,国药准字H20010119,将本品用适量注射用水充分溶解，配制成0.1g/mI，再加入至250ml或500ml的氯化钠注射液或5%葡萄糖注射液中，最终阿奇霉素浓度为1.0～2.0mg/ml，然后静脉滴注。浓度为1.0mg/ml，滴注时间为3小时；浓度为2.0mg/ml，滴注时间为1小时。 1.治疗社区获得性肺炎：成人一次0.5g，一日1次，至少连续用药2日，继之换用阿奇霉素口服制剂一日0.5g，7～10日为一个疗程。转为口服,3
注射用阿奇霉素,本品主要成分为阿奇霉素。|注射用阿奇霉素,本品主要成分为阿奇霉素。,国药准字H20030297,"1.将本品用适量注射用水充分溶解，配制成0.1g/ml，再加入至250ml或500ml的氯化钠注射液或5%葡萄糖注射液中，最终阿奇霉素浓度为1.0～2.0mg/ml，然后静脉滴注，浓度为1.0mg/ml，滴注时间为3小时，浓度为2.0mg/ml，滴注时间为1小时。 
2.治疗社区获得性肺炎：成人一次0.5g，一日1次，至少连续用药2日，继之换用阿奇霉素口服制剂一日0.5g，7～10日为一个疗程。转",3
注射用阿昔洛韦,本品主要成分：阿昔洛韦。|注射用阿昔洛韦,本品主要成分：阿昔洛韦。,国药准字H20046139,药液的配制：取本品0.5g加入10ml注射用水中，使浓度为50g/L，充分摇匀成溶液后，再用氯化钠注射液或5%葡萄糖注射液稀释至至少100ml，使最后药物浓度不超过7g/L，否则易引起静脉炎。静脉滴注，每次滴注时间在1小时以上。成人常用量。1. 重症生殖器疱疹初治，按体重一次5mg/kg(按阿昔洛韦计，下同)，一日3次，隔8小时滴注1次，共5日。2. 免疫缺陷者皮肤粘膜单纯疱疹或严重带状疱疹，按体,3
注射用阿替普酶,注射用阿替普酶|活性成份：注射用阿替普酶。辅料：精氨酸、磷酸、吐温80及注射用水。,,S20110051,应在症状发生后尽快给药。1.急性心肌梗死对于发病后6小时内给予治疗的患者，应采取90分钟加速给药法:15毫克静脉推注，其后30分钟内静脉滴注50mg，剩余的35mg在60分钟内静脉滴注，直至最大剂量达100mg。对于在发病后6－12小时内给予治疗的患者，应采取3小时给药法。10毫克静脉推入，其后1小时内静脉滴注50毫克，剩余4ｏ毫克在2小时内匀速静脉滴注，最大剂量达100毫克。体重在65公斤以下的,3
注射用阿洛西林钠,本品主要成份为阿洛西林钠。|注射用阿洛西林钠,,国药准字H10960152,本品采用每克注射用阿洛西林钠加10毫升注射用水溶解，澄清液加入5%葡萄糖氯化钠注射液或5～10%葡萄糖注射液中，静脉滴注。成人一日6～10g，严重病例可增至10～16g，一般分2～4次滴注。儿童按体重一次75mg/kg，婴儿及新生儿按体重每次100mg/kg，每日2～4次滴注。,3
注射用阿莫西林钠,主要成份:阿莫西林钠。|注射用阿莫西林钠,,国药准字H20054271,肌内注射或稀释后静脉滴注给药。 1.成人一次0.5～1g，每6～8小时1次。 2.小儿一日剂量按体重50～100mg/kg，分3～4次给药。肾功能严重损害患者需调整给药剂量，其中内生肌酐清除率为10～30ml/分钟的患者每12小时0.25～0.5g;内生肌酐清除率小于10ml/分钟的患者每24小时0.2.～0.5g。血液透析可清除本品，每次血液透析后应给予阿莫西林1g。,3
注射用阿莫西林钠克拉维酸钾,注射用阿莫西林钠克拉维酸钾|阿莫西林0..g与克拉维酸0.1g。,阿莫西林0..g与克拉维酸0.1g。,国药准宇 H20013333（0.6g含阿莫西林0.5g与克拉维酸0.1g）  国药准字 H20003632（1.2g含阿莫西林1g与克拉维酸0.2g）,1.用法：静脉注射/静脉滴注。|2.成人一次1.2g，一日3～4次，疗程10～14日。取本品一次用量溶于.0～100ml氯化钠注射液中，静脉滴注30分钟。|3.小儿每次每公斤体重30mg，一日3～4次（新生儿每日2～3次）。,2
注射铁制剂,注射铁制剂,,,,1
泮库溴胺,泮库溴胺,,,,1
泮库溴铵,泮库溴铵,,,,2
泮托拉唑,本品主要成分为泮托拉唑钠。|每片潘妥洛克肠溶片含：45.1mg泮托拉唑钠盐倍半水合物相当于40mg泮托拉唑。|泮托拉唑|泮托拉唑肠溶片,本品主要成分为泮托拉唑钠。|每片潘妥洛克肠溶片含：45.1mg泮托拉唑钠盐倍半水合物相当于40mg泮托拉唑。,,本品不同剂型、不同规格的用法用量可能存在差异，请阅读具体药物说明书使用，或遵医嘱。泮托拉唑钠肠溶胶囊：口服。每日早晨餐前40mg（1粒）。十二指肠溃疡疗程通常为2-4周，胃溃疡和返流性食管炎疗程通常为4-8周。注射用泮托拉唑钠：1、静脉滴注。一次40-80mg，每日1-2次，临用前将10ml的0.9%氯化钠注射液注入冻干粉小瓶内，将溶解后的药液加入0.9%氯化钠注射液100-250ml中稀释后供静 || 本品若无医师处方，应按下述方法服用，请遵守这些方法，否则可能疗效不佳。对伴有幽门...,6
泮托拉唑钠,本品主要成份为泮托拉唑钠，每片含泮托拉唑20mg。|泮托拉唑钠|泮托拉唑钠肠溶片,,,口服。1.缓解症状及治疗轻度反流性食管炎，推荐每日早餐前20mg(1片)。2.反流性食管炎的长期维持治疗，推荐每日早餐前20mg(1片)；如复发可将剂量加大到每日40mg(2片)，或用40mg规格的本品治疗，复发治愈后再将剂量减至20mg。,2
泮托拉唑钠肠溶,本品主要成分为泮托拉唑钠。|泮托拉唑钠肠溶|泮托拉唑钠肠溶胶囊,本品主要成分为泮托拉唑钠。,,口服，每日早晨餐前40mg(1粒)。十二指肠溃疡疗程通常为2-4周，胃溃疡和反流性食管炎疗程通常为4-6周。,3
泰利霉素,泰利霉素,,,,2
泻药,泻药,,,,1
泼尼松龙,泼尼松龙|泼尼松龙片,,,,2
泽兰,泽兰,,,,1
洁维乐,每100g中含有磷酸铝凝胶55g，凝胶赋形剂适量。|洁维乐,每100g中含有磷酸铝凝胶55g，凝胶赋形剂适量。,,1．通常一天2～3次，或在症状发作时服用，每次1～2包，相当于20g凝胶，请于使...,3
洋地黄,洋地黄,,,,24
洋地黄制剂,洋地黄制剂,,,,6
洋地黄毒苷,洋地黄毒苷,,,,2
洋地黄类,洋地黄类,,,,2
洋地黄类药物,洋地黄类药物,,,,41
洋地黄糖甙,洋地黄糖甙,,,,1
洋地黄糖苷类,洋地黄糖苷类,,,,1
洗必太,洗必太,,,,2
洛伐他丁,洛伐他丁,,,,2
洛伐他汀,本品成分为洛伐他汀|洛伐他汀|洛伐他汀。|洛伐他汀分散片|洛伐他汀胶囊,本品成分为洛伐他汀|洛伐他汀。,国药准字H20000230,成人常用量  口服：10～20mg，每日一次，晚餐时服用。剂量可按需要调整，但最大剂量不超过每天80mg。 || 成人常用量口服：10-20mg，每日一次，晚餐时服用。剂量可按需要调整，但最大剂...,11
洛匹那韦,洛匹那韦,,,,4
洛哌丁胺,洛哌丁胺,,,,3
洛拉替尼,"本品活性成份为洛拉替尼。化学名称：10R-7-氨基-12-氟-2,10,16-三甲基-15-氧代-10,15,16,17-四氢-2H-4,8-亚甲基吡唑并4,3-h2,5,11苯并噁二氮杂环十四烯-3-腈。分子式：C21H19FN6O2。分子量：406.41。辅料：微晶纤维素、无水磷酸氢钙、羧甲淀粉钠、硬脂酸镁、薄膜包衣预混剂。|洛拉替尼|洛拉替尼片",,25mg：国药准字HJ20220040。100mg：国药准字HJ20220041。,患者选择经验证的检测方法证实为ALK阳性的局部晚期或转移性NSCLC患者方可使用本品（见[适应症]）和[临床试验]）。推荐剂量本品的推荐剂量为每日一次口服100mg（与食物同服或不同服），直至疾病进展或出现不可耐受的毒性（见[药代动力学]）。应整片吞服，不要咀嚼、掰碎或分割药片。若药片出现破损、裂纹或其他不完整的情况，请勿服用。每天在大致相同的时间服用本品。如果错过了某次剂量，可以补服漏服的剂量，,3
洛索洛芬钠,本品主要成份为洛索洛芬钠。化学名称：2-4-2-氧代环戊烷-1-基甲基苯基丙酸钠二水合物。分子式：C15H17NaO3·2H2O分子量：304.32|本品主要成分为洛索洛芬钠。|洛索洛芬钠|洛索洛芬钠。化学名：2-4-2-氧代环戊基甲基苯基丙酸钠二水合物分子式：C15H17NaO3·2H2O分子量：304.31|洛索洛芬钠分散片|洛索洛芬钠片|洛索洛芬钠胶囊,本品主要成分为洛索洛芬钠。,,口服，服用时可将本品加入适量水中，搅拌均匀后服用，不宜空腹服药：1、用于适应症... || 饭后服用。1、慢性炎症疼痛：成人一次60mg，一日3次。2、急性炎症疼痛：顿服60-120mg。可根据年龄、症状适当增减，一日最大剂量不超过180mg。 || 饭后服用。慢性炎症疼痛：成人一次60mg(1粒)，一日3次。出现症状时，急性炎症...,9
活性炭,活性炭,,,,6
活性碳,活性碳,,,,3
活疫苗,活疫苗,,,,1
派仑西平,派仑西平,,,,2
派克惜林,派克惜林,,,,1
流感嗜血杆菌疫苗,流感嗜血杆菌疫苗,,,,1
流行性腮腺炎疫苗,流行性腮腺炎疫苗,,,,1
浓替硝唑含漱液,0.2%浓替硝唑|浓替硝唑含漱液,0.2%浓替硝唑,,含漱用。在50毫升温开水中加入本品2毫升，在口腔中含嗽1分钟后吐弃。一日3次。...,3
浓维磷,本品为复方制剂，其组分为每500ml中含50%甘油磷酸钠10.5g，咖啡因1.5g，维生素B10.3g，磷酸0.27g，烟酸0.03g。|浓维磷|浓维磷糖浆,,,口服。一次10ml ，一日3次。,3
海索比安,海索比安,,,,1
海藻,海藻,,,,6
海藻酸钠,海藻酸钠,,,,2
海金沙,海金沙,,,,1
消化酶类,消化酶类,,,,1
消化酶类制剂,消化酶类制剂,,,,4
消咳宁,消咳宁|消咳宁片|甘草浸膏、苦杏仁、石膏、盐酸麻黄碱、碳酸钙。,甘草浸膏、苦杏仁、石膏、盐酸麻黄碱、碳酸钙。,国药准字Z20064239,口服。一次1-2片，一日3次。,3
消旋卡多曲,消旋卡多曲|消旋卡多曲。|消旋卡多曲颗粒,消旋卡多曲。,国药准字H20050411,口服，每日3次，每次按每公斤体重服用1.5mg；单日总剂量应不超过每公斤体重6mg。连续服用不得超过7天。推荐剂量：（1）婴儿服用剂量：1～9月龄(体重<9Kg)，每次10mg，每日3次；9～30月龄(体重9～13Kg)，每次20mg，每日3次。（2）儿童服用剂量：30月龄～9岁(13Kg～27Kg)，每次30mg，每日3次；9岁以上(体重>27Kg)，每次60mg，每日3次。,3
消旋山莨菪碱,本品主要成份为：消旋山莨菪碱。|消旋山莨菪碱|消旋山莨菪碱片,,,口服。成人：每次5～10mg，每日3次。小儿：每次0.1～0.2mg/kg，每日...,3
消炎痛,消炎痛,,,,3
消炎药,一、抗生素：1、头孢拉定片：本品的主要成分为头孢拉定。2、阿奇霉素肠溶片：本品的主要成分为阿奇霉素。二、非甾体抗炎药：1、阿司匹林肠溶缓释片：本品的主要成分为阿司匹林乙酰水杨酸。2、吲哚美辛肠溶片：本品的主要成分为吲哚美辛。三、甾体激素类抗炎药：1、氢化可的松片：本品的主要成分为氢化可的松。2、醋酸地塞米松片：本品的主要成分为醋酸地塞米松。|消炎药,,,一、抗生素：1、头孢拉定片：成人常用量：口服，成人一次0.25-0.5g，每6小时1次。一日4次，严重感染者可增至1g，但每天总用量不超过4g。宜饭后服。儿童1次6.25-12.5mg/kg，每6小时1次。一日4次。2、阿奇霉素肠溶片：口服，在饭前1小时或饭后2小时服用。成人用量：沙眼衣原体或敏感淋病奈瑟菌所致性传播疾病，仅需单次口服本品1.0g；@对其他感染的治疗：第1日，0.5g顿服，第2-5,4
消炎镇痛药,消炎镇痛药,,,,1
消胆胺,消胆胺,,,,16
润肠,桃仁、羌活、大黄、当归、火麻仁。辅料为β-环糊精、玉米淀粉。|润肠|润肠胶囊,,,口服，一次2粒，一日3次，宜空腹服。,3
淀粉,淀粉,,,,2
清洁剂,清洁剂,,,,2
清火栀麦,清火栀麦|清火栀麦片|穿心莲、栀子、麦冬。辅料为淀粉、硬脂酸镁。,,,口服，一次2片，一日2次。,3
溴丙胺太林,溴丙胺太林|溴丙胺太林片,溴丙胺太林,国药准字H20067851,1日3～4次，每次15mg，饭前服，睡前30mg；治疗遗尿可于睡前口服15～45mg。,7
溴夫定,溴夫定,,,,1
溴芬酸钠水合物,溴芬酸钠水合物|溴芬酸钠水合物。|溴芬酸钠水合物滴眼液,溴芬酸钠水合物。,,通常一次1-2滴，一日两次滴眼。,3
溴苄铵,溴苄铵,,,,1
溴苯胺,溴苯胺,,,,1
溴隐亭,溴隐亭,,,,6
溶栓剂,溶栓剂,,,,6
溶栓药,溶栓药,,,,4
溶栓药物,溶栓药物,,,,7
溶血栓药,溶血栓药,,,,4
滋补性中药,滋补性中药,,,,1
滴眼用利福平,利福平。|滴眼用利福平,利福平。,国药准字H34023012,滴眼。一次1～2滴，一日4～6次。使用前，请蒋滴丸放入缓冲液中，振摇，使完全溶解。,2
潘库溴铵,潘库溴铵,,,,1
潘生丁,潘生丁,,,,2
澳抒达环酯红霉素干混悬剂,澳抒达环酯红霉素干混悬剂|环酯红霉素,环酯红霉素,,"将本品倒入杯中，加入适量凉开水，充分摇匀后口服。每12小时服用一次，空腹服用。
1)成人：首剂0.5~0.75g，每12小时后继服0.25~0.5g，严重感染者剂量可增至2倍。
2)儿童：首剂30mg/kg体重，每12小时后继服15mg/kg体重。",3
激素类避孕药,激素类避孕药,,,,1
激素避孕剂,激素避孕剂,,,,1
灭吐灵,灭吐灵,,,,2
灰黄霉素,本品主要成份为：灰黄霉素|灰黄霉素|灰黄霉素片,,,以下为微粒型的剂量。成人：甲癣和足癣，一次500mg，每12小时1次；头癣、体癣...,6
炔诺酮,本品主要成份为:炔诺酬。化学名称：17β-羟基-19-去甲-17α-孕甾-4-烯-20-炔-3-酮。分子式:C20H25O2分子量:298.43|炔诺酮|炔诺酮片,,,治疗子宫功能性出血:口服，每次5mg(8片)，每8小时1次，连用3日，止血后，改为每12小时1次，7日后改为每次2.5-3.75mg(4-6片)维持，连续用2周左右。详见说明书。,3
炔诺酮/乙烯雌二醇,炔诺酮/乙烯雌二醇,,,,1
炔雌醇环丙孕酮,本品为复方制剂，其组份为2mg醋酸环丙孕酮和0.035mg炔雌醇。|炔雌醇环丙孕酮|炔雌醇环丙孕酮片,本品为复方制剂，其组份为2mg醋酸环丙孕酮和0.035mg炔雌醇。,,一节)。但是．如果没有按照这些方法服药而首次没有出现撤退性出血，或两次没有出现撤...,3
烟酰胺,​本品主要成份为烟酸胺。|烟酰胺,,,本品不同剂型、不同规格的用法用量可能存在差异，请阅读具体药物说明书使用，或遵医嘱。烟酰胺片：1、推荐膳食每日摄入量，初生-3岁为5-9mg；4岁-6岁为12mg；7岁-10岁为13mg；男性青少年及成人为15-20mg；女性青少年及成人为13-15mg；孕妇为17mg；乳母为20mg。2、口服：防治糙皮病，每次50-200mg，每日500mg。注射用烟酰胺/烟酰胺注射液：一次300-400mg，一,3
烟酸,主要成份：烟酸|烟酸|烟酸。辅料为淀粉、硬脂酸镁。|烟酸片|烟酸缓释片,,国药准字H20030714,1.本品须整片吞服，不可掰开或嚼碎，本品应在少量低脂肪饮食后睡前服用。|2.口服，推荐1-4周剂量为一次1片（0.5g），一日一次；5-8周剂量为一次2片（1g），一日一次。8周后，根据病人的疗效和耐受性渐增剂量，如有必要，量大剂量可加至每天剂量为4片（2g）.维持剂量推荐的维持剂量为每日1g-2g(2-4片)，睡前服用，不推荐每日剂量超过2g(4片)，女性患者的剂量低于男性患者。|3.如果本品单 || 口服，成人，一次1-2片，一日5次，一日用量不超过10片。儿童，一次0.5～1片...,28
烟酸占替诺,烟酸占替诺|烟酸占替诺。化学名：72-羟基-3-2-羟乙基-甲氨基茶碱的烟酸盐|烟酸占替诺片,烟酸占替诺。化学名：72-羟基-3-2-羟乙基-甲氨基茶碱的烟酸盐,,口服。一次100200mg(12片)，一日3次，饭后服。,3
烟酸占替诺氯化钠,本品主要成份为烟酸占替诺。|烟酸占替诺氯化钠|烟酸占替诺氯化钠注射液,,国药准字H20020361,"静脉缓慢滴注,0.3g滴注时间不少于1小时,起始剂量0.3g/天,逐渐增加到0.6g～0.9g/天。或遵医嘱。",3
烟酸肼酞嗪,烟酸肼酞嗪,,,,1
烟酸谷氨酸,烟酸谷氨酸,,,,1
烯丙雌醇,烯丙雌醇|烯丙雌醇。|烯丙雌醇片,烯丙雌醇。,H20020213,先兆流产：1-3片/日，持续用药5-7天或至症状消失。需要时可增加剂量。习惯性流产：应在明确怀孕后立即用药，每日服用1-2片直至危象期后一个月，通常至妊娠的第5个月末。先兆早产：剂量需个体化，通常高于上述剂量(10-20MG/日)。,3
熊去氧胆酸,"化学名称：3α，7β-二羟基-5β-胆甾烷-24-酸分子式：C24H40O4分子量：392.58|本品主要成份为：熊去氧胆酸。其化学名称为：3α,7β-二羟基-5β-胆甾烷-24-酸。分子式：C24H40O4分子量：392.58|熊去氧胆酸|熊去氧胆酸片|熊去氧胆酸胶囊",,,1.胆囊胆固醇结石和胆汁淤积性肝病：按时用少量水送服。按体重每日剂量为10mg... || 口服：成人按体重每日8～10mg/kg，早、晚进餐时分2次给予。疗程最短为6个月...,7
熊去氧胆酸软,主要组成成分：本品主要成份为熊去氧胆酸。|熊去氧胆酸软|熊去氧胆酸软胶囊,,,1.固醇性胆囊结石和胆汁郁积性肝病，按时用少量水送服。按体重一次10mg/kg，一日一次。即:(详见说明书表格)溶石治疗:一般需6~24个月，服用12个月后结石未见变小者，停止服用。治疗结果根据每6个月进行超声波或X射线检查判断。2.胆汁反流性胃炎:晚上睡前用水吞服，必须定期服用，一次二粒(200mg)，一日一次，一般服用10~14天， 遵从医嘱决定是否继续服药。,3
熟地黄,1、益母草苷、桃叶珊瑚苷、梓醇、地黄苷、焦地黄素、地黄苦苷元；糖。2、2015年版《中国药典》规定：含毛蕊花糖苷C29H36O15不得少于0.020%。|熟地黄,,,内服：煎汤，10-30g。或入丸、散。或熬膏，或浸酒。,2
爱乐维,本品为复方制剂，每片含：12种维生素维生素A、维生素B1、维生素B2、维生素B6、维生素B12、维生素C、维生素D3、维生素E、叶酸、烟酰胺、泛酸钙，7种矿物质和微量元素。|爱乐维,,H20090560,一次一片，一日一次，与早餐同时服用，或遵医嘱。如存在晨起恶心现象，建议在中午或者晚上服用。,3
牛痘疫苗接种家兔炎症皮肤提取物,每片内含牛痘疫苗接种后的家兔炎症皮肤提取物4.0个Neurotropin单位，作为添加物，内含黄色5号铝化物。|牛痘疫苗接种家兔炎症皮肤提取物|牛痘疫苗接种家兔炎症皮肤提取物片,,,通常成人每日4片，分早晚两次口服。另外，根据年龄和症状可酌量增减。,3
牛磺熊去氧胆酸,活性成份：牛磺熊去氧胆酸250mg；赋形剂：微细结晶纤维素、乳糖、玉米淀粉、硬脂酸镁。|牛磺熊去氧胆酸|牛磺熊去氧胆酸胶囊,,,溶解胆固醇结石：常用剂量：5-10mg/kg/天，相当于2-3粒250mg胶囊，可分2-3次于饭后服用；但晚饭后才可以服用2粒。,3
牛磺酸,本品每包含牛磺酸0.4克，辅料为:蔗糖、葡萄糖、纤维素、柠檬黄。|牛磺酸|牛磺酸颗粒,,国药准字H11021423,口服。一次用量： 1.1～2岁1包。 2.3-5岁1.5包。 3.6-8岁2包。 4.9-13岁2.5～3包。 5.14岁以上儿童及成人3～4包，一日3次。,3
牛膝,1、本品含有三萜皂苷经水解后成为齐墩果酸和糖、蜕皮甾酮、牛膝甾酮、紫茎牛膝甾酮等甾体类成分和多糖类成分。此外，牛膝还含有精氨酸等12种氨基酸以及生物碱类、香豆素类等化合物和铁、铜等微量元素。2、2015年版《中国药典》规定：含β-蜕皮甾酮C27H44O7不得少于0.030%。|牛膝,,,煎服，6-15g。活血通经、利水通淋、引火（血）下行宜生用；补肝肾、强筋骨宜酒炙用。,2
牡丹皮,1、本品含牡丹酚、牡丹酚苷、牡丹酚原苷、牡丹酚新苷，并含芍药苷、氧化芍药苷、苯甲酰芍药苷、没食子酸、挥发油、植物甾醇、苯甲酸、蔗糖、葡萄糖等。2、2015年版《中国药典》规定：含丹皮酚C9H10O3不得少于1.2%。|牡丹皮,,,煎服，6-12g。清热凉血宜生用，活血祛瘀宜酒炙用。,2
牡蛎,1、本品含碳酸钙、磷酸钙及硫酸钙，并含有少量的镁、铝、硅、氧化铁、硫酸盐、磷酸盐、氯化物、多种氨基酸。煅后产生氯化钙，有机质则被破坏。2、2015年版《中国药典》规定：含碳酸钙CaCO3不得少于94.0%。|牡蛎,,,1、煎服，15-30g，打碎先煎；或入丸散，每次1-3g。2、平肝潜阳、软坚散结宜生用；收湿固涩、制酸止痛宜煅用。,4
牡蛎碳酸钙,主要成份为碳酸钙与氢氧化钙为主的钙化合物，每片含钙100毫克。辅料为环拉酸钠、苹果酸、富马酸、碳酸氢钠、阿司帕坦、聚维酮、香精。|本品每片含牡蛎碳酸钙按钙计50毫克，辅料为枸橼酸、蔗糖、淀粉、蛋白糖、硬脂酸镁、色素柠檬黄、羟丙甲纤维寨。|牡蛎碳酸钙|牡蛎碳酸钙。|牡蛎碳酸钙咀嚼片|牡蛎碳酸钙泡腾片|牡蛎碳酸钙颗粒,牡蛎碳酸钙。,国药准字H43021820,口服。一次1-2片，一日3次，用温开水溶解后服用。 || 口服。一次1片，一日3次，咀嚼后咽下。 || 温开水冲服，一次1-2袋，一日3次。孕妇及儿童遵医嘱。,9
特利加压素,特利加压素|特利加压素注射液,特利加压素,注册证号H2003069,1.用于食道静脉曲张导致的出血时，每4-6小时给药一次，静脉给药，每次剂量为1.0毫克，3-5天为一疗程。为了防止出血的复发，建议在出血停止后仍维持治疗，直到在24-48小时内没有出血情况出现为止。给药方式可以是一次性静脉推注或短时间输注。2.用于其它胃肠道出血：每4-6小时给药一次，静脉给药，每次剂量为1.0毫克。对怀疑为胃肠道系统上部出血的患者进行早期治疗时使用，本品也可作为急救药物使用。3.,3
特康唑,特康唑|特康唑乳膏,特康唑,国药准字H2009033,阴道用药。每晚睡前置入阴道深处，每次一管，连续用3天。用药方法：（1）打开外包装，取妇科用给药器，拔去外套推杆内管药膏外套出膏口。（2）用推杆将药膏推入阴道的方法：仰卧、膝盖弯曲，将内管轻轻插入阴道内约7～8厘米（公分），然后慢慢推压推杆，将药膏推入阴道内，卧床过夜。为防止药膏变稀流出阴道污染衣物，可加用卫生护垫。,3
特异性甲肝或乙肝免疫球蛋白,特异性甲肝或乙肝免疫球蛋白,,,,1
特拉唑嗪,特拉唑嗪,,,,1
特拉珠玛,特拉珠玛,,,,1
特比萘芬,特比萘芬,,,,1
特非那丁,特非那丁,,,,4
特非那定,本品活性成份为特非那定化学名称:a-4-叔丁基苯基-4-羟基二苯甲基-1-哌啶丁醇|特非那丁|特非那定|特非那定片,,,口服：成人及12岁以上者，一次60mg(1片)，一日2次；6～12岁儿童，一次30mg(半片)，一日2次，或遵医嘱。,33
狂犬病疫苗,狂犬病疫苗,,,,1
环丙沙星,环丙沙星,,,,24
环丙烷,环丙烷,,,,4
环丙砂星,环丙砂星,,,,1
环丝氨酸,环丝氨酸,,,,6
环孢素,环孢素|环孢素A|环孢素口服溶液改进型|环胞素|环胞菌素A,,,,77
环孢素A,环孢素A|环胞菌素A,,,,5
环孢素口服溶液,"环孢素口服溶液|环孢素，其化学名为：环E-2S,3R,4R-3-羟基-4-甲基-2-甲基氨基-6-辛烯基-L-α-氨基丁酰-N-甲基甘氨酰-N-甲基-L-白氨酰-L-缬氨酰-N-甲基-L-白氨酰-L-丙氨酰-D-丙氨酰-N-甲基-L-白氨酰-N-甲基-L-",,,成人口服常用量：开始剂量按体重每日12-15mg／kg，1～2周后逐渐减量，一般...,3
环孢素软,主要成分为环孢素。|环孢素软|环孢素软胶囊,主要成分为环孢素。,,1.器官移植：采用三联免疫抑制方案时，起始剂量6～11 mg/kg/日，并根据血...,3
环孢素软胶囊自微乳化制剂,本品主要活性成份为：环孢素。|环孢素软胶囊自微乳化制剂,,,成人口服常用量:开始剂量按体重每日12-15mg/kg，1-2周后逐渐减量，一般每周减少开始用药量的5%，维持量约为每日5-10mg/kg。对作移植术的患者，在移植前4-12小时给药。小儿常用量:器官移植初始剂量按体重每日6-11mg/kg，维持量每日2-6mg/kg。,2
环孢菌素,环孢菌素,,,,27
环孢菌素A,环孢菌素A,,,,4
环孢霉素,环孢霉素,,,,13
环己巴比妥,环己巴比妥,,,,1
环已巴比妥,环已巴比妥,,,,1
环磷酰胺,本品主要成份为环磷酰胺|环磷酰胺|环磷酰胺片,,,"成人常用量：口服每日2～4mg/kg,连用10～14天，休息1～2周重复。儿童常...",21
环磷酸胺,环磷酸胺,,,,1
环索奈德气雾剂,本品主要成份我环索奈德。化学名称：11β，16α-16，17-R环己基亚甲基双氧-11-羟基-21-2-甲基-1-氧代丙氧基-孕甾-1，4-二烯-3，20-二酮分子式：C32H44O7分子量：540.688|环索奈德气雾剂,,,只用于口腔吸入。推荐起始剂量为一天200μg，该剂量也就是最大剂量。对有些患者，其有效维持剂量可以减少到100μg。虽然早上使用环索奈德是有效的，但最好还是在傍晚使用。具体是在早上使用还是傍晚使用请遵医嘱。在使用了环索奈德后24小时内症状会有所改善。一旦症状被控制，环索奈德的剂量就应根据患者实际情况给予，减少到最适哮喘控制的最小剂量。使用指导：需要指导患者正确的使用吸入器。如果吸入器是新的或者超过,3
环胞素,环胞素,,,,3
环胞苷,环胞苷,,,,1
环酯红霉素,环酯红霉素|环酯红霉素片,环酯红霉素,,每12小时服用一次，空腹服用。成人：首剂500～700mg(2～3片)， 12小...,3
玻璃酸钠,本品主要成分为玻璃酸钠。|本品每支10ml含玻璃酸钠10mg。辅料为：无水枸橼酸、枸橼酸钠、山梨醇、注射用水。|玻璃酸钠|玻璃酸钠注射液|玻璃酸钠滴眼液,本品主要成分为玻璃酸钠。,H20100373,正常使用为一日三次，一次一滴。如需要也可增加使用频率。如需使用频率更高(如每天使用超过10次)请在眼科医生指导下使用。本品可在配戴隐形眼镜时使用，本品使硬性和软性隐形眼镜的配戴更加舒适，且不会形成任何的附着或残留物。本品适于长期治疗。 || 通常，成人1次1支(以玻璃酸钠计25mg)?1周1次?连续5次注入膝关节腔内或肩关节(肩关节腔?肩峰下滑液囊或肱二头肌长头腱腱鞘)内，按症状轻重适当增减给药次数。 本品为关节内注射剂，须进行严格的无菌操作。,6
珍珠母,珍珠母,,,,1
琥乙红霉素,琥乙红霉素|琥乙红霉素胶囊,琥乙红霉素,,口服，成人一日1.6g，分2～4次服用。军团菌病患者，一次0.4～1.0g，一日...,3
琥乙红霉素口腔崩解,本品主要成份:琥乙红霉素。|琥乙红霉素口腔崩解|琥乙红霉素口腔崩解片,,国药准字H20050032,1.将药片置口腔内，崩解分散后随唾液吞咽;或用少量水含化后吞服;或置温水中化开后饮服，进餐前后均可服用。|2.口服，成人一日1.6g，分2~4次服用。|3.军团菌病患者，一次0.4~1.0g，一日4次。|4.成人每日量一般不宜超过4g。|5.预防链球菌感染，一次400mg，一日2次。|6.衣原体或溶脲脲原体感染，一次800mg，每8小时1次，共7日;或一次400mg，每6小时1次，共14日。小儿，,3
琥乙红霉素醋酸麦迪霉素,琥乙红霉素醋酸麦迪霉素,,,,1
琥珀,本品主要含树脂和挥发油；也含有树脂中二松香醇酸聚酯化合物的分解物，如琥珀氧松香酸、琥珀松香酸、琥珀银松酸、琥珀脂醇、琥珀松香醇及琥珀酸等。|琥珀,,,1、内服：研末冲服或蜂蜜调服，或入丸散，每次1.5-3g。外用收敛生肌，研末外敷患处。不入煎剂。忌火煅。2、治疗失眠于睡前服，治疗惊痫适时服，利水通淋及化瘀消癥饭后服。,2
琥珀安神,地黄、当归、酸枣仁炒、人参、柏子仁霜、琥珀、五味子、麦冬、天冬、丹参等18味。|琥珀安神|琥珀安神丸,地黄、当归、酸枣仁炒、人参、柏子仁霜、琥珀、五味子、麦冬、天冬、丹参等18味。,国药准字Z20043913,口服，一次1丸，一日2次。,3
琥珀胆碱,琥珀胆碱,,,,6
琥珀酰明胶,本品主要成分为含4%琥珀酰明胶改良液体明胶的血浆替代液。|琥珀酰明胶|琥珀酰明胶注射液,本品主要成分为含4%琥珀酰明胶改良液体明胶的血浆替代液。,国药准字H20041992,1.经静脉输注，剂量和速度取决于病人的实际情况，如脉搏、血压、外周组织灌注量、尿量等，必要时可加压输注。快速输注时应加温液体，但不超过37℃。 2.如果血液或血浆丢失不严重，或术前或术中预防性治疗，一般1～3小时内输注500～1000ml;低血容量休克，容量补充和维持时，可在24小时内输注10～5L(但红细胞压积不应低于25%，年龄大者不应低于30%，同时避免血液稀释引起的凝血异常);严重急性失血,3
琥珀酰胆碱,琥珀酰胆碱|琥珀酰胆碱型药物,,,,4
琥珀酰胆碱型肌松剂,琥珀酰胆碱型肌松剂,,,,1
琥珀酸亚铁,本品主要成份：琥珀酸亚铁。|本品的主要成份为琥珀酸亚铁。琥珀酸亚铁是一种含铁Fe2+34.0-36.0%的无水碱式盐。|琥珀酸亚铁|琥珀酸亚铁片|琥珀酸亚铁缓释片,,国药准字H20083003,1.口服给药:宜饭后服用。饭后立即服用，可减轻胃肠道局部刺激。 2.成人: (1)预防用，每日一次，每次一片。 (2)治疗用，每日三次，每次1～2片。 3.儿童: (1)预防用，每日一次，每次半片。 (2)治疗用，每日二次，每次半片或一片。 || 饭后口服。成人预防量:每次1片，隔日服一次(即隔日0.2g)。成人治疗量:每次1～2片，每日一次，(即每日0.2g～0.4g)。或遵医嘱。血红蛋白正常后仍需继续服用1～2月。,6
琥珀酸盐,琥珀酸盐,,,,1
琥珀酸索利那新,化学名称：琥珀酸索利那新，3R-1-氮杂双环2.2.2辛-3-基1S-1-苯基-3，4-二氢异喹啉-21H-羟酸酯单琥珀酸盐。|琥珀酸索利那新|琥珀酸索利那新片,,,本品的推荐剂量为每日一次，每次一片(5毫克)，必要时可增至每日一次，每次两片(10毫克)。本品必须整片用水送服，餐前或餐后均可服用。肾功能障碍患者：轻、中度肾功能障碍患者(肌酐清除率>30mL/min)用药剂量不需要调整。严重肾功能障碍患者(肌酐清除率30mL/min)应谨慎用药，剂量不超过每日5mg。肝功能障碍患者：轻度肝功能障碍患者用药剂量不需要调整。中度肝功能障碍(Child-Pugh评分7,2
琥珀酸美托洛尔,本品主要成份为琥珀酸美托洛尔。|本品主要成分为琥珀酸美托洛尔。|琥珀酸美托洛尔|琥珀酸美托洛尔缓释片,本品主要成分为琥珀酸美托洛尔。,H20100167,口服，一天一次，最好在早晨服用，可掰开服用，但不能咀嚼或压碎，服用时应该用至少半杯液体送服。同时摄入食物不影响其生物利用度。剂量应个体化，以避免心动过缓的发生。下列是有效的用药指导:1.高血压47.5-95mg，一日一次。服用95mg无效的患者可合用其它抗高血压药，最好是利尿剂和二氢吡啶类的钙拮抗剂，或者增加剂量。2.心绞痛95-190mg，一日一次。需要时可合用硝酸酯类药物或增加剂量。在症状稳定 || 本品不同剂型、不同规格的用法用量可能存在差异，请阅读具体药物说明书使用，或遵医嘱。琥珀酸美托洛尔缓释片：1、口服，一天一次，最好在早晨服用，可掰开服用，但不能咀嚼或压碎，服用时应该用至少半杯液体送服。同时摄人食物不影响其生物利用度。剂量应个体化，以避免心动过缓的发生。2、下列是有效的用药指导：（1）高血压：47.5-95mg，一日一次。服用95mg无效的患者可合用其它抗高血压药，最好是利尿剂和二氢,6
琥珀酸舒马普坦,琥珀酸舒马普坦|琥珀酸舒马普坦。化学名称：3-2-二甲胺基乙基-N-甲基吲哚-5-甲烷磺酰胺琥珀酸盐。分子式：C14H21N3O2S&middot;C4H6O4分子量：413.49|琥珀酸舒马普坦片,,,单次口服的推荐剂量为50mg（半片），用水送服，若服用1次后无效，不必再加服。如...,3
瑞宁得,瑞宁得,,,,1
瑞格列奈,本品主要成份为瑞格列奈。|本品主要成份为瑞格列奈。化学名：S十-2-乙氧基-42-3-甲基-1-2-1-哌啶基苯基-丁基氨基-2-氧乙基苯甲酸。|瑞格列奈|瑞格列奈分散片|瑞格列奈片,,,口服或加少许水分散后口服，瑞格列奈分散片应在餐前服用，剂量因人而异，以达到最佳血糖控制。详见说明书。 || 详见说明书。,4
瑞舒伐他汀,本品主要成分为瑞舒伐他汀钙。|瑞舒伐他汀,本品主要成分为瑞舒伐他汀钙。,,本品不同剂型、不同规格的用法用量可能存在差异，请阅读具体药物说明书使用，或遵医嘱。1、在治疗开始前，应给予患者标准的降胆固醇饮食控制，并在治疗期间保持饮食控制。本品的使用应遵循个体化原则，综合考虑患者个体的胆固醇水平、预期的心血管危险性以及发生不良反应的潜在危险性。2、口服。本品常用起始剂量为5mg，1日1次。起始剂量的选择应综合考虑患者个体的胆固醇水平、预期的心血管危险性以及发生不良反应的潜在危,3
瑞舒伐他汀钙,"本品主要成分为瑞舒伐他汀钙。|本品主要活性成份为瑞舒伐他汀钙。化学名称：双-E-7-4-4-氟基苯基-6-异丙基-2-甲基甲磺酰基氨基-嘧啶-5-基3R,5S-3,5-二羟基庚-6-烯酸钙盐2：1。分子式:C22H27FN3O6S2·Ca分子量：1001.1470|瑞舒伐他汀钙|瑞舒伐他汀钙片",本品主要成分为瑞舒伐他汀钙。,,在治疗开始前，应给予患者标准的降胆固醇饮食控制，并在治疗期间保持饮食控制。本品的... || 本品不同剂型、不同规格的用法用量可能存在差异，请阅读具体药物说明书使用，或遵医嘱。1、在治疗开始前，应给予患者标准的降胆固醇饮食控制，并在治疗期间保持饮食控制。本品的使用应遵循个体化原则，综合考虑患者个体的胆固醇水平、预期的心血管危险性以及发生不良反应的潜在危险性。2、口服；本品常用起始剂量为5mg，1日1次。起始剂量的选择应综合考虑患者个体的胆固醇水平、预期的心血管危险性以及发生不良反应的潜在危,6
甘汞,甘汞|甘汞制剂,,,,1
甘珀酸钠,甘珀酸钠,,,,1
甘精胰岛素,本品主要成分为甘精胰岛素。|甘精胰岛素,本品主要成分为甘精胰岛素。,,本品不同剂型、不同规格的用法用量可能存在差异，请阅读具体药物说明书使用，或遵医嘱。1、用法：甘精胰岛素具有长效作用，每天定时皮下注射一次即可。甘精胰岛素应皮下注射给药，注射前请恢复至室温。注射时请遵循以下步骤：（1）观察瓶中液体的外观，正常应该是无色澄清溶液。如果外观呈云雾状、轻微色泽改变，或有可见颗粒时，请不要继续使用。（2）使用新药前，应除去塑料保护帽，但是不要除去瓶塞，每次用前用75%酒精棉,3
甘草,甘草,,,,1
甘草类制剂,甘草类制剂,,,,1
甘草锌,本品主要成份为豆科植物甘草的根中提取得到的有效成份与锌结合的含锌药物。|本品的主要成分为：新疆产豆科植物甘草的根中提取得到的有效成份与锌结合的含锌药物。辅料为蔗糖、糊精。|甘草锌|甘草锌胶囊|甘草锌颗粒,,,口服。5岁以上一次1粒，一日3次。饭后服用。 || 口服。儿童：1-5岁，1次0.5袋（0.75克）；6-10岁，1次1袋（1.5克）；11-15，1次1.5袋（2.25克）；1日2-3次，开水冲服。,6
甘遂,甘遂,,,,7
甘露醇,甘露醇|甘露醇注射液,,,,1
生命鸟复方维生素U,本品为复方制剂，每粒含氢氧化铝90毫克、三硅酸镁72.5毫克、维生素U25毫克、甘草浸膏粉16.5毫克、罗通定2毫克、白及17毫克、淀粉酶25毫克、猪胆粉1.5毫克、薄荷脑0.5毫克。|生命鸟复方维生素U|生命鸟复方维生素U胶囊,,,口服，一次4粒，一日4次，饭后服。,3
生命鸟维生素E软,本品每粒含维生素E100毫克。辅料为植物油、明胶、甘油、羟苯乙酯。|生命鸟维生素E软|生命鸟维生素E软胶囊,,,口服。成人，一次1粒，一日2-3次。,3
生地黄,生地黄,,,,2
生物碱,生物碱,,,,3
生物碱的盐,生物碱的盐,,,,1
生物碱类,生物碱类,,,,1
生理盐水,​本品主要成分为0.9%的氯化钠。|生理盐水,​本品主要成分为0.9%的氯化钠。,,一、用法1、清洗伤口：生理盐水可以用于清洗伤口，以清除污物和细菌，减少感染的风险。2、眼部冲洗：如果眼睛中有异物或者受到刺激，可以使用生理盐水进行冲洗。3、鼻腔冲洗：生理盐水可以用于冲洗鼻腔，帮助缓解鼻塞和过敏症状。4、皮肤清洁：生理盐水可以用于清洁皮肤，特别是在换尿布或清洁婴儿皮肤时。5、静脉注射：在临床诊治中，生理盐水常用于静脉注射，以补充体液、稀释其他药物或者作为输液的一部分。剂量根据病情和,3
生长抑素八肽,生长抑素八肽,,,,1
甲丙氨酯,甲丙氨酯,,,,4
甲哌氯丙嗪,甲哌氯丙嗪,,,,1
甲型乙型肝炎联合疫苗,本品主要成分为：灭活甲型肝炎病毒抗原和重组酵母菌表达的乙肝表面抗原。辅料为：氢氧化铝、十二水磷酸氢二钠、磷酸二氢钠、氯化钠。|甲型乙型肝炎联合疫苗,,国药准字S20050008,剂量、1～15岁人群用儿童剂量，16岁以上人群用成人剂量。,3
甲型肝炎灭活疫苗,1.本品王要成份：1甲型肝炎灭活疫苗为甲醛灭活的甲型肝炎病毒甲型肝炎HM175病毒株吸附于氢氧化铝的无菌悬液。2标定的1440成人甲型肝炎无活疫苗剂量为1.0毫升剂量中病毒抗原含量不少于1440ELISA单位El.U。3标定的720儿重甲型肝是灭活痘苗剂量为0.5毫升剂量中病毒抗原含量不少于720ELISA单位El.U。2.辅料：氢氧化铝、注射用氨基酸，磷酸氢二钠、磷酸二氢钾、2-苯氧乙醇、聚山梨醇酯20、氯化钾、氯化钠，注射用水。|甲型肝炎灭活疫苗,,S20050001,1.剂量学： (1)19岁以及19岁以上成人 单剂量成人甲型肝炎灭活疫苗1440（1.0毫升悬液）用于基础免疫。 (2)1-18岁（岁括18岁）的儿童和青少年 单剂量儿童甲型肝炎灭活疫苗720（0.5毫升悬液）用于基础免疫。 建议在初次接种后6-12个月之间的任何时间进行甲型肝炎灭活疫苗成人1440或甲型肝炎灭活疫苗儿童720的加强免疫，以确保长期保护。 2.接种方法： (1)甲型肝炎灭活疫苗用于,3
甲基地高辛,甲基地高辛,,,,1
甲基多巴,甲基多巴,,,,13
甲基强的松龙,甲基强的松龙,,,,1
甲基苄肼,甲基苄肼,,,,4
甲基麦角新碱,甲基麦角新碱,,,,1
甲巯咪唑,本品主要成分为甲巯咪唑。化学名称：1-甲基-1，3-二氢-2H-咪唑-2-硫醇。|甲巯咪唑|甲巯咪唑。化学名称：1－甲基－1，3－二氢－2H－咪唑－2－硫醇。分子式：C4H6N2S分子量：114.16|甲巯咪唑乳膏|甲巯咪唑片,本品主要成分为甲巯咪唑。化学名称：1-甲基-1，3-二氢-2H-咪唑-2-硫醇。,,用法：用精密定量泵每次按压挤出软膏0.1g（含甲巯咪唑5mg），然后均匀涂敷于颈前甲状腺表面皮肤（在喉结至胸骨上窝之间，甲状腺明显肿大者局部隆起部位）。用手指在涂敷局部轻轻揉擦3-5分钟以使药物进入甲状腺内。本品的随机双盲临床研究结果表明，口服甲巯咪唑片每日三次，每次10mg与局部涂抹本品每日三次每次10mg的临床疗效相似。因此，在口服甲巯咪唑片剂量固定于每日三次每次10mg的病人可改为本品每日三 || 通常服用赛治(甲巯咪唑片)可在餐后用适量液体（如半杯水）整片送服。　　1.甲状...,6
甲氧卞氨嘧啶,甲氧卞氨嘧啶,,,,1
甲氧卡巴莫,甲氧卡巴莫,,,,1
甲氧氟烷,甲氧氟烷,,,,5
甲氧氯普胺,甲氧氯普胺|甲氧氯普胺。|甲氧氯普胺片,甲氧氯普胺。,,口服。成人：每次5～10mg，每日3次。用于糖尿病性胃排空功能障碍患者，于症状出...,20
甲氧沙林,甲氧沙林|甲氧沙林。|甲氧沙林片,甲氧沙林。,,1.用法：口服，两小时后配合日晒或黑光照射，每周至少2-3次（至少相隔48小时）...,3
甲氧沙林溶液,本品主要成份为甲氧沙林，化学名称为：8-甲氧基—呋喃香豆素。分子式:C12H8O4分子量:216.18|甲氧沙林溶液,,,外用:1％甲氧沙林溶液用于牛皮癣；0.1%甲氧沙林溶液用于白癜风，患处涂擦1~2小时后，用长波紫外线照射患处。其余详见说明书。,3
甲氧芐啶,甲氧芐啶,,,,1
甲氧苄啶,甲氧苄啶,,,,6
甲氧苄啶/磺胺甲基异噁唑,甲氧苄啶/磺胺甲基异噁唑,,,,1
甲氨喋呤,甲氨喋呤,,,,10
甲氨蝶呤,"MTX|甲喋呤|甲氨喋呤|甲氨蝶呤|甲氨蝶呤。其化学名称为：L-+-N-{4-2,4-二氨基-6-蝶啶基甲氨基苯甲酰基}谷氨酸。|甲氨蝶呤注射液|甲氨蝶呤片|胺甲蝶喋",,,口服成人一次5mg～10mg，一日1次，每周1～2次，一疗程安全量50mg～ ...,75
甲氰咪胍,甲氰咪胍,,,,4
甲泼尼龙,本品主要成分为甲泼尼龙。|甲泼尼龙|甲泼尼龙片,本品主要成分为甲泼尼龙。,,1、根据不同疾病的治疗需要，甲泼尼龙片的初始剂量可每天4mg到48mg甲泼尼龙之间调整。症状较轻者，通常给予较低剂量即可，某些患者则可能需要较高的初始剂量。2、临床上需要用较高剂量治疗的疾病包括多发性硬化症（200mg/天）、脑水肿（200－1000mg/天）和器官移植（可达7mg/kg/天）。3、若经过一段时间的充分治疗后末见令人满意的临床效果，应停用甲泼尼龙片而改用其它合适的治疗方法。若经过长,5
甲烯二氧甲苯丙胺,甲烯二氧甲苯丙胺,,,,3
甲状腺,主要成份为：系取猪、牛、羊等食用动物的甲状腺体制成。|甲状腺|甲状腺片,,,1．成人常用量：口服，开始为每日10～20mg，逐渐增加，维持量一般为每日40～...,2
甲状腺激素,甲状腺激素,,,,9
甲状腺激素替代治疗药物,甲状腺激素替代治疗药物,,,,1
甲状腺素,甲状腺素,,,,1
甲硝唑,本品主要成份:甲硝唑。|本品主要成份为甲硝唑。|本品主要成分为甲硝唑。|甲硝唑|甲硝唑注射液|甲硝唑片,本品主要成分为甲硝唑。,,"成人常用量：1、小袋虫病，一次0.2g，一日2次，疗程5日。2、贾第虫病，一次0.4g，一日3次，疗程5-10日。3、麦地那龙线虫病，一次0.2g，一日3次，疗程7日。4、肠道阿米巴病，一次0.4-0.6g，一日3次，疗程7日；肠道外阿米巴病，一次0.6-0.8g，一日3次，疗程20日。5、皮肤利什曼病，一次0.2g，一日4次，疗程10日。间隔10日后重复一疗程。6、滴虫病，一次0.2g，一日4次 || 本品不同剂型、不同规格的用法用量可能存在差异，请阅读具体药物说明书使用，或遵医嘱。甲硝唑片：1、成人常用量：（1）肠道阿米巴病，一次0.4-0.6g，一日3次，疗程7日；肠道外阿米巴病，一次0.6-0.8g，一日3次，疗程20日。（2）贾第虫病，一次0.4g，一日3次，疗程5-10日。（3）麦地那龙线虫病，一次0.2g，一日3次，疗程7日。（4）小袋虫病，一次0.2g，一日2次，疗程5日。（5）皮 || 静脉滴注。 
1.成人常用量:厌氧菌感染，静脉给药首次按体重15mg/kg(70kg成人为1g)，维持量按体重7.5mg/kg，每6～8小时静脉滴注一次。 
2.小儿常用量:厌氧菌感染的注射剂量同成人。",22
甲硝唑口腔粘,甲硝唑|甲硝唑口腔粘|甲硝唑口腔粘贴片,甲硝唑,,用棉签擦干黏膜后，粘附于口腔患处，一次1片，一日3次，饭后使用，溶化后可咽下,3
甲硝唑口颊,甲硝唑|甲硝唑口颊|甲硝唑口颊片,甲硝唑,,将本品置于牙龈和龈颊沟间含服（用于口腔溃疡时粘附于黏膜患处），一次1片，一日3次...,3
甲硝唑呋喃唑酮栓,明矾、乳香、冰片、呋喃唑酮、甲硝唑。|甲硝唑呋喃唑酮栓,明矾、乳香、冰片、呋喃唑酮、甲硝唑。,,阴道用药。一次1粒，隔日1次。用一次性手套将药栓置入阴道后穹隆部位，睡前用药。月...,3
甲硝唑维B6,每片含甲硝唑0.20g，20mg维生素B6。|甲硝唑维B6|甲硝唑维B6片,每片含甲硝唑0.20g，20mg维生素B6。,,口服，每次1-2片，每日3次，疗程7天或更长。,3
甲硝唑芬布芬,本品为复方制剂，其组份为：每粒含甲硝唑100mg，芬布芬75mg。|甲硝唑芬布芬|甲硝唑芬布芬胶囊,本品为复方制剂，其组份为：每粒含甲硝唑100mg，芬布芬75mg。,,口服。每日三次，每次2粒。,3
甲硫酸新斯的明,甲硫酸新斯的明,,,,1
甲磺丁脲,甲磺丁脲,,,,1
甲磺司特,本品主要活性成份为甲磺司特。|甲磺司特|甲磺司特颗粒,,,成人用量为每次100mg(2袋)，一日3次，饭后服用。每日成人最大用量不得超过300mg(6袋)。,3
甲磺西脲,甲磺西脲,,,,1
甲磺酸伊马替尼,本品主要成份为甲磺酸伊马替尼。|本品活性成份为甲磺酸伊马替尼。化学名称:4-4-甲基-1-哌嗪甲基-N-4-甲基-3-4-3-吡啶-2-嘧啶氨基苯基-苯胺甲磺酸盐化学结构式:分子式:C29H31N7O.CH4SO3分子量:589.7|甲磺酸伊马替尼|甲磺酸伊马替尼片|甲磺酸伊马替尼胶囊,,,治疗应由对恶性肿瘤患者有治疗经验的医师进行。甲磺酸伊马替尼应在进餐时服用，并饮一... || ，,6
甲磺酸倍他司汀,本品主要成分为甲磺酸倍他司汀。|甲磺酸倍他司汀,本品主要成分为甲磺酸倍他司汀。,,本品不同剂型、不同规格的用法用量可能存在差异，请阅读具体药物说明书使用，或遵医嘱。1、口服：常用8-16mg，3次/日，宜与进食同服。2、肌内注射、静脉注射或滴注：2-4mg，2次/日。,3
甲磺酸加替沙星,"本品主要成份为甲磺酸加替沙星,其化学名称为:1-环丙基-6-氟-1,4-二氢-8-甲氧基-7-3-甲基-1-哌嗪基-4-氧代-3-喹啉羧酸甲磺酸盐。|甲磺酸加替沙星|甲磺酸加替沙星。|甲磺酸加替沙星分散片|甲磺酸加替沙星注射液|甲磺酸加替沙星片",甲磺酸加替沙星|甲磺酸加替沙星。,国药准字H20040462|国药准字H20050547|国药准字H20061045,1.静脉滴注，每次200mg，每天二次，本品与口服片剂具生物等效。疗程中，可根据医生决定，由静脉给药改为口服片剂，无须调整剂量。|2.用药剂量指南:感染（取决于病原菌） 每日剂量、疗程|(1)慢性支气管炎急性发作 400mg 7~10天|(2)急性鼻窦炎 400mg 10天|(3)社区获得性肺炎 400mg 7~14天|(4)单纯性尿路感染 400mg 单剂或200mg 3~5天|(5)复杂性尿路 || 口服。一次5～10片，一日3～4次，1～3个月为一疗程。最大剂量20～40片。 || 本品为分散片，可直接口服，或将本品适量投入约100ml水中，振摇分散后口服，用量每日一次，每次400mg,9
甲磺酸加替沙星葡萄糖,本品主要成份为甲磺酸加替沙星。|甲磺酸加替沙星葡萄糖|甲磺酸加替沙星葡萄糖注射液,,国药准字H20040305,1.静脉滴注，每次200mg，每天二次，本品与口服片剂具生物等效。疗程中，可根据医生决定，由静脉给药改为口服片剂，无须调整剂量。|2.用药剂量指南:感染（取决于病原菌） 每日剂量、疗程|(1)慢性支气管炎急性发作 400mg 7~10天|(2)急性鼻窦炎 400mg 10天|(3)社区获得性肺炎 400mg 7~14天|(4)单纯性尿路感染 400mg 单剂或200mg 3~5天|(5)复杂性尿路,3
甲磺酸吉米沙星,甲磺酸吉米沙星|甲磺酸吉米沙星。|甲磺酸吉米沙星片,甲磺酸吉米沙星。,,慢性支气管炎急性细菌感染：成人：320mg，每天1次，疗程5天。CrCl(ml/...,3
甲磺酸培氟沙星,甲磺酸培氟沙星|甲磺酸培氟沙星。|甲磺酸培氟沙星乳膏,甲磺酸培氟沙星。,,外用。涂患处，一日2～3次。,3
甲磺酸多沙唑嗪,本品主要成份为甲磺酸多沙唑嗪。|本品主要成份为：甲磺酸多沙唑嗪。|甲磺酸多沙唑嗪|甲磺酸多沙唑嗪片|甲磺酸多沙唑嗪缓释片,,国药准字H20052636,1.成人常用量|口服，起始剂量1mg，每天一次，1～2周后根据临床反应和耐受情况调整剂量；首剂及调整剂量时宜睡前服。维持量为1～8mg，每日1次，但超过4mg易引起体位性低血压。国外研究资料提示本品最大使用剂量至16mg/日。|2.小儿剂量尚未确定。 || 服用本缓释片时，应用足量的水将药片完整吞服，不得咀嚼、掰开或碾碎后服用。不受进食与否的影响。最常用剂量为每日一次4mg。国外临床使用的最大剂量为每日一次8mg，国内目前尚无此临床经验。常用剂量的多沙唑嗪可用于肾功能不全的患者及老年患者。肝功能不全患者参见【注意事项】。,5
甲磺酸左氧氟沙星,甲磺酸左氧氟沙星|甲磺酸左氧氟沙星片,甲磺酸左氧氟沙星,,口服。成人常用量：1．支气管感染、肺部感染：一次0.2g，一日2次，或一次0.1...,3
甲磺酸帕珠沙星,本品主要成份为甲磺酸帕珠沙星。|甲磺酸帕珠沙星|甲磺酸帕珠沙星注射液,,国药准字H20051829,1.静脉滴注，一次0.3g，一日二次，静脉滴注时间为30～60分钟，疗程为7～14天。可根据患者的年龄和病情酌情调整剂量。 |2.给药注意事项: |(1)应用本品前应先做细菌学检查。一般来说，为防止细菌出现耐药，在感染的致病菌确定后，在保证病人治疗的情况下，应尽量减少给药时间。 |(2) 给药期间，不管有无必要继续用药，在开始给药3天后应判断用药的必要性，评估是否停用本药或改用其它药物。一般来说，,3
甲磺酸帕珠沙星氯化钠,本品主要为甲磺酸帕珠沙星，其它成份:氯化钠，辅料为:注射用水。|甲磺酸帕珠沙星氯化钠|甲磺酸帕珠沙星氯化钠注射液,,国药准字H20052129,1.静脉滴注，一次0.3g，一日二次，静脉滴注时间为30～60分钟，疗程为7～14天。可根据患者的年龄和病情酌情调整剂量。 |2.给药注意事项: |(1)应用本品前应先做细菌学检查。一般来说，为防止细菌出现耐药，在感染的致病菌确定后，在保证病人治疗的情况下，应尽量减少给药时间。 |(2) 给药期间，不管有无必要继续用药，在开始给药3天后应判断用药的必要性，评估是否停用本药或改用其它药物。一般来说，,3
甲磺酸溴隐亭,甲磺酸溴隐亭|甲磺酸溴隐亭。|甲磺酸溴隐亭片,甲磺酸溴隐亭。,,应在就餐时口服：1.月经周期不正常及不孕症：根据需要一次l/2片(以甲磺酸溴隐亭计1.25mg)，一日2-3次，必要时剂量可增至一次1片(以甲磺酸溴隐亭计2.5mg)，每日2～3次。应不间断治疗，直至月经周期恢复正常和/或重新排卵。如果需要，可连续治疗数个周期以防复发。2.高泌乳激素症：根据需要一次1/2片(以甲磺酸溴隐亭计1.25mg)，每日2-3次，逐渐增至一日4-8片/日(以甲磺酸溴隐亭计1,3
甲磺酸罗哌卡因,甲磺酸罗哌卡因|甲磺酸罗哌卡因注射液|甲磺酸罗哌卡因，辅料为氯化钠、注射用水。,,国药准字H20051072,本品仅供有区域麻醉经验的临床医生或在其指导下使用。常用麻醉的参考剂量见表1。麻醉方式浓度(mg/ml)容量(ml)总剂量(mg)起效时间(min)持续时间(h)手术麻醉腰段硬膜外麻醉8.4915～25134.1～223.510～203～5外科手术11.9215～20178.8～238.410～204～6剖宫产术8.9415～20134.1～178.810～203～5胸段硬膜外麻醉用于术后镇痛的建立,3
甲磺酸贝舒地尔,活性成份：甲磺酸贝舒地尔。辅料：微晶纤维素，羟丙甲纤维素LV，交联羧甲基纤维素钠，胶态二氧化硅，硬脂酸镁Code5712，薄膜包衣预混剂胃溶型。|甲磺酸贝舒地尔|甲磺酸贝舒地尔片,,国药准字HJ20230095。,一、推荐剂量口服，每次0.2g，每日1次，直至慢性移植物抗宿主病病情出现进展需要新的系统性治疗为止。对患者进行以下用药指导：•整片吞服，请勿切割、压碎或咀嚼本品。•每天在大致相同的时间随餐服用本品。•如果发生本品漏服的情况，请勿服用额外的剂量来弥补药物漏服。尚未在重度肝功能损害或肾功能损害的患者中开展甲磺酸贝舒地尔片的研究。重度肝功能损害或肾功能损害的患者，在开始甲磺酸贝舒地尔片治疗前请慎重斟酌相,3
甲磺酸酚妥拉明,本品主要成份为甲磺酸酚妥拉明。|甲磺酸酚妥拉明|甲磺酸酚妥拉明片|甲磺酸酚妥拉明胶囊,,,口服，性活动前30分钟服用，每次一粒(40mg)，一日用药不超过1次。 || 口服，每次一片(40mg)，在性生活前30分钟服用，每日最多服用1次。根据需要及...,6
甲磺酸雷沙吉兰,本品主要成份为甲磺酸雷沙吉兰。辅料为甘露醇、玉米淀粉、预先凝胶化的玉米淀粉、胶状无水二氧化硅、硬脂酸、滑石粉。|甲磺酸雷沙吉兰|甲磺酸雷沙吉兰片,,,口服给药，无论是否与左旋多巴合用，用量均为1mg每日一次。其余详见说明书。,2
甲紫溶液,甲紫。甲紫为氯化四甲基副玫瑰苯胺、氯化五甲基副玫瑰苯胺与氯化六甲基副玫瑰苯胺的混合物。甲紫溶液为其乙醇、水的1%溶液。|甲紫溶液,,,外用。治疗粘膜感染，用1%水溶液外涂，一日2-3次；用于烧伤、烫伤，用0.1%-...,3
甲肝疫苗,甲肝疫苗,,,,1
甲芬那酸,甲芬那酸|甲芬那酸。|甲芬那酸片,甲芬那酸。,,口服，成人常用量：镇痛或治疗痛经，开始0.5g，继用0.25g，每6小时1次，一...,3
甲苯咪唑,活性成份：甲苯咪唑。|甲苯咪唑|甲苯咪唑片,,,1.用法：口服。2.用量：(1)蛲虫病：单剂1片。此病易感染，最好在用药2周和4...,3
甲苯磺丁脲,甲苯磺丁脲,,,,18
甲苯磺酸妥舒沙星,甲苯磺酸妥舒沙星|甲苯磺酸妥舒沙星片|甲苯磺酸托氟沙星。,甲苯磺酸托氟沙星。,国药准字H20051690,口服。 1.成人一日0.3～0.45g，分2次服用。 2.严重感染者一日0.6g，分2次服用。,3
甲苯磺酸托氟沙星,本品主要成份甲苯磺酸托氟沙星。|甲苯磺酸托氟沙星|甲苯磺酸托氟沙星胶囊,,国药准字H20030796,一般感染：成人每日口服300～450mg，分2～3次服用。骨髓炎，化脓性关节炎：成人每日口服450mg，分3次服用。严重感染：成人每日口服600mg，分2～3次服用。为避免耐药性的产生，原则上应确认感染后使用，用药疗程要根据病情而定。,3
甲苯磺酸索拉非尼,本品主要成分为甲苯磺酸索拉非尼。|甲苯磺酸索拉非尼|甲苯磺酸索拉非尼片,本品主要成分为甲苯磺酸索拉非尼。,H20130137,1.推荐剂量:推荐服用索拉非尼的剂量为每次0.4g（2×0.2g）?每日2次，空腹或伴低脂?中脂饮食服用。服用方法口服，以一杯温开水吞服。 |2.治疗时间应持续治疗直至患者不能临床受益或出现不可耐受的毒性反应。 |3.剂量调整及特殊使用说明 对疑似不良反应的处理包括暂停或减少索拉非尼用量，如必需，索拉非尼的用量减为每日一次或隔日一次，每次0.4g（2×0.2g）。 |4.特殊人群 |(1)儿童患者,3
甲萘醌,甲萘醌,,,,2
甲酰四氢叶酸,甲酰四氢叶酸,,,,1
畅凡芦比前列酮软,"本品活性成份为芦比前列酮。化学名称：7-2R,4aR,5R,7aR-2-1,1-二氟戊基-2-羟基-6-氧代八氢环戊烷并吡喃-5-基正庚酸。|畅凡芦比前列酮软|畅凡芦比前列酮软胶囊",,,"口服。与食物和水同服，胶囊整粒吞服，不要拆分或咀嚼。医生和患者应定期评估是否需要继续治疗。
慢性特发性便秘：
推荐剂量为每日两次，每次24μg。
肝功能损害患者的剂量调整方案：
中度肝功能损害 (Child-Pugh B级):每天2次，每次16μg*;
重度肝功能损害(Child-Pugh C级):每天2次，每次8 μg*
“如果剂量耐受且在适当的间隔后仍未获得足够应答，可以在适当监测患者应答的情",3
畅鼻通,桂枝、荆芥、防风、黄芩、当归、白芍、薄荷、甘草。|畅鼻通|畅鼻通颗粒,桂枝、荆芥、防风、黄芩、当归、白芍、薄荷、甘草。,国药准字Z13022178,开水冲服。一次12克，一日3次。,3
留钾利尿剂,留钾利尿剂,,,,1
番泻叶,本品含番泻苷、芦荟大黄素葡萄糖苷、大黄酸葡萄糖苷以及芦荟大黄素、大黄酸、山奈酚、植物甾醇及其苷等。|番泻叶,,中国药典2020年版一部。,内服：煎汤，3-6g、后下；或泡茶；或研末，15-30g。,2
疏基嘌呤,疏基嘌呤,,,,1
疏肝益阳,疏肝益阳|疏肝益阳胶囊|蒺藜、柴胡、蜂房、地龙、水蛭、九香虫、紫梢花、蛇床子、远志、肉苁蓉、菟丝子、五味子、巴戟天、蜈蚣、石菖蒲。,,,口服，一次4粒，一日3次，4周为一疗程。,2
疫苗,疫苗,,,,1
痛痉平,痛痉平,,,,4
痢特灵,痢特灵,,,,3
癃闭舒,癃闭舒|癃闭舒胶囊|补骨脂、益母草、金钱草、海金沙、琥珀、山慈菇。,补骨脂、益母草、金钱草、海金沙、琥珀、山慈菇。,国药准字Z10960007,口服。一次3粒，一日2次。,3
癸氟奋乃静,主要成份癸氟奋乃静。|癸氟奋乃静|癸氟奋乃静注射液,,国药准字H31021335,肌肉注射。首次剂量12.5～25mg，每2～4周注射一次。以后逐渐增加至25～75mg，2～4周注射一次。,3
白介素,白介素,,,,1
白喉、破伤风-百日咳疫苗,白喉、破伤风-百日咳疫苗,,,,1
白术,本品含挥发油，其中主要含有苍术酮、苍术醇、白术内酯、苍术醚、杜松脑内脂等，含有苷类、果糖、菊糖、白术多糖，黄酮，多种氨基酸及维生素A等成分。|白术,,,1、煎服，5-15g，通便则用60-120g。2、利水消肿、固表止汗、除湿治痹宜生用；健脾和胃宜炒用；健脾止泻宜炒焦用。,2
白杏,白杏|白杏片|百部白前苦杏仁去油淀粉硬脂酸镁,百部白前苦杏仁去油淀粉硬脂酸镁,国药准字Z20027149,口服，一次6～8片，一日2～3次。,3
白消安,本品主要成份白消安。|白消安|白消安注射液|白消安片,,国药准字H33020770|国药准字J20090054,"?本品应通过中心静脉导管给药?每次给药需输注2小时?每6小时一次连续4天?共16次。所有患者均应预防性给予苯妥因?因为已知白消安可通过血脑屏障并诱发癫痫。苯妥因使白消安的血浆AUC下降15%;而其它抗惊厥药物则可能使白消安血浆AUC升高?从而增加肝静脉闭塞症或癫痫发生的风险。如必须使用其他抗惊厥药?则应监测血浆白消安的暴露程度(见“药物相互作用”)。止吐药应在第一次开始之前给予?并按一定计划在整个 || 本品成人常用量:慢性粒细胞白血病,每日总量4～6mg/m2,每日一次。如白细胞数下降至20×109/L则需酌情停药。或给维持量每日或隔日1～2mg,以维持白细胞计数在10×109/L左右。",6
白石清热,白石清热|白石清热颗粒|葛根、薄荷、蝉蜕、白茅根、红花、生石膏、板蓝根、北豆根、白花蛇舌草、金银花、芦根。,,国药准字Z10930040,开水冲服。一次1袋，一日3次。小儿酌减。疗程3天。,3
白芍,1、本品含有芍药苷、牡丹酚芍药花苷，还含芍药内酯、苯甲酸等。此外，还含挥发油、脂肪油、树脂糖、淀粉、粘液质、蛋白质和三萜类成分。2、2015年版《中国药典》规定：含芍药苷C23H28O11不得少于1.2%。|白芍,,,煎服，5-15g；大剂量15-30g。,2
白茅根,本品含糖类化合物：葡萄糖、蔗糖、果糖、木糖等以及淀粉；简单酸类及钾盐：柠檬酸、苹果酸、草酸等；三萜烯：白茅素、芦竹素、羊齿醇等；5-羟色胺等；其他尚含类胡萝卜素类及叶绿素、维生素、白头翁等。|白茅根,,,煎服，15-30g，鲜品加倍，以鲜品为佳，可捣汁服。多生用，止血亦可炒炭用。,2
白茅花,白茅花,,,,1
白葡萄球菌,主要成分白葡萄球菌。|白葡萄球菌|白葡萄球菌片,主要成分白葡萄球菌。,国药准字H37023464,口服，一次3-4片，一日3至4次。,3
白薇,白薇,,,,1
白陶土,白陶土,,,,3
白鲜皮,白鲜皮,,,,1
百合康牌维生素AD软,每粒含：维生素A245.4μg、维生素D5.4μg。|百合康牌维生素AD软|百合康牌维生素AD软胶囊,每粒含：维生素A245.4μg、维生素D5.4μg。,国食健字G20110481,每日1次，每次1粒。,3
百咳静糖浆低糖型,百咳静糖浆低糖型|黄芩、桑白皮、瓜蒌仁炒、前胡、百部蜜炙、麻黄蜜炙、桔梗、苦杏仁炒、紫苏子炒、清半夏、陈皮、麦冬、黄柏、甘草、葶苈子炒、天南星炒。辅料为：蔗糖。,,国药准字Z51021623,口服，1～2岁一次5毫升，3～5岁一次lO毫升；成人～次20～25毫升，一日三次。,3
百花膏,百合、款冬花。辅料为蜂蜜。|百花膏,,国药准字Z20026364,口服，一次15克，一日2～3次。,3
百邦牌多种维生素,每片含：维生素A210μg、维生素C19.13mg、维生素D1.48μg、维生素E3.92mg、叶酸93.8μg、钙246.5mg、锌4.1mg、铁3.70mg。|百邦牌多种维生素|百邦牌多种维生素片,,国食健字G20050043,每日1次，每次2片,3
皂荚,皂荚,,,,38
皮质激素,皮质激素,,,,6
皮质类固醇,皮质类固醇,,,,2
皮质类固醇激素,皮质类固醇激素,,,,2
盆炎清栓,毛冬青提取物以总黄酮计吲哚美辛|盆炎清栓,毛冬青提取物以总黄酮计吲哚美辛,,肛门用药。一次1粒，一日1次，根据炎症的轻重，盆腔炎一疗程用药12—15粒，...,3
益智康脑,五指毛桃、扶芳藤、牛大力、千斤拔、红参、三七、熟地黄等。|益智康脑|益智康脑丸,五指毛桃、扶芳藤、牛大力、千斤拔、红参、三七、熟地黄等。,,口服，一次3丸，一日3次,3
益母草,益母草,,,,1
益生菌,常用的益生菌有：1、乳酸杆菌属：瑞士乳杆菌、嗜酸乳杆菌、短乳杆菌、干酪乳杆菌、约氏乳杆菌、鼠李糖乳杆菌等。2、双歧杆菌属：比菲德氏菌、雷特氏B菌、龙根菌、短双歧杆菌等。3、链球菌属：嗜热链球菌、粪链球菌、乳球菌、中介链球菌等。4、酵母菌属等。|益生菌,,,见具体药物说明书或遵医嘱。,3
益肺,益肺|益肺胶囊|红参、蛤蚧、知母、桑白皮、川贝母、茯苓、甘草、苦杏仁炒。,红参、蛤蚧、知母、桑白皮、川贝母、茯苓、甘草、苦杏仁炒。,国药准字Z14021863,"口服，一次4粒，一日3次,小儿酌减；30天为一疗程,或遵医嘱。",3
盐皮质激素,盐皮质激素,,,,4
盐皮质类固醇,盐皮质类固醇,,,,1
盐酸丁卡因胶浆,本品主要成份为：盐酸丁卡因。|盐酸丁卡因胶浆,,,外用。一次2-5g，插管、镜检或手术前用。1.用于做胃镜检查或食管扩张时，可将本品2g左右滴于患者舌根部，令患者做吞咽动作，立即起麻醉作用;同时将本品适量涂于胃镜管或扩张器的表面(起润滑作用)即可操作。2.用于做喉或声带检查时可按上述方法进行。3.用于男性尿道时(如尿道扩张、膀胱镜检查、逆行肾盂造影、经尿道进行前列腺切除术、导尿术等)，先将尿道口洗净消毒，将软管插入尿道，将本品挤入(约5g)，以阴,3
盐酸丁咯地尔,本品主要成分为盐酸丁咯地尔。|盐酸丁咯地尔|盐酸丁咯地尔缓释片,本品主要成分为盐酸丁咯地尔。,国药准字H20060393,?整片吞服，每日一次，每次0.6克(一片)。,3
盐酸丁咯地尔氯化钠,盐酸丁咯地尔氯化钠|盐酸丁咯地尔氯化钠注射液,,国药准字H20000209,静脉滴注。每日一次，每次250～500ml(含盐酸丁咯地尔0.1～0.2g)缓慢滴注，或遵医嘱。,3
盐酸丁螺环酮,本品的主要成份为盐酸丁螺环酮。|盐酸丁螺环酮|盐酸丁螺环酮片,,,口服开始一次5mg，一日2~3次。第二周可加至一次10mg，一日2~3次。常用治疗剂量一日20mg~40mg。,3
盐酸丙卡特罗,本品主要成份盐酸丙卡特罗。|本品主要成分盐酸丙卡特罗，化学名称为5-1-羟基-2-异丙胺基丁基-8-羧基喹诺酮盐酸盐半水合物。|盐酸丙卡特罗|盐酸丙卡特罗片|盐酸丙卡特罗胶囊,,国药准字H20000413,口服。成人：一次2片，一日1次，睡前服用或一次2片，一日2次，清晨及睡前服用。6... || 口服。成人：一次50mg（2片），一日1次，睡前服用，或一次50mg（2片），一日2次，清晨及睡前服用。,6
盐酸丙卡特罗口服溶液,本品主要成份为盐酸丙卡特罗。每1ml中含盐酸丙卡特罗5μg。|盐酸丙卡特罗口服溶液,,,"通常,成人：一日1次,睡前口服或一日2次,早晚前口服,一次50ug（相当于口服溶...",3
盐酸乙哌立松,盐酸乙哌立松|盐酸乙哌立松。|盐酸乙哌立松片,盐酸乙哌立松。,,饭后口服。成人一次50mg(1片)，一日3次。剂量可视年龄、症状酌情增减。,3
盐酸乙哌立松片薄膜衣,本品主要成份为盐酸乙哌立松。|盐酸乙哌立松片薄膜衣,,,通常成人一次1片(以盐酸乙哌立松50mg)，一日3次，饭后口服。可视年龄、症状酌情增减。,3
盐酸乙胺丁醇,"化学名称：2R,2S-R*,R*-R-+2,2′-1,2-乙二基二亚氨基-双-1-丁醇二盐酸盐分子量：C10H24N2O2·2HCl分子式：277.23|盐酸乙胺丁醇|盐酸乙胺丁醇片",,,口服。1.成人常用量：与其他抗结核药合用，结核初治，按体重15mg/kg（3/...,3
盐酸二甲双胍,本品主要成份为盐酸二甲双胍。|本品主要成份为盐酸二甲双胍，其化学名称：1，1-二甲基双胍盐酸盐。|本品主要成份为：盐酸二甲双胍，其化学名称：1，1-二甲基双胍盐酸盐分子式：C4H11N5·HCl分子量：165.63辅料为：糊精、可溶性淀粉、低取代羟丙纤维素、羧甲淀粉钠、硬脂酸镁、羟丙甲纤维素、甲基丙烯酸-丙烯酸乙酯共聚物水分散体、药用薄膜包衣预混剂肠溶型。|盐酸二甲双胍|盐酸二甲双胍片|盐酸二甲双胍缓释片|盐酸二甲双胍肠溶片,,,口服，成人开始一次0.25g，一日2-3次，以后根据血糖和尿糖情况调整剂量，一般... || 应遵医嘱服药。本品应从小剂量开始使用，根据病人的状况，逐渐增加剂量。通常本品（盐酸二甲双胍片）的起始剂量为0.5克，每日二次；或0.85克，每日一次；随餐服用。可每周增加0.5克，或每2周增加0.85克，逐渐加至每日2克，分次服用。成人最大推荐剂量为2550毫克。对需进一步控制血糖患者，剂量可以加至每日2550毫克（即每次0.85克，每天三次）。每日剂量超过2克时，为了更好的耐受，药物最好随三餐分 || 详见说明书,9
盐酸二甲双胍缓释,本品主要成分为盐酸二甲双胍。|盐酸二甲双胍缓释|盐酸二甲双胍缓释胶囊,本品主要成分为盐酸二甲双胍。,国药准字H20051722,1.口服，进食时或餐后服。 2.开始用量通常为每日一次，一次2粒（500mg），晚餐时服用，根据血糖和尿糖调整用量，每日最大剂量不超过8粒（2000mg），如果每日一次，每次8粒（2000mg）不能达到满意的疗效，可改为每日2次，每次4粒（1000mg）。,3
盐酸二甲双胍缓释片Ⅱ,盐酸二甲双胍。|盐酸二甲双胍缓释片Ⅱ,盐酸二甲双胍。,,口服，进食时或餐后服。开始用量通常为每日一次，一次1片(500mg)，晚餐时服用...,3
盐酸二甲双胍肠溶,本品主要成份为：盐酸二甲双胍。|盐酸二甲双胍肠溶|盐酸二甲双胍肠溶胶囊,,,"口服，餐前半小时服用。成人开始一次0.5g（1粒）, 一日2次，以后根据血糖和尿...",3
盐酸伊托必利,本品主要成份为盐酸伊托必利。|本品成份盐酸伊托必利。|盐酸伊托必利|盐酸伊托必利片|盐酸伊托必利胶囊,,国药准字H20030978,口服，成人一次1片，一日3次，饭前15-30分钟服用；或遵医嘱。 || 口服，成人每日3次，每次1粒（50mg），饭前15-30分钟服用;或遵医嘱。,5
盐酸伊曲康唑,本品主要成份为伊曲康唑。|盐酸伊曲康唑|盐酸伊曲康唑胶囊,,,口服0.1g为达到最佳吸收，应餐后立即给药。1.念珠菌阴道炎：每次200mg，每天二次，疗程为1天或每次200mg，每天一次，疗程为3天。2.花斑癣：每次200mg，每天一次，疗程为7天。3.皮肤真菌病：每次100mg，每天一次，疗程为15天。高度角化区(如足底部癣、手掌部癣)需：延长治疗15日，每次100mg，每天一次，疗程为15天。4.口腔念珠菌病：每次100mg，每天一次，疗程为15天。5.,3
盐酸伐地那非,活性成份：盐酸伐地那非。|盐酸伐地那非|盐酸伐地那非片,,,用法：口服推荐剂量：推荐开始剂量为10mg，在性交之前大约25~60分钟服用。在临床试验中，性交前4~5小时服用，仍显示药效。最大推荐剂量使用频率为一日一次。伐地那非和食物同服或单独服用均可。需要性刺激作为本能的反应进行治疗。剂量范围：根据药效和耐受性，剂量可以增加到20mg或减少到5mg.最大推荐剂量是每日20mg.肝功能损害：轻度肝功能损害的患者(Child-PughA)不需调整剂量；中度肝功,2
盐酸伐昔洛韦,"本品主要成份为盐酸伐昔洛韦。|本品主要成份为盐酸伐昔洛韦，其化学名称为:L-缬氨酸,2-2-氨基-1,6-二氢-6-氧-9H-嘌呤-9-基甲氧基乙基酯盐酸盐。|本品活性成份为盐酸伐昔洛韦。辅料为:微晶纤维素、羧甲淀粉钠、二氧化硅、聚维酮K30、乙醇。|盐酸伐昔洛韦|盐酸伐昔洛韦分散片|盐酸伐昔洛韦片|盐酸伐昔洛韦缓释片|盐酸伐昔洛韦胶囊",,国药准字H20061023,口服，一次0.3g，一日2次，饭前空腹服用。带状疱疹连续服药1 0日。单纯性疱疹... || 口服，一次0.3g，一日2次，饭前空腹服用。带状疱疹连续服药10日。单纯疱疹连续服药7日。 || 口服，一次0.3g，一日2次，饭前空腹服用，带状疱疹连续服药10日；单纯疱疹连续服药7日。,12
盐酸依匹斯汀,"本品主要成份为盐酸依匹斯汀。化学名称：3-氨基-9,13b-二氢-1H-二苯c,f咪唑并1,5-a氮杂卓盐酸盐。|盐酸依匹斯汀|盐酸依匹斯汀。|盐酸依匹斯汀片|盐酸依匹斯汀胶囊",盐酸依匹斯汀。,,过敏性鼻炎：成人，口服本品1次10-20mg (1-2片)，一日一次。或按病情遵医嘱服用。			荨麻疹、湿疹、皮炎、皮肤瘙痒症、银屑病、支气管哮喘：通常成人口服本品1次20mg (2片)，一日一次。或按年龄、症状遵医嘱服用。 || （1）过敏性鼻炎：成人，口服本品一次10～20mg（1-2粒），一日一次。或按病...,6
盐酸倍他洛尔,盐酸倍他洛尔|盐酸倍他洛尔滴眼液|盐酸倍他洛尔，非活性成份：卡泊姆974P﹑防腐剂硼酸和N－月桂酰肌氨酸等辅料。,,注册证号H20090611,每次用前充分摇匀。1. 患眼每次1-2滴，每天两次。2. 如本品尚不足以控制患者眼内压时，可联用毛果芸香碱，肾上腺素或碳酸酐酶抑制剂。3. 特殊注意事项： 局部使用β-肾上腺素能受体阻滞剂后可全身吸收。因此，局部用药会出现与全身用药相同的不良反应。滴眼后可采用下列方法减少全身吸收：闭眼2分钟；按住鼻泪管2分钟。,3
盐酸克林霉素,本品主要成份为：盐酸克林霉素。|盐酸克林霉素|盐酸克林霉素胶囊,,,"成人，一次0.15～0.3g，一日4次口服，重症感染可增至一次0.45g,一日4...",3
盐酸克林霉素棕榈酸酯,本品主要成份为盐酸克林霉素棕榈酸酯。|本品主要成分为盐酸克林霉素棕榈酸酯。|盐酸克林霉素棕榈酸酯|盐酸克林霉素棕榈酸酯分散片|盐酸克林霉素棕榈酸酯颗粒,本品主要成分为盐酸克林霉素棕榈酸酯。,,"口服。用适量温开水溶解后服用。按克林霉素计，1.儿童：一日剂量为按体重8～25mg/kg(一般感染8～16mg/kg,重症感染17～25mg/kg)，分3～4次服用(体重10kg以下幼儿每次服药应不少于37.5mg，一日3次)。2.成人：一次150～300mg(重症感染可用450mg)，一日4次。或遵医嘱。 || 温开水送服，或温开水溶解后服用。按克林霉素计，儿童日剂量为8-25mg/kg(一...",6
盐酸利多卡因,盐酸利多卡因|盐酸利多卡因注射液,,,,1
盐酸利托君,本品主要成份为盐酸利托君。|盐酸利托君|盐酸利托君片,,,诊断为早产并适用本品，最初用静脉滴注随后口服维持治疗，密切监测子宫收缩和副作用，以确定最佳用量。静脉滴注结束前30分钟开始口服治疗，最初24小时口服剂量为每2小时1片(10mg)，此后每4-6小时1-2片(10-20mg)，每日总量不超过12片(120mg)。每天常用维持剂量在80-120mg(8-12片)之间，平均分次给药。只要医生认为有必要延长妊娠时间，可继续口服用药。或遵医嘱。,2
盐酸加替沙星,盐酸加替沙星|盐酸加替沙星胶囊,盐酸加替沙星,国药准字H20060481,"1.一次200mg至400mg，一天一次。 
感染（取决于病原菌）每日 剂量 疗程 慢性支气管炎急性发作 400mg 7～10天 
急性鼻窦炎 400mg 10天 社区获得性肺炎 400mg 7～14天 
非复杂性尿路感染 400mg 单剂 或200mg 3～5天 
复杂性尿路感染 400mg 7～10天
急性肾盂肾炎 400mg 7～10天 
男性非复杂性淋球菌尿路感染 400mg 单剂 
女性",3
盐酸卡替洛尔,本品主要成份为：盐酸卡替洛尔。化学名称为：5-3-1，1-二甲基乙基氨基-2-羟丙氧基-3，4-二氢一21H喹诺酮盐酸盐。分子式：C16H24N203．HCI分子量：328.84|盐酸卡替洛尔|盐酸卡替洛尔滴眼液,,,滴眼，一次1滴，一日2次。滴于结膜囊内，滴后用手指压迫内眦角泪囊部3～5分钟。效...,3
盐酸去氧肾上腺素,盐酸去氧肾上腺素,,,,1
盐酸可乐定,本品主要成份为盐酸可乐定。|盐酸可乐定|盐酸可乐定片,,,1.降低血压：口服，起始剂量0.1mg，一日2次；需要时隔2~4天递增，每日0.1~0.2mg。常用维持剂量为0.3~0.9mg/日，分2~4次口服。严重高血压需紧急治疗时开始口服0.2mg，继以每小时0.1mg，直到舒张压控制或总量达0.7mg，然后用维持剂量。2.绝经期潮热：一次0.025~0.075mg，每日2次。3.严重痛经：口服0.025mg，每日2次，在月经前及月经时，共服14日。4.,3
盐酸司他斯汀,本品主要成份为盐酸司他斯汀。|盐酸司他斯汀|盐酸司他斯汀片,,,口服，成人每日2次，每次1mg(1片)。必要时在医生指导下可增量。日用量最多6m...,3
盐酸司来吉兰,本品主要成份为盐酸司来吉兰。|盐酸司来吉兰|盐酸司来吉兰片,,H20110397,口服。开始剂量为早晨5毫克(一片)。盐酸司来吉兰片剂量可增至每天10毫克(二片)(早晨一次服用或分早?中2次服用)。若病人在合用左旋多巴制剂时显示类似左旋多巴的不良反应，左旋多巴剂量应减低。或遵医嘱。,3
盐酸吡格列酮,本品主要成份为盐酸吡格列酮。|盐酸吡格列酮|盐酸吡格列酮。|盐酸吡格列酮分散片|盐酸吡格列酮片|盐酸吡格列酮胶囊,盐酸吡格列酮。,国药准字H20050137|国药准字H20080282,1.盐酸吡格列酮应每日服用一次，服药与进食无关。 2.糖尿病治疗应个体化。治疗反应用HbAic评价更理想，与单用FBG相比，它是评价长期血糖控制的更好指标。HbAic反映了过去2到3个月的血糖情况。临床应用时，我们建议，除非血糖控制变差，患者的盐酸吡格列酮治疗应足够长(3个月)，以评价HbAic的改变。 || 1、起始剂量15mg或30mg(1-2粒)，最大剂量为45mg(3粒)。 || 盐酸吡格列酮应每日服用一片，服药与进食无关。 本品为分散片，使用时将其加入适量水中，搅拌均匀后服用。 糖尿病治疗应个体化。治疗反应用HbAlc评价更理想，与单用FBG相比，它是评价长期血糖控制的更好指标。HbAlc反映了过去2到3个月的血糖情况。临床应用时，我们建议，除非血糖控制变差，患者的盐酸吡格列酮治疗应足够长（3个月），以评价HbAlc的改变。 单药治疗单用饮食控制和体育锻炼不足以控制血糖时,9
盐酸吡格列酮口腔崩解,盐酸吡格列酮。|盐酸吡格列酮口腔崩解|盐酸吡格列酮口腔崩解片,盐酸吡格列酮。,,，最大推荐剂量)。肝功不全者：与正常对照相比，肝功能不全(Child-Pugh...,3
盐酸咪达普利,本品主要成份为盐酸咪达普利。|盐酸咪达普利|盐酸咪达普利片,,国药准字H19990153,1.口服，成人一次5～10mg，一日一次; 2.重症高血压，或肾实质性病变继发性高血压患者每日起始剂量为2.5mg。,3
盐酸哌唑嗪,1本品主要成份为：盐酸哌唑嗪。|盐酸哌唑嗪|盐酸哌唑嗪片,,,7岁以下每次0.25mg，每日2~3次；7~12岁每次0.5mg，每日2~3次，...,3
盐酸哌替啶,盐酸哌替啶|盐酸哌替啶注射液,盐酸哌替啶,国药准字H21022413,1.镇痛：注射，成人肌内注射常用量：一次25～100mg，一日100～400mg；极量：一次150mg，一日600mg。静脉注射成人一次按体重以0.3mg/kg为限。2.分娩镇痛：阵痛开始时肌内注射，常用量：25～50mg，每4～6小时按需重复；极量：一次量以50～100mg为限。3.麻醉前用药：30～60分钟前按体重肌内注射1.0～2.0mg/kg。麻醉维持中，按体重1.2mg/kg计算60～9,3
盐酸哌罗匹隆,主要成份为：盐酸哌罗匹隆。|盐酸哌罗匹隆|盐酸哌罗匹隆片,,,"饭后口服。成人初始剂量为每次4mg, 每天3次，依反应逐渐增加剂量。维持量每日1...",3
盐酸噻氯匹定,抵克立得|本品主要成份盐酸噻氯匹定。|本品主要成分为盐酸噻氯匹定。|盐酸噻氯匹定|盐酸噻氯匹定片|盐酸噻氯匹定胶囊,本品主要成分为盐酸噻氯匹定。,H20080362|国药准字H20046372,口服：一日1次，一次1粒(0.25g);就餐时服用以减少胃肠道反应。 || 口服：一次1片(0.25g)，一日1次，就餐时服用以减少轻微的胃肠道反应。,7
盐酸地尔硫卓,本品主要成份:盐酸地尔硫卓。|本品主要成份为：盐酸地尔硫卓。|盐酸地尔硫卓|盐酸地尔硫卓片|盐酸地尔硫卓缓释|盐酸地尔硫卓缓释片|盐酸地尔硫卓缓释胶囊,,H20020196,口服。起始剂量一次30mg (1片)，一日4次，餐前及睡前服药，每1-2天增加一... || 口服，一次90-180mg(1～2片)，每日1次，或遵医嘱。,9
盐酸地尔硫卓缓释,本品的主要成份为盐酸地尔硫卓。|盐酸地尔硫卓缓释|盐酸地尔硫卓缓释胶囊,,,口服，咀嚼后咽下。成人，一次1片，一日1-2次，一日最大量不超过3片；儿童，一次半片，一日1-2次。,3
盐酸地尔硫缓释,其化学名称为：顺-+5-2-二甲氨基乙基-2-4甲氧基苯基-3乙酰氧基-2，3-二氢-1，5苯并硫氮杂卓-45H酮盐酸盐。|盐酸地尔硫缓释|盐酸地尔硫缓释胶囊,,国药准字H20020711,先从小剂量开始应用，并视病情调节剂量。口服，规格为90mg或120mg，一次一粒，一日1～2次；规格为180mg或240mg，一次一粒，一日1次。,1
盐酸坦洛新,盐酸坦洛新|盐酸坦洛新缓释片|盐酸坦索罗辛。,盐酸坦索罗辛。,,口服推荐剂量为成人0.2mg/d(一片/天)，饭后一次服用;可根据年龄和症状酌情...,3
盐酸坦洛新缓释,本品主要成分为盐酸坦索罗辛。|盐酸坦洛新缓释|盐酸坦洛新缓释胶囊,本品主要成分为盐酸坦索罗辛。,国药准字H20050285,成人每日1次，每次1粒或2粒(0.2或0.4mg)，根据年龄、症状的不同可适当调整。,3
盐酸坦索罗辛缓释,本品主要成份为盐酸坦洛新。|盐酸坦索罗辛缓释|盐酸坦索罗辛缓释胶囊,,,成人每日1次，每次1粒或2粒（0.2或0.4mg），根据年龄、症状的不同可适当调...,3
盐酸塞利洛尔,本品主要成份盐酸塞利洛尔。|盐酸塞利洛尔|盐酸塞利洛尔片,,国药准字H19991065,口服:一次0.1～0.3g（1～3片），一日一次，早上服或遵医嘱。,3
盐酸多塞平,本品主要成份为盐酸多塞平。|本品主要成份是盐酸多塞平。|盐酸多塞平|盐酸多塞平乳膏|盐酸多塞平片,,,口服。常用量：开始一次25mg（1片），一日2～3次，以后逐渐增加至一日总量10... || 外用涂于患处，每日2～3次。,6
盐酸多奈哌齐,本品主要成份为盐酸多奈哌齐。|本品主要成份为盐酸多奈哌齐。化学名称：±2，3-二氢-5，6-二甲氯基-2-{1-苯甲基-4-哌啶基甲基}-1H-茚-1-酮盐酸盐。化学结构式：分子式：C24H29NO3.HCl分子量：415.96|盐酸多奈哌齐|盐酸多奈哌齐分散片|盐酸多奈哌齐片|盐酸多奈哌齐胶囊|盐酸多奈哌齐，,盐酸多奈哌齐，,,"1.成年人/老年人：口服，可加水分散后口服，也可将分散片含于口中吮服或吞服。初始治疗用量为一次5mg(1片)。每日一次，晚上睡前服药；一日5mg的剂量应至少维持一个月，以评价早期的临床反应，达到盐酸多奈哌齐稳态血药浓度。一日5mg治疗一个月，并做出临床评估后，可以将盐酸多奈哌齐的剂量增加到一日10mg(2片)，一日一次。推荐最大剂量为10mg(2片)。大于每日10mg剂量未进行过临床研究。停止治疗 || 口服。初始用量每次5毫克，每日一次，睡前服用；并至少将初始剂量维持1个月以上，才... || 成年/老年人：初始治疗用量5mg(1片)/天(一日一次)，晚上睡前口服。5mg/天的剂量至少维持一个月，以评价早期的临床反应，及达到盐酸多奈哌齐稳态血药浓度。用5mg/天治疗一个月，做出临床评估后，可以将本品剂量增加到10mg(2片)/天(一日一次)。推荐最大剂量为10mg/天。大于10mg 1天的剂量未做过临床试验。停止治疗后,疗效逐渐减退。中止治疗无反跳现象。",8
盐酸多奈哌齐口腔崩解,"本品主要成份为盐酸多奈哌齐。化学名称：±-2,3-二氢-5，6-二甲氧基-2-｛［1-苯甲基-4-哌啶基］甲基｝-1H-茚-1-酮盐酸盐。分子式：C24H29NO3.HCl分子量：415.96|盐酸多奈哌齐口腔崩解|盐酸多奈哌齐口腔崩解片",,,1.口服。不用水或仅用少量水。将药片置口腔内，崩解分散后随唾液吞咽；或用少量水崩解后吞服。2.初始用量每次5mg(1片)，每日一次，睡前服用；并至少将初始剂量维持1个月以上。做出临床评估后，才可根据治疗效果增加剂量至每次10mg(2片)，每日1次。此为最大推荐剂量。3.肾功能不全患者：盐酸多奈哌齐的消除不受影响，因此这些病人可使用与上述方案相似的剂量方案。4.肝功能损害患者：轻中度肝功能损害患者，,2
盐酸多沙普仑,盐酸多沙普仑|盐酸多沙普仑注射液,盐酸多沙普仑,国药准字H20056609,静脉注射按体重一次0.5-1.0mg/kg不超过15mg/kg．如需重复给药，至少间隔5分钟。每小时用量不宜超过300mg。静脉滴注按体重一次05-1.0mg/kg．临用前加葡萄糖氯化钠注射液稀释后静脉滴注直至获得疗效．总量不超过一日3g。,3
盐酸多西环素,本品的主要成分为盐酸多西环素|盐酸多西环素|盐酸多西环素片,本品的主要成分为盐酸多西环素,,"抗菌及抗寄生虫感染：成人，第一日100mg,每12小时1次，继以100～200m...",3
盐酸多西环素肠溶胶囊肠溶微丸型,主要成份：盐酸多西环素。|盐酸多西环素肠溶胶囊肠溶微丸型,,,1.抗菌及抗寄生虫感染：成人，第一日100mg，每12小时1次，继以100~200mg，1日1次，或50~100mg，每12小时1次。2.淋病耐瑟菌性尿道炎和宫颈炎：一次100mg，每12小时1次，共7日。3.非淋病奈瑟菌性尿道炎，由沙眼衣原体引起者，以及沙眼衣原体所致的单纯性尿道炎、宫颈炎或直肠感染：均为一次100mg，1日2次，疗程至少7日。4.梅毒：一次100~200mg，每12小时1次，疗,3
盐酸头孢他美酯,本品主要成分盐酸头孢他美酯。|盐酸头孢他美酯|盐酸头孢他美酯片,本品主要成分盐酸头孢他美酯。,国药准字H20051174,"本品用法:饭前或饭后1小时内口服;复杂性尿路感染的成人,每日全部剂量在晚饭前后1小时内一次服用,男性淋球菌性尿道炎和女性非复杂性膀胱炎的患者,在就餐前后1小时内一次服用(膀胱炎患者在傍晚)。用量:常用量:成人和12岁以上的儿童,每次500mg(2片),每日2次;12岁以下儿童,每次每公斤体重10mg,每日2次;复杂性尿路感染的成年人,男性淋球菌性尿道炎和女性非复杂性膀胱炎的患者,单一剂量1500～",3
盐酸头孢他美酯干混悬剂,本品主要成分为盐酸头孢他美酯。|盐酸头孢他美酯干混悬剂,本品主要成分为盐酸头孢他美酯。,国药准字X20010452,口服，每次适量，加入适宜温开水中搅拌均匀后服用。常用量: 饭前或饭后1小时内口服，成人和12岁以上的儿童，每次500mg，每日2次；12岁以下的儿童，每次每公斤体重10mg，每日2次；复杂性尿路感染的成年人，每日全部剂量在晚饭前后1小时内一次服用，男性淋球菌性尿道炎和女性非复杂性膀胱炎的患者，在就餐前后1小时内一次服用，单一剂量1500~2000mg(膀胱炎者在傍晚)可充分根除病原体。,3
盐酸奥布卡因,盐酸奥布卡因|盐酸奥布卡因。|盐酸奥布卡因滴眼液,盐酸奥布卡因。,国药准字J20100128,一般成人滴眼1～4滴。可根据年龄、体质适当增减。,3
盐酸奥昔布宁,盐酸奥昔布宁|盐酸奥昔布宁。|盐酸奥昔布宁缓释片,盐酸奥昔布宁。,,成人：初始建议剂量为一次5mg(半片)，一日1次，然后根据疗效和耐受性逐渐增加剂量，每次增加5mg，最大剂量为30mg/日，剂量调整一般需要有约一周的时间间隔。6岁以上儿童：初始推荐剂量为一次5mg(半片)，一日1次，然后根据疗效和耐受性逐渐增加剂量，每次增加5mg，最大剂量为20mg/日。本品需随液体吞服，不能嚼碎或压碎，但可根据half线掰开半片服用。,3
盐酸妥洛特罗,本品主要成分为盐酸妥洛特罗。|盐酸妥洛特罗|盐酸妥洛特罗片,本品主要成分为盐酸妥洛特罗。,,"口服。成人:1~2片，一日2次。儿童:按体重计0.02mg/kg,一日2次或遵医嘱。吞服或含服。",2
盐酸安妥沙星,本品的主要成份为盐酸安妥沙星。|盐酸安妥沙星|盐酸安妥沙星片,,,口服。成人首剂0.4g一次，以后0.2g，一日1次，疗程7~14天。使用本品时，...,3
盐酸小檗碱,本品每片含盐酸小檗碱0.1克，辅料为：淀粉、聚山梨酯-80、羟丙甲纤维素、滑石粉、二氧化硅、硬脂酸镁。|盐酸小檗碱|盐酸小檗碱片,,,口服，成人:一次1～3片，一日3次；儿童用量见包装内说明书的图。,3
盐酸小檗胺,本品的活性成份为：盐酸小檗胺。|盐酸小檗胺|盐酸小檗胺片,,,口服。一日3次，一次4片；或遵医嘱。,2
盐酸尼卡地平,本品主要成分为:盐酸尼卡地平。|盐酸尼卡地平|盐酸尼卡地平注射液,本品主要成分为:盐酸尼卡地平。,1、国药准字H20052608（2ml：2mg）；2、国药准字H20052609（10ml：10mg）。,1.用生理盐水或5%葡萄糖注射液稀释，配成浓度为0.01%～0.02%(1ml中含盐酸尼卡地平0.1～0.2mg)后使用.|2.. 手术时异常高血压的紧急处理:以每分钟2～10μg/kg(体重)的剂量给药，根据血压调节滴注速度，必要时可以10～30μg/kg(体重)的剂量静脉直接给药.|3. 高血压急症:以每分钟0.5～6μg/kg(体重)的剂量给药，根据血压调节滴注速度。 |4.配伍问题.|(1,3
盐酸尼卡地平葡萄糖,盐酸尼卡地平。辅料为葡萄糖和注射用水。|盐酸尼卡地平葡萄糖|盐酸尼卡地平葡萄糖注射液,,国药准字H20000485,l、手术时异常高血压的急救：先以每分钟2～10μg/kg（体重）静脉滴注，将血压降至目的值后，边监测血压边调节滴注速度。如有必要迅速降低血压时，则以盐酸尼卡地平计，每分钟10～30μg/kg(体重)静脉给予。2、高血压急症：先以每分钟0.5～6μg/kg(体重)的静脉滴注，将血压降至目的值后，边监测血压边调节滴注速度。,3
盐酸屈他维林,本品主要成份为：盐酸屈他维林|盐酸屈他维林|盐酸屈他维林片,,,）如果患者有眩晕经历，使用本品应该避免有潜在危险性的作业，如驾驶和操纵机器。,3
盐酸川芎嗪氯化钠,本品主要成份盐酸川芎嗪。|盐酸川芎嗪氯化钠|盐酸川芎嗪氯化钠注射液,,国药准字H20010274,?静脉滴注，一次200ml(含盐酸川芎嗪80mg)，缓慢滴注，每日一次，或遵医嘱。,3
盐酸左卡巴斯汀鼻喷剂,本品每瓶含主要成份做卡巴斯汀5毫克。辅料为：丙二醇、无水磷酸氢二钠、一水磷酸二氢钠、羟丙甲基纤维素、吐温80、苯扎氯铵、依地二酸钠和纯水。|盐酸左卡巴斯汀鼻喷剂,,,本品在用前必须摇匀。成人和儿童：常规剂量每鼻孔每次喷2揿，每日2次。也可增加至...,3
盐酸左布诺洛尔,本品主要成分是盐酸左布诺洛尔。|盐酸左布诺洛尔|盐酸左布诺洛尔滴眼液,本品主要成分是盐酸左布诺洛尔。,注册证号H20080433,滴眼，一次1滴，一日1—2次。滴于结膜囊内，滴后用手指压迫内毗角泪囊部3～5分钟。,3
盐酸左旋咪唑搽剂,本品主要成份为盐酸左旋咪唑。|盐酸左旋咪唑搽剂,,,外用药。用药时，开启药瓶封口，然后轻轻挤压药液，边滴边涂于双腿、上臂或腹部皮肤，...,3
盐酸左氧氟沙星,本品主要成份为:盐酸左氧氟沙星。|本品主要成分为盐酸左氧氟沙星。|盐酸左氧氟沙星|盐酸左氧氟沙星。化学名称：S---9-氟-2，3-二氢-3-甲基-10-4-甲基-1-哌嗪基-7-氧-7H-吡啶骈1，2，3-de-1，4-苯骈口恶嗪-6-羧酸盐酸盐一水合物|盐酸左氧氟沙星注射液|盐酸左氧氟沙星滴眼液|盐酸左氧氟沙星片|盐酸左氧氟沙星胶囊,本品主要成分为盐酸左氧氟沙星。|盐酸左氧氟沙星,国药准字H20052092,1.静脉滴注，成人每日0.4g，分2次静滴。重度感染患者及病原菌对本品 敏感性较差者(如绿脓杆菌)，每日最大剂量可增至0.6g，分2次静滴。据感染的种类及症状可适当增减。或遵医嘱。稀释于 5%葡萄糖注射液或0.9%氯化钠注射液250-500ml中静脉滴注。 2.滴注时间为每500ml不得少于3小时。滴速过快易引起静脉刺激症状或中枢神经系统反应。 || 口服， 成人一次0.1g，一日3次。 || 口服，成人每次0.2g(1粒)，每日两次。病情偏重者可增为每日三次。另外，可根据...,15
盐酸左氧氟沙星氯化钠,本品主要成分为盐酸左氧氟沙星|盐酸左氧氟沙星氯化钠|盐酸左氧氟沙星氯化钠注射液,本品主要成分为盐酸左氧氟沙星,国药准字H20051149,"1.静脉滴注:成人一次0.5(2瓶)，一日1次。 
2.静脉滴注:成人一次0.4(1瓶)，一日1次，滴注时间应大于60分钟。 
3.静脉滴注:成人一次0.5(1瓶)，一日1次，滴注时间应大于60分钟。",3
盐酸左西替利嗪口服溶液,盐酸左西替利嗪|盐酸左西替利嗪口服溶液,盐酸左西替利嗪,,用量：口服，成人及6岁以上儿童，一日一次，每次10ml（1支）。,3
盐酸布那唑嗪,盐酸布那唑嗪|盐酸布那唑嗪片,盐酸布那唑嗪,国药准字（2001）J－06（1）,通常，成人（以盐酸布那唑嗪计算）一日1次3-9mg口服。但给药量从一日1次3mg开始，一日量最多以9mg为限。,3
盐酸帕罗西汀,本品主要成份为盐酸帕罗西汀。|盐酸帕罗西汀|盐酸帕罗西汀片,,,口服治疗抑郁，一次20mg，一日1次。治疗强迫症开始剂量为一日20mg，依病情逐...,3
盐酸度洛西汀,化学名称:S-+-N-甲基-3-1-萘氧基-3-2-噻吩基丙胺盐酸盐|盐酸度洛西汀|盐酸度洛西汀肠溶片,化学名称:S-+-N-甲基-3-1-萘氧基-3-2-噻吩基丙胺盐酸盐,,推荐的起始剂量为40mg/日(20mg一日二次)至60mg/日(一日一次或30mg一日二次)，不考虑进食情况。,3
盐酸度洛西汀肠溶,盐酸度洛西汀。|盐酸度洛西汀肠溶|盐酸度洛西汀肠溶胶囊,盐酸度洛西汀。,,起始治疗：推荐欣百达盐酸度洛西汀肠溶胶囊的起始剂量为40mg/日（20mg一日二...,3
盐酸异丙嗪,本品每片含主要成份盐酸异丙嗪12.5毫克。|盐酸异丙嗪|盐酸异丙嗪片,,,一次一片，一日2~3次。,4
盐酸戊乙奎醚,戊乙奎醚|盐酸戊乙奎醚|盐酸戊乙奎醚注射液,戊乙奎醚,国药准字H20020606,肌肉注射，根据中毒程度选用首次用量。轻度中毒1-2mg(支)，必要时伍用氯解磷定500-750mg。中度中毒2-4mg(支)，同时伍用氯解磷定750-1500mg。重度中毒4-6mg(支)，同时伍用氯解磷定1500-2500mg。首次用药45分钟后，如仅有恶心、呕吐、出汗、流涎等毒蕈碱样症状时只应用盐酸戊乙奎醚1-2mg(支)；仅有肌颤、肌无力等烟碱样症状或ChE活力低于50%时只应用氯解磷定10,3
盐酸托烷司琼,托烷司琼|盐酸托烷司琼|盐酸托烷司琼胶囊,托烷司琼,国药准字H20061019,口服。本品需与盐酸托烷司琼注射液配合使用。儿童：一般不推荐用于儿童，如病情需要必须使用时，可参照下列剂量：2岁以上儿童，推荐剂量为0.2mg/kg体重，最高可达5mg/天。第1天静脉给药：将盐酸托烷司琼（1安瓿）溶于100ml常用的输注液中（如生理盐水、林格氏液或5%葡萄糖液）于化疗前快速静脉滴注或缓慢静脉推注。第2～6天可口服给药。盐酸托烷司琼胶囊口服，在早晨起床时（至少于早餐前1小时）立即服用,3
盐酸托莫西汀,盐酸托莫西汀|盐酸托莫西汀。|盐酸托莫西汀胶囊,盐酸托莫西汀。,,）。肾功能不全者：与正常人群相比，患终末期肾脏疾病的EM患者，具有较高的托莫西...,3
盐酸拉贝洛尔,本品主要成份为:盐酸拉贝洛尔。|盐酸拉贝洛尔|盐酸拉贝洛尔片,,,口服。一次100mg(2片)，每日2~3次，2~3天后根据需要加量。常用维持量为200~400mg(4~8片)，每日2次。饭后服。极量每日2400mg(48片)。,3
盐酸文拉法辛,本品主要成份盐酸文拉法辛C。|盐酸文拉法辛|盐酸文拉法辛胶囊,,国药准字H19980051,口服，开始剂量为一次25mg，一日2-3次。视病情逐渐增至一日75mg-225mg，分2-3次服用。最高量为一日350mg。可与食物同时服用。或遵医嘱。,3
盐酸文拉法辛缓释,本品主要成份为盐酸文拉法辛。|盐酸文拉法辛缓释|盐酸文拉法辛缓释胶囊,,,起始推荐剂量为75mg/天，每天1次。如有必要，可递增剂量至最大为225mg/天...,3
盐酸昂丹司琼,"本品主要成份为盐酸昂丹司琼。|本品主要成份为盐酸昂丹司琼。化学名称：2,3-二氢-9-甲基-3-2-甲基咪唑-1-基甲基-41H-咔唑酮盐酸盐二水合物。|盐酸昂丹司琼|盐酸昂丹司琼片|盐酸昂丹司琼胶囊",,,1. 对于高度催吐的化疗药引起的呕吐:化疗前15分钟、化疗后4小时、8小时各静脉注射恩丹西酮注射液8mg，停止化疗以后每8～12小时口服恩丹西酮片8mg，连用5天。 2. 对催吐程度不太强的化疗药引起的呕吐:化疗前15分钟静脉注射恩丹西酮注射液8mg，以后每8～12小时口服恩丹西酮片8mg，连用5天。 3. 对于放射治疗引起的呕吐:首剂须于放疗前1～2小时口服片剂8mg，以后每8小时口服8mg，疗 || 1．对于高度催吐的化疗药引起的呕吐:化疗前15分钟、化疗后4小时、8小时各静脉注射昂丹司琼注射液8mg，停止化疗以后每8～12小时口服昂丹司琼片8mg(2片)，连用5天。2．对催吐程度不太强的化疗药引起的呕吐:化疗前15分钟静脉注射昂丹司琼注射液8mg，以后每8～12小时口服昂丹司琼片8mg(2片)，连用5天。3．对于放射治疗引起的呕吐:首剂须于放疗前1～2小时口服片剂8mg(2片)，以后每8小时,5
盐酸普拉克索,盐酸普拉克索|盐酸普拉克索。|盐酸普拉克索片|盐酸普拉克索缓释片,盐酸普拉克索。,,口服用药，用水吞服，伴随或不伴随进食均可。一天三次。初始治疗：起始剂量为每日0.... || 详见说明书。,5
盐酸普罗帕酮,本品主要成份为盐酸普罗帕酮，化学名称:3-苯基-1-2-13-丙氨基-2-羟基丙氧基=苯基-1-丙酮盐酸盐。分子式：C21H27NO3·HCl，分子量:377|盐酸普罗帕酮|盐酸普罗帕酮片,,,"口服: 1次100~ 200mg(2- 4片),一日3- 4次。治疗量:一日300-900mg(6~18片)，分4 6次服用。维持量一日300-600mg(6~-12片)，分2- 4次服用。由于其局部麻醉作用，宜在饭后与饮料或食物同时吞服，不得嚼碎。",2
盐酸普萘洛尔,本品主要成份为：盐酸普萘洛尔|本品主要成分为盐酸普萘洛尔.|盐酸普萘洛尔|盐酸普萘洛尔片|盐酸普萘洛尔缓释片,本品主要成分为盐酸普萘洛尔.,国药准字H10980155,1.高血压:口服，开始一日1片，早晨或晚上服用，大多数病人服用后均有一定效果，必要时增加至2片. |2.心绞痛:每日一片，早晨或晚间服用. |3.心肌梗死愈后:按医嘱. || 1.高血压：口服，初始剂量10mg，每日3-4次，可单独使用或与利尿剂合用。剂量...,6
盐酸普鲁卡因,盐酸普鲁卡因,,,,1
盐酸曲唑酮,本品主要成份盐酸曲唑酮。|盐酸曲唑酮|盐酸曲唑酮片,,,盐酸曲唑酮主要用于治疗抑郁症和伴随抑郁症状的焦虑症以及药物依赖者戒断后的情绪障碍...,3
盐酸曲普利啶,本品每粒含主要成份盐酸曲普利啶2.5毫克，辅料为微粉硅胶、淀粉、羧甲基淀粉钠、乳糖及硬脂酸镁。|盐酸曲普利啶|盐酸曲普利啶胶囊,,,口服。成人每次2.5毫克～5毫克（1～2粒），每日2次。,3
盐酸曲马多,盐酸曲马多|盐酸曲马多缓释片,盐酸曲马多,国药准字H19990062,吞服，勿嚼碎。本品用量视疼痛程度而定。一般成人及14岁以上中度疼痛的患者，单剂量为50～100mg（1/2～1片）。体重不低于25公斤的1岁以上儿童的服用剂量为每公斤体重1～2mg，本品最低剂量为50mg（1/2片）。每日最高剂量通常不超过0.4g（4片）。治疗癌性痛时也可考虑使用相对的大剂量。肝肾功能不全者，应酌情使用。老年患者的剂量要考虑有所减少。两次服药的间隔不得少于8小时。上述推荐剂量仅供,3
盐酸替扎尼定,本品主要成份为盐酸替扎尼定。|盐酸替扎尼定|盐酸替扎尼定片,,,1、用于疼痛性肌痉挛时：口服，一次2mg，一日1-3次。应根据患者年龄、症状酌情增减。通常初始剂量为一日2mg，可逐渐增加剂量，分次服用。初始剂量通常在临睡前服用。2、用于中枢性肌强直时：应根据患者需要而作剂量调整。初始剂量不应超过一日6mg（分3次服用），并可每隔半周或一周逐渐增加2-4mg。通常一日12-24mg（分3-4次服用）的用量已可获得良好的疗效，每天的总量不能超过36mg。,3
盐酸替罗非班,本品主成分为盐酸替罗非班|盐酸替罗非班|盐酸替罗非班注射液,本品主成分为盐酸替罗非班,注册证号H20090786,-,2
盐酸林可霉素,本品的主要成分为盐酸林可霉素|盐酸林可霉素|盐酸林可霉素胶囊,本品的主要成分为盐酸林可霉素,,成人，一日1.5～2g，分3～4次口服;小儿每日按体重30～60mg/kg，分3...,3
盐酸格拉司琼,本品主要成份是盐酸格拉司琼，辅料名称：氯化钠；注射用水。|盐酸格拉司琼|盐酸格拉司琼注射液,,国药准字H20044382,静脉注射。成人：通常为3mg，用20～50ml的5%葡萄糖注射液或0.9%氯化钠注射液稀释后，于治疗前30分钟静脉注射，给药时间应超过5分钟。大多数病人只需给药一次，对恶心和呕吐的预防作用便可超过24小时，必要时可增加给药1～2次，但每日最高剂量不应超过9mg。肝、肾功能不全者无需调整剂量。,3
盐酸格拉司琼氯化钠,盐酸格拉司琼。|盐酸格拉司琼氯化钠|盐酸格拉司琼氯化钠注射液,盐酸格拉司琼。,国药准字H20030370,静脉滴注，成人用量通常为3mg，于治疗前30分钟给药，大多数病人只需给药一次，对于恶心和呕吐的预防作用便可超过24小时，必要时可增加给药次数1-2次，但每日最高剂量不应超过9mg。,3
盐酸氟桂利嗪,本品主要成份为盐酸氟桂利嗪。化学名称：E-1-双4-氟苯基甲基-4-2-丙烯基-3-苯基-哌嗪二盐酸盐。分子式：C26H26F2N2.2HCL分子量：477.42|本品主要成分为盐酸氟桂利嗪。|盐酸氟桂利嗪|盐酸氟桂利嗪分散片|盐酸氟桂利嗪滴丸|盐酸氟桂利嗪胶囊|盐酸氟桂利嗪：E-1-双4-氟苯基甲基-4-22-丙烯基-3-苯基-哌嗪二盐酸盐。|西比灵,本品主要成分为盐酸氟桂利嗪。,,"1.偏头痛的预防性治疗。起始剂量;对于65岁以下的患者开始治疗时可给予每晚2片，65岁以上的患者每晚1片。如在治疗中出现抑郁、维体外系反应和无法接受的不良反应，应及时停药。如在治疗2个月后未见明显改善，则应视为患者对本品无反应，也应停止用药。维持治疗;如果疗效满意，患者需维持治疗时，应减至每周给药五天(剂量同上)。但即使预防性维持治疗的疗效显著，且可被很好耐受，在治疗6个月后也应停药，只有在复发时 || 1.包括椎基地底动脉供血不全在内的中枢性眩晕及外周性眩晕,每日10~20mg(2-5粒)，2~8周为一疗程。2.特发性耳鸣者10mg(2粒)，每晚1次，10天为一个疗程。3.间歇性跛行，每日10~20mg(2-4粒)。4.偏头痛预防，5~10mg(1-2粒)，每日两次。5.脑动脉硬化，脑梗塞恢复期，每日5~10mg(1-2粒)。 || 用法：含服或吞服。用量：1.包括椎基底动脉供血不全在内的中枢性眩晕及外周性眩晕，...",13
盐酸氟西汀,化学名称:土-N-甲基-3-对-三氟甲基苯氧基-3-苯基丙胺盐酸盐。分子式:C17H18F3NO·HCI分子量:345.79|盐酸氟西汀|盐酸氟西汀胶囊,,,"用于成人口服。抑郁发作-成人及老年患者：建议每天服用20mg剂量。如果必要的话,在治疗最初的3至4周时间内对药物剂量进行评估和调整以达到临床上适当的剂量。尽管较高的剂量可能会增加不良反应发生的可能性，但在某些患者中，由于使用20mg剂量无明显疗效，可以逐渐增加剂量到60mg的最大剂量(见【临床试验】)。详见说明书。",3
盐酸氨基葡萄糖,本品主要成分为盐酸氨基葡萄糖。|本品每片中含活性成分盐酸氨基葡萄糖0.75G；辅料为微晶纤维素、羧甲基淀粉、淀粉、硬脂酸镁和胃溶性LE包衣剂等。|氨糖|盐酸氨基葡萄糖|盐酸氨基葡萄糖片|盐酸氨基葡萄糖胶囊,本品主要成分为盐酸氨基葡萄糖。,,1、口服，一次1粒，一日2次，吃饭时或饭后服用。2、6周为一个疗程或根据需要延长；每年重复治疗2-3次。 || 口服，一次1片，一日2次.吃饭或饭后服用，6周为一个疗程或根据需要延长，每年重复...,7
盐酸氨溴索,主要每片含盐酸氨溴索30毫克。辅料为：微晶纤维素、交聚维酮、阿司帕坦、硬脂酸镁、二氧化硅、聚维酮K30。|本品主要成分为盐酸氨溴索。|本品成份为盐酸氨溴索，辅料为：预胶化淀粉、硬脂酸镁、明胶空心胶囊。|本品每毫升含主要车费为盐酸氨溴索6毫克。辅料为山梨醇、甘油、蔗糖、丙二醇、尼泊金甲酯、尼泊金丙酯、磷酸氢二钠、枸橼酸、香料、胭脂红、柠檬黄。|本品每片含盐酸氨溴索30毫克。辅料为：乳糖、磷酸氢钙、淀粉、羧甲基淀粉钠、无水胶态硅胶、硬脂酸镁。|本品每袋含盐酸氨溴索30毫克。辅料为：甘露醇、阿司帕坦、柠檬香精、羟丙甲纤维素。|盐酸氨溴索|盐酸氨溴索分散片|盐酸氨溴索片|盐酸氨溴索糖浆|盐酸氨溴索胶囊|盐酸氨溴索颗粒,本品主要成分为盐酸氨溴索。,,口服。成人，一次1-2片，一日3次，饭后服。 || 口服。成人，一次1~2片，一日3次。饭后服 || 口服，成人及12岁以上儿童:一次10毫升，一日2次。12岁以下用量见下表：0~1岁，遵医嘱；1~2岁，一次用量2.5毫升，一日2次；2~6岁，一次用量2.5毫升，一日3次；6~12岁，一次用量5毫升，一日2~3次。,17
盐酸氨溴索口服溶液,本品每瓶100毫升含盐酸氨溴索0.6克。辅料为：羟乙基纤维素、山梨醇、甘油、糖精钠、杏子香精、桔子香精、薄荷醇、丙二醇、防腐剂苯甲酸、纯水。|盐酸氨溴索口服溶液,,,本品最好在进餐时间服用，成人及12岁以上的儿童：每次10ml，一日2次。12岁以下的儿童：6-12岁儿童：每次5ml，一日2-3次；2-6岁儿童：每次2.5ml，一日3次；1-2岁儿童：每次2.5ml，一日2次。,3
盐酸氨溴索口服溶液无糖型,本品主要成分为盐酸氨溴索。|盐酸氨溴索口服溶液无糖型,本品主要成分为盐酸氨溴索。,,本品最好在进餐时间服用，成人及12岁以上的儿童：每次10毫升，一日2次；12岁以下的儿童：6-12岁儿童：每次5毫升，一日2-3次；2-5岁儿童：每次2.5毫升，一日3次；1~2岁儿童：每次2.5毫升。一日2次。,2
盐酸氨溴索缓释,本品每粒含盐酸氨溴索75毫克，辅料为蔗糖、淀粉、聚丙烯酸树酯L100、邻苯二甲酸乙二酯、滑石粉。|盐酸氨溴索缓释|盐酸氨溴索缓释胶囊,,国药准字H20030640,口服，成人，一次1粒，一日一次。,3
盐酸氨溴索葡萄糖,盐酸氨溴索。|盐酸氨溴索葡萄糖|盐酸氨溴索葡萄糖注射液,盐酸氨溴索。,国药准字H20041402,缓慢静脉滴注。|1.成人及12岁以上儿童：每天2～3次，每次15mg，严重病例可增至每次30mg。|2.6～12岁儿童：每天2～3次，每次15mg。 |3.2～6岁儿童：每天3次，每次7.5mg。 |4.2岁以下儿童：每天2次，每次7.5mg。|5.婴儿呼吸窘迫综合症（IRDS）的治疗：每日用药总量以婴儿体重计算30mg/kg，分4 次给药，应使用注射泵给药，静脉输注时间至少5分钟。,3
盐酸氨茶碱水合物,盐酸氨茶碱水合物,,,,1
盐酸氮卓斯汀,化学名称：4-4-氯苯甲基-2-六氢-1-甲基-1H-氮卓基-4-基-12H-2，3-二氮杂萘酮盐酸盐。分子式：C22H24N3OCl·HCl分子量：418.4|盐酸氮卓斯汀|盐酸氮卓斯汀片,,,口服，一次2mg（一次1片），一日2次，早饭1小时服用一次，晚上临睡前服用一次，...,3
盐酸氮卓斯汀鼻,氮卓斯汀|盐酸氮卓斯汀鼻|盐酸氮卓斯汀鼻喷雾剂,氮卓斯汀,进口药品注册证号：H20050251,-,3
盐酸氯丙嗪,每片含盐酸氯丙嗪25mg。|盐酸氯丙嗪|盐酸氯丙嗪片,每片含盐酸氯丙嗪25mg。,,口服：用于精神分裂症或躁狂症，从小剂量开始，一次25～50mg，一日2～3次，每...,3
盐酸氯米帕明,盐酸氯米帕明|盐酸氯米帕明。|盐酸氯米帕明片,盐酸氯米帕明。,,"口服 治疗抑郁症与强迫性神经症,初始剂量一次25mg,一日2-3次,1～2周内缓...",3
盐酸沙格雷酯,盐酸沙格雷酯|盐酸沙格雷酯片,盐酸沙格雷酯,,以盐酸沙格雷酯计，通常成人每天3次，每次100mg，饭后口服,3
盐酸法舒地尔,本品主要成分:盐酸法舒地尔。|盐酸法舒地尔|盐酸法舒地尔注射液,本品主要成分:盐酸法舒地尔。,国药准字H20040356,"1.成人一日2―3次每次30mg以50-100ml的生理盐水或葡萄糖注射液稀释后静脉点滴每次静滴时间为30分钟。 
2.本品给药应在蛛网膜下腔出血术后早期开始连用2周。",3
盐酸洛哌丁胺,盐酸洛哌丁胺|盐酸洛哌丁胺。化学名：盐酸洛哌丁胺分子式：C29H33O2NCl分子量：463.04|盐酸洛哌丁胺胶囊,,,本品适用于成人和5岁以上的儿童。 -急性腹泻：起始剂量，成人2粒。5岁以上儿童1...,3
盐酸洛美沙星,盐酸洛美沙星|盐酸洛美沙星。|盐酸洛美沙星分散片|盐酸洛美沙星胶囊,盐酸洛美沙星|盐酸洛美沙星。,国药准字H20040395,"1．细菌性支气管感染：口服一次0.4g，一日1次，或一次0.3g，一日2次，疗程... || 口服:一日0.6g,分2次服；病情较重者可增至一日0.8g,分2次服。 1.单纯性尿路感染:一次0.4g,一日1次。 2.单纯性淋病:一日0.6g,分2次口服,或遵医嘱。",6
盐酸溴己新,本品每片含盐酸溴己新8毫克。辅料为淀粉、蔗糖、羟丙甲纤维素、硬脂酸镁、微晶纤维素、糊精、微粉硅胶。|盐酸溴己新|盐酸溴己新片,,国药准字H32023145,本品口服。成人，一次1-2片，一日3次。,5
盐酸特拉唑嗪,本品主要成份及化学名称:1-4-氨基-6，7-二甲氧基-2-喹唑啉基-4-四氢呋喃-2-甲酰哌嗪盐酸盐二水合物分子量：C19H25N5O4·HCl·2H2O|本品主要成分:盐酸特拉唑嗪。|盐酸特拉唑嗪|盐酸特拉唑嗪片|盐酸特拉唑嗪胶囊,本品主要成分:盐酸特拉唑嗪。,国药准字H20043947,口服。一日一次，首次睡前服用。开始剂量1mg，停药后需重新开始治疗者，亦必须从1mg 开始渐增剂量。 高血压：常用剂量为一日1～10mg，最大剂量为一日20mg。剂量逐渐增加直到出现满意的疗效。 良性前列腺增生：一日一次，每次2mg，每晚睡前服用。 || 口服。高血压患者:一日1次，首次睡前服用。开始剂量1mg，剂量逐渐增加直到出现满意疗效。常用剂量为一日1-10mg，最大剂量为一日20mg，停药后需重新开始治疗者，亦必须从1mg开始渐增剂量。良性前列腺增生患者:一日1次，每次2mg，每晚睡前服用。,5
盐酸特比萘芬,本品主要成份为：盐酸特比萘芬。|活性成分：盐酸特比奈芬片|盐酸特比萘芬|盐酸特比萘芬散|盐酸特比萘芬片,活性成分：盐酸特比奈芬片,国药准字H20041876,根据感染的严重程度和适应症调整治疗疗程。每日宜在同一时间用水送服本品。空腹或餐后服用均可。如果患者忘记服药，应该在患者意识到此事后尽快服药。但是，鉴于特比萘芬的药代动力学性质，如果距离下次服药时间已少于4小时，则不应再服用遗忘的剂量。 || 每晚临睡前取出一片，送入阴道后穹窿处，连续用药1周为一疗程。,5
盐酸特比萘芬阴道,"盐酸特比萘芬阴道|盐酸特比萘芬阴道泡腾片|盐酸特比萘芬，其化学名称为：E-N-6,6-二甲基-2-庚烯-4-炔基-N-甲基-1-萘甲胺•盐酸盐",,,每晚临睡前取出一片，送入阴道后穹窿处，连续用药1周为一疗程。,3
盐酸环丙沙星,本品主要成份为：盐酸环丙沙星。|本品主要成份盐酸环丙沙星。|盐酸环丙沙星|盐酸环丙沙星滴眼液|盐酸环丙沙星片,,国药准字H10940038|国药准字H20044576,"口服。 
1.成人常用量：一次0.25～0.5g（1～2粒），一日2～3次。 
2.和关节感染：一次0.5g（2粒），一日2～3次，疗程4～6周或更长。 
3.肺炎和皮肤软组织感染：一次0.5g（2粒），一日2～3次，疗程7～14日。 
4.肠道感染：一次0.5g（2粒），一日2次，疗程5～7日。 
5.伤寒：一次0.5g（2粒），一日3次，疗程10～14日。 
6.尿路感染：急性单纯性下尿路感染 || 滴于眼睑内，一次1～2滴，一日3～6次，疗程为6～14日。",6
盐酸班布特罗,主要成份相关链接、盐酸班布特罗。|班布特罗|盐酸班布特罗|盐酸班布特罗片|盐酸班布特罗胶囊,班布特罗,国药准字H20030557|国药准字H20051913,每晚睡前口服一次。成年人初始剂量为10mg，根据临床效果，在用药1～2周后可增加到20mg。肾功能不全(肌酐清除率＜50ml/min)的病人，初始剂量建议用5mg。 || 每晚睡前口服一次，成年人初始剂量为10mg，根据临床效果，在用药1-2周后可增加到20mg。,6
盐酸甲苯哌丙酮,盐酸甲苯哌丙酮,,,,1
盐酸硫必利,本品主要成份盐酸泰必利。|盐酸硫必利|盐酸硫必利片,,,口服。舞蹈症及抽动-秽语综合征:开始每天150～300mg(1.5～3片)，分3次服，渐增至每天300～600mg(3～6片):待症状控制后2～3个月，酌减剂量。维持量每天150～300mg(1.5～3片)。详见说明书。,2
盐酸米多君,本品主要成份:盐酸米多君。|盐酸米多君|盐酸米多君片,,国药准字H20060837,除医嘱外，推荐以下的服用剂量: 1.血循环失调者：成人或青少年每日二次，每次一片。（早，晚服用）。必须时可以每日三次，每次一片。个别病人可以减量至每日二次，每次半片。 2.服用镇静或安眠药物者：开始治疗剂量为每日二次，每次一片，必要时可增剂量为每日二至三次，每次二片。 3.儿童：必须根据体重遵医嘱,3
盐酸米诺环素,本品主要成份为盐酸米诺环素。|盐酸米诺环素|盐酸米诺环素胶囊,,,口服。成人首次剂量为0.2g，以后每12或24小时再服用0.1g，或遵医嘱。寻常性痤疮每次50mg，一日2次，6周为一疗程。肾功能损害患者：肾功能损害患者用药，其24小时内的日总剂量不应超过200mg。详见说明书。,2
盐酸纳洛酮舌下,活性成份盐酸纳洛酮的化学名称、分子式、分子量如下：化学名称：17-烯丙基-4，5α环氧基-3，14-羟基吗啡喃-6-酮盐酸盐二水合物。|盐酸纳洛酮舌下|盐酸纳洛酮舌下片,,,"舌下含服。一次0.4～0.8mg(1～2片),根据病情需要可重复用药。",3
盐酸维拉帕米,本品主要成份为：盐酸维拉帕米。化学名称：α－3－2－3，4－二甲氧苯基乙基甲氨基丙基－3，4－二甲氧基－α－异丙基苯乙腈盐酸盐化学结构式：分子式：C27H38N2O4·HCl分子量：491.07|盐酸维拉帕米|盐酸维拉帕米片|盐酸维拉帕米缓释片,盐酸维拉帕米,,1.起始剂量180mg，清晨口服一次。对维拉帕米反应增强的病人(即老年人或体型瘦小者)，120mg一日一次口服，作为起始剂量可能是安全的。根据每周评定的疗效和安全性，并在上一剂量后24小时才可增加剂量。2.如果一日一次口服维拉帕米缓释片180mg未达到满意疗效，可以下列方式增加剂量：(1)每日清晨口服0.24g(2片)；(2)每日清晨和傍晚各口服一次0.18g(1.5片)；或每日清晨口服一次0.2 || 通过调整剂量达到个体化治疗。安全有效的剂量为不超过480mg/日(12片)。 1...,5
盐酸维拉帕米缓释,本品主要成份盐酸维拉帕米。|盐酸维拉帕米缓释|盐酸维拉帕米缓释胶囊,,国药准字H20030377,1.心绞痛:每日一次，每次一粒(180mg)。|2.原发性高血压:每日一次，每次一粒(180mg)。,3
盐酸罗匹尼罗,本品活性成份为盐酸罗匹尼罗。|盐酸罗匹尼罗|盐酸罗匹尼罗片,,,先从低剂量开始逐渐增加到治疗量，可以单独或与食物一起服用。推荐起始量是每次0.2...,3
盐酸罗格列酮,本品主要成份为盐酸罗格列酮。|本品主要成份为：盐酸罗格列酮。|盐酸罗格列酮|盐酸罗格列酮片|盐酸罗格列酮胶囊,,国药准字H20052455,口服，服药与进食无关。糖尿病治疗应个体化。单药治疗：初始剂量可为一日4mg（1片... || 糖尿病的治疗应个体化。|本品的起始用量为4mg/日，每日1次，每次一粒。经12周的治疗后，若空腹血糖控制不理想，可加量至8毫克/日，每日一次或分两次服用（早、晚各1次）。|本品可于空腹或进餐时服用。|单药治疗：本品的起始用量4毫克/日，每日1次，每次一粒。临床试验表明，服用4毫克/次，每日2次可更明显降低患者的空腹血糖和HbAIc水平。|与磺酰脲类药物或二甲双胍合用：在使用抗糖尿病药物的同时加服本,6
盐酸美他环素,本品成份盐酸美他环素。|盐酸美他环素|盐酸美他环素片|盐酸美他环素胶囊,盐酸美他环素胶囊,国药准字H21021189,成人口服每12小时300mg，8岁以上小儿口服每12小时按体重5mg/kg。 || 本品成人口服每12小时300mg，8岁以上小儿口服每12小时按体重5mg/kg。,6
盐酸美西律,"盐酸美西律|盐酸美西律。化学名称：1-2,6-二甲基苯氧基-2-丙胺盐酸盐。|盐酸美西律片","盐酸美西律。化学名称：1-2,6-二甲基苯氧基-2-丙胺盐酸盐。",,口服:首次200～300mg(4～6片)，必要时2小时后再服100～200mg(2～4片)。一般维持量每日约400～800mg(8～16片)，分2～3次服。成人极量为每日1200mg(24)片，分次口服。,3
盐酸美金刚,盐酸美金刚|盐酸美金刚。|盐酸美金刚片,盐酸美金刚。,,口服：成人或14岁以上青年，第1周每日10mg，以后每日增加10mg。维持　成人...,3
盐酸美金刚缓释,本品主要成份为盐酸美金刚。|盐酸美金刚缓释|盐酸美金刚缓释胶囊,,,推荐用法本品的有效剂量为28mg每日一次。本品推荐起始剂量为7mg每日一次。剂量应按7mg的增量逐渐增加到28mg每日一次的维持剂量。剂量增加的最短推荐时间间隔为1周。只有在当前剂量已被良好耐受时才可以进行剂量的增加。最大推荐剂量为28mg每日一次。本品可与食物同时服用或不同时服用。本品应整粒吞服，不应被拆开、咀嚼或碾碎服用。如果患者漏服单一剂量的本品，下一次不能服用双倍剂量的药品。下一服药剂量应,2
盐酸羟嗪,盐酸羟嗪|盐酸羟嗪片|羟嗪,羟嗪,,口服。一次25～50mg，一日2～3次。,3
盐酸羟甲唑啉,本品每瓶含盐酸羟甲唑啉5毫克。辅料为：三氯叔丁醇及氯化钠。|盐酸羟甲唑啉|盐酸羟甲唑啉喷雾剂,,,喷鼻，成人和六岁以上儿童每次每侧1～3喷，早晨和睡前各一次。,3
盐酸羟甲唑啉滴鼻液,本品每瓶含盐酸羟甲唑啉为5毫克。|盐酸羟甲唑啉滴鼻液,本品每瓶含盐酸羟甲唑啉为5毫克。,,滴鼻。成人和六岁以上儿童，一次一侧1-3滴，早晚各一次。,2
盐酸羟考酮,本品活性成份为盐酸羟考酮。|盐酸羟考酮|盐酸羟考酮缓释片,,注册证号H20120518,必须整片吞服，不得掰开、咀嚼或研磨。如果掰开，嚼碎或研磨药片，会导致羟考酮的快速释放与潜在致死量的吸收。每12小时服用一次，用药剂量取决于患者的疼痛严重程度和既往镇痛药用药史。疼痛程度增加，需要增大给药剂量以达到疼痛的缓解。对所有患者而言，恰当的给药剂量是能12小时控制疼痛，且患者能很好的耐受。除难以控制的不良反应影响外，应滴定给药至患者疼痛缓解。当脱离给药方案的需求（当需要用即释镇痛药物处理突破,3
盐酸肼肽嗪,盐酸肼肽嗪,,,,1
盐酸肼酞嗪,盐酸肼酞嗪,,,,4
盐酸胺碘酮,本品主要成份为盐酸胺碘酮。化学名称：2-丁基-3-苯并呋喃基［4-［2-二乙氨基乙氧基］-3，5-二碘苯基］甲酮盐酸盐分子式：C25H29I2NO3·HCl分子量：681.78|盐酸胺碘酮|盐酸胺碘酮片,,,口服成人常用量：治疗室上性心律失常，每日2片-3片，分2～3次服，1～2周后根据需要改为每日1片-2片维持，部分病人可减至1片，每周5天或更小剂量维持。治疗严重室性心律失常，每日3片-6片，分3次服，1～2周后根据需要逐渐改为每日1片-2片维持。,3
盐酸舍曲林片薄膜衣,盐酸舍曲林片薄膜衣|盐酸舍曲林片薄膜衣片|盐酸舍曲林，其化学名为：1S-顺式-4-3，4-二氯苯基-1，2，3，4-四氢-N-甲基-1-萘胺盐酸盐。,,,口服 治疗抑郁症，一次50mg，一日1次，治疗剂量范围为一日50mg-100mg...,3
盐酸艾司洛尔,主要成份为盐酸艾司洛尔，化学名称：4-3-异丙氨基-2-羟基丙氧基苯丙酸甲酯盐酸盐。辅料名称:10ml:0.1g:三水醋酸钠;冰醋酸;注射用水。|盐酸艾司洛尔|盐酸艾司洛尔注射液,,国药准字H19991058,1.控制心房颤动?心房扑动时心室率。成人先静脉注射负荷量:0.5mg/kg/min， 约1分钟，随后静脉点滴维持量:自0.05mg/kg/min开始，4分钟后若疗效理想则继续维持，若疗效不佳可重复给予负荷量并将维持量以0.05mg/kg/min的幅度递增。维持量最大可加至0.3mg/mg/kg/min，但0.2mg/kg/min以上的剂量未显示能带来明显的好处。 2.围手术期高血压或心动过速。 (,3
盐酸苯海拉明,本品的主要成份为苯海拉明，其化学名称为：N，N-二甲基-2-二苯基甲氧基乙胺盐酸盐。|盐酸苯海拉明|盐酸苯海拉明片,,,口服。成人一次1片，一日2-3次。用于防治晕动病时，宜在旅行前1～2小时，最少3...,3
盐酸苯海索,本品主要成份为：盐酸苯海索。|盐酸苯海索|盐酸苯海索片,,,"口服帕金森病、帕金森综合征，开始一日1~2mg，以后每3~5日增加2mg,至疗效...",3
盐酸莫索尼定,本品主要成分为盐酸莫索尼定。|盐酸莫索尼定|盐酸莫索尼定片,本品主要成分为盐酸莫索尼定。,国药准字H20030949,1.本品应采用个体化用药原则，一般从最低剂量开始，即0.2mg，每天1次，于早晨服用，应以三周的间隔进行剂量调整直到获得满意疗效。 2.常用剂量为一次0.2mg，一日2次（早、晚），每次最大剂量不得超过0.4mg，每日最大剂量不得超过0.6mg。 3.轻、中度肾功能不全者，单次剂量不得超过0.2mg或日剂量不超过0.4mg。,3
盐酸莫西沙星,主要成分：盐酸莫西沙星。|盐酸莫西沙星|盐酸莫西沙星片,主要成分：盐酸莫西沙星。,,盐酸莫西沙星片用于感染性疾病(详见【适应症】)的治疗，通用的用法用量如下所示，但必须结合疾病严重程度由临床医生最终确定。(其余详见说明书)。,4
盐酸莫雷西嗪,盐酸莫雷西嗪|盐酸莫雷西嗪片|盐酸莫雷西嗪，其化学名称为:10-3-吗啉丙酰基-吩噻嗪-2-氨基甲酸乙酯盐酸盐,盐酸莫雷西嗪，其化学名称为:10-3-吗啉丙酰基-吩噻嗪-2-氨基甲酸乙酯盐酸盐,,剂量应个体化，在应用本品前，应停用其他抗心律失常药物1～2个半衰期。口服，成人常...,3
盐酸萘甲唑啉,本品每毫升含盐酸萘甲唑林0.12毫克，辅料为聚山梨酯80、硼砂、硼酸、薄荷脑、樟脑、苯扎氯胺、薄荷油、依地酸二钠、三氯叔丁醇。|盐酸萘甲唑啉|盐酸萘甲唑啉滴眼液,,,滴眼，一次1-2滴，一日2-3次。,3
盐酸萘甲唑啉滴鼻液,本品每支含盐酸萘甲唑啉0.1%。辅料为硼酸、硼砂、依地酸二钠、硫柳汞。|盐酸萘甲唑啉滴鼻液,,,滴鼻。专用于成人，一次每鼻孔2-3滴。,3
盐酸西替利嗪,盐酸西替利嗪|盐酸西替利嗪。其化学名称为：±-2-2-4-4-氯苯基苯甲基-1-哌嗪基乙氧基乙酸二盐酸盐。|盐酸西替利嗪片|盐酸西替利嗪糖浆,盐酸西替利嗪,,口服。推荐成人和2岁以上儿童使用。 成人：一次1片，可于晚餐时用少量液体送服，若... || 成人和12岁以上儿童：口服，每次10ml，一天一次，或遵医嘱。若出现不良反应，可...,6
盐酸西替利嗪滴剂,本品主要成分为盐酸西替利嗪。|盐酸西替利嗪滴剂,本品主要成分为盐酸西替利嗪。,,口服。滴剂使用时，打开瓶盖，然后瓶口垂直向下，药液即会滴出。其余详见说明书。,3
盐酸贝尼地平,本品活性成份为盐酸贝尼地平。|盐酸贝尼地平|盐酸贝尼地平片,,,原发性高血压：以盐酸贝尼地平计，成人用量通常为1日1次，1次2-4mg，早饭后口...,3
盐酸赛庚啶,本品每片含主要成份盐酸赛庚啶，辅料为淀粉、乳糖、微晶纤维素、羟丙甲纤维素、泊洛沙姆、羧甲淀粉钠、硬脂酸镁、二氧化硅。|盐酸赛庚啶|盐酸赛庚啶片,,,口服。成人一次1-2片，一日2-3次。,3
盐酸赛洛唑啉鼻用,本品每瓶含主要成份盐酸赛洛唑啉1毫克，辅料为二水合磷酸二氢钠、十二水和磷酸氢二钠、依地酸钠、山梨醇70%非结晶、羟丙甲纤维素400Pa·s、氯化钠、纯化水等。|盐酸赛洛唑啉鼻用|盐酸赛洛唑啉鼻用喷雾剂,,,喷鼻。本品为定量喷雾剂，成人一次一倒1喷，每日用量不超过4次。定量喷雾剂使用方法：首先去除保护盖，首次使用前，来回按压几次直至有液体喷出（图1），然后将喷嘴插入鼻孔中，用力按压（图2），在松开之前将喷嘴从鼻孔中抽搐，送开，盖上保护盖。,3
盐酸达泊西汀,本品主要成份为盐酸达泊西汀。|本品主要成分为盐酸达泊西汀。|盐酸达泊西汀|盐酸达泊西汀片,本品主要成分为盐酸达泊西汀。,盐酸达泊西汀片：国药准字H20203169。,口服。药片应完整片吞下。建议患者至少用满杯水送服药物。患者应尽量避免晕厥或头晕等前驱症状所引起的受伤。成年男性(18至64岁)：对于所有患者推荐的首次剂量为30mg，需要在性生活之前约1至3小时服用。如果服用30mg后效果不够满意且副作用尚在可接受范围以内，可以将用药剂量增加至最大推荐剂量的60mg。推荐的最大用药剂量使用频率为每24小时一次。本品可以在餐前或餐后服用(参见药代动力学部分)。如果医 || 本品不同剂型、不同规格的用法用量可能存在差异，请阅读具体药物说明书使用，或遵医嘱。盐酸达泊西汀片：1、口服，药片应完整片吞下，建议患者至少用一满杯水送服药物。患者应尽量避免晕厥或头晕等前驱症状所引起的受伤。2、成年男性（18-64岁）：对于所有患者推荐的首次剂量为30mg，需要在性生活之前约1-3小时服用。如果服用30mg后效果不够满意且副作用尚在可接受范围以内，可以将用药剂量增加至最大推荐剂量的,6
盐酸酚苄明,本品主要成份为盐酸酚苄明。|盐酸酚苄明|盐酸酚苄明片,,,给药须按个体化原则，根据临床反应和尿中儿茶酚胺及其代谢物含量调整剂量。开始时每日...,3
盐酸金刚烷胺,本品主要成份为：盐酸金刚烷胺|盐酸金刚烷胺|盐酸金刚烷胺片,,,口服帕金森病、帕金森综合征，一次100mg，一日1~2次，一日最大剂量为400m...,3
盐酸金霉素眼膏,每1g眼膏含盐酸金霉素约0.005g，辅料为：液状石蜡、白色凡士林|盐酸金霉素眼膏,,,涂入眼睑内，每日1～2次。,3
盐酸阿夫唑嗪,化学名称：盐酸阿夫唑嗪。|盐酸阿夫唑嗪|盐酸阿夫唑嗪缓释片,化学名称：盐酸阿夫唑嗪。,,口服。推荐剂量每天1片（10mg）长效缓释片，晚饭后立即服用，该片剂需整片吞服（...,3
盐酸阿扎司琼,盐酸阿扎司琼|盐酸阿扎司琼注射液|阿扎司琼,阿扎司琼,国药准字H20010106,每日一次10mg(一次1支)，用40ml生理盐水稀释后，于化疗前30分钟缓慢静脉注射。,3
盐酸阿扎司琼氯化钠,盐酸阿扎司琼|盐酸阿扎司琼氯化钠|盐酸阿扎司琼氯化钠注射液,盐酸阿扎司琼,国药准字H20050350,"每日一次10mg(一次1瓶),于化疗前30分钟缓慢静脉滴注,若上述剂量未达到满意疗效,可继续静脉滴注10mg。每日最大使用剂量为20mg。",3
盐酸阿扑吗啡舌下,盐酸阿扑吗啡。|盐酸阿扑吗啡舌下|盐酸阿扑吗啡舌下片,盐酸阿扑吗啡。,,用法：性交前20分钟舌下含化本品。建议用药前宜少量饮水以便湿润口腔，使药物易于自...,3
盐酸阿米替林,本品主要成份为盐酸阿米替林。|盐酸阿米替林|盐酸阿米替林片,,,口服。成人常用量开始一次25mg，一日2～3次，然后根据病情和耐受情况逐渐增至一...,3
盐酸阿米洛利,本品主要成份盐酸阿米洛利。|盐酸阿米洛利|盐酸阿米洛利片,,国药准字H10900065,成人用量，口服，一次1片，1日1次，必要时一日二次，早?晚各1片，与食物同服。,3
盐酸阿罗洛尔,本品主要成分:盐酸阿罗洛尔。|盐酸阿罗洛尔|盐酸阿罗洛尔片,本品主要成分:盐酸阿罗洛尔。,国药准字J20090140,1.原发性高血压(轻度～中度)、心绞痛、心动过速性心律失常:通常成人应用盐酸阿罗洛尔的剂量为每次10mg，每日二次口服.根据病人年龄、症状等适当增减剂量，疗效不充分时，可增至每日30mg. 2.原发性震颤:通常成人应用盐酸阿罗洛尔从每日10mg开始给药.疗效不充分时，可按照每次10mg，每日二次的维持量口服.根据病人年龄、症状等适当增减，但不得超过1天30mg.,3
盐酸雷尼替丁,本品主要成分为盐酸雷尼替丁。|本品每粒含主要成份雷尼替丁0.15克。辅料为：淀粉、滑石粉、粘合剂淀粉浆或乙醇、硬脂酸镁。|盐酸雷尼替丁|盐酸雷尼替丁泡腾片|盐酸雷尼替丁胶囊,本品主要成分为盐酸雷尼替丁。,国药准字H20040033,口服。成人一次1粒，一日2次。于清晨和睡前服用。 || 温开水溶解后口服，一次0.15g，一日2次，清晨和临睡前服用。,6
盐酸雷洛昔芬,本品主要成份为盐酸雷洛昔芬。|盐酸雷洛昔芬|盐酸雷洛昔芬片,,国药准字H20050899,推荐剂量是口服每日一次，每次60mg(一片)。可以在一天中的任何时候服用且不受进餐的限制。老年人无需调整剂量。由于疾病的自然过程，雷洛昔芬需要长期使用。通常建议饮食钙摄入量不足的妇女服用钙剂和维生素D。或遵医嘱。,3
盐酸非索非那定,本品主要成份为盐酸非索非那定。化学名称：α，α二甲基-4-1-羟基-4-4-羟基二苯甲基-1-派啶丁基-苯乙酸的盐酸盐。分子式：C32H39NO4·HCl分子量：538.13|盐酸非索非那定|盐酸非索非那定片,,,1.季节性过敏性鼻炎成人、12岁及12岁以上儿童，盐酸非索非那定的推荐剂量为60mg，一日2次，或180mg一日1次。肾功能不全的患者推荐起始剂量为60mg，一日1次。6至11岁儿童，盐酸非索非那定的推荐剂量为30mg，一日2次，肾功能不全的儿童患者推荐起始剂量为30mg，一日1次。2.慢性特发性荨麻疹成人、12岁及12岁以上儿童，盐酸非索非那定的推荐剂量为60mg，一日2次。肾功能不全患者推荐起,2
盐酸非那吡啶,本品主要成份盐酸非那吡啶。|盐酸非那吡啶|盐酸非那吡啶胶囊,,国药准字H20052581,1.成人：口服，饭后服用。一次0.1g～0.2g（一次1～2粒），一日3次。|2.连续服用本品一般不得超过2天以上。|3.在治疗尿道感染时，应与抗菌药物联合给药。,3
盐酸齐拉西酮,本品主要成分为氟哌啶醇.。化学名称：1-4-氟苯基-4-4-4-氯苯基-4-羟基-1-哌啶基-1-丁酮。分子式：C21H23ClFNO2分子量：375.87|盐酸齐拉西酮|盐酸齐拉西酮。|盐酸齐拉西酮片|盐酸齐拉西酮胶囊,盐酸齐拉西酮。,,初始治疗:一次20mg，一日二次，餐时口服。视病情可逐渐增加到一次80mg、一日二次。为了确保最低有效剂量，在调整剂量前应仔细观察患者用药后的反应。剂量调整间隔一般应不少于2天，因为口服本品在1-3天内血药浓度达到稳定状态。维持治疗:应定期评估并确定患者是否需维持治疗。尽管齐拉西酮维持治疗的时间长短尚未确定，但在52周临床试验中，精神分裂症患者持续使用齐拉西酮的有效剂量为:一次20－80mg，一日 || 初始治疗：一次20mg（一片），一日二次，餐时口服。视病情可逐渐增加到一次80m...,6
睫状肌麻痹剂,睫状肌麻痹剂,,,,1
睾丸,本品主要成分为每片含睾丸粉0.2g。|睾丸|睾丸片,本品主要成分为每片含睾丸粉0.2g。,,"口服。一次3-5片,一日3次。",3
短效支气管扩张剂,短效支气管扩张剂,,,,3
短效胰岛素,短效胰岛素,,,,2
短肽型肠内营养剂,本品为复方制剂，其主要成分为：水解乳清蛋白、麦芽糊精、植物油、矿物质、维生素和微量元素等。成分标示值每100ml液体由25g粉剂冲调而成详见说明书|短肽型肠内营养剂,,,口服或管饲喂养在洁净的容器中先注入50ml冷水，加入本品1袋，充分混合。待粉剂完全溶解后，再加冷水至500ml，轻轻搅拌混匀即可。管饲喂养时，先置一根喂养管到胃、十二指肠或空肠上端部分，正常滴速为每小时100－125ml(开始时滴速宜慢)。一般病人，每天给予2000kcal(4袋)即可满足机体对营养成分的需求。高代谢病人(烧伤、多发性创伤)，每天可用到4000kcal(8袋)以适应机体对能量需求的,2
石菖蒲,1、本品含挥发油0.11%-0.42%，主要为β-细辛醚、细辛醚、石竹烯、α-葎草烯、石菖醚、细辛醚等，尚含有氨基酸、有机酸和糖类。2、2015年版《中国药典》规定：含挥发油不得少于0.7%ml/g。|石菖蒲,,,煎服，3-9g。,2
矿物油,矿物油,,,,12
破伤风疫苗,破伤风疫苗,,,,1
硝普钠,硝普钠,,,,2
硝苯吡啶,硝苯吡啶,,,,3
硝苯啶,硝苯啶,,,,2
硝苯地平,心痛定|本品主要成份为硝苯地平。|本品主要成分为硝苯地平。|硝苯吡啶|硝苯啶|硝苯地平|硝苯地平控释片|硝苯地平片|硝苯地平缓释片,本品主要成分为硝苯地平。,,1、治疗时应尽可能按个体情况用药。依据患者的临床情况，给予不同的基础用药剂量。2、除非特殊医嘱，成年人推荐下列剂量：（1）高血压：一次30mg或60mg，一日1次。（2）冠心病：慢性稳定型心绞痛(劳累性心绞痛)，一次30mg或60mg，一日1次（3）通常治疗的初始剂量为每日30mg。3、疗程：用药时间应由医生决定。4、用药方法：通常整片药片用少量液体吞服，服药时间不受就餐时间的限制。应避免食用葡萄 || 1、请按医生处方服用本品，否则将难于达到最佳治疗效果。2、给药剂量应个体化，应基于疾病的严重程度及患者对药物反应情况。3、根据患者的临床症状，逐步建立标准的给药方案。4、肝功能损害的患者，应严密监测肝功能应降低给药剂量。5、严重脑血管疾病患者应接受低剂量治疗。6、除非有其他的处方指导，建议本品的用药剂量如下：成人：标准给药剂量（1）慢性稳定型心绞痛（劳累型心绞痛）：每日2次，每次2片或4片（相当于 || 1．硝苯地平的剂量应视患者的耐受性和对心绞痛的控制情况逐渐调整。过量服用硝苯地平...,33
硝苯地平缓释片I,本品主要成份为硝苯地平。|硝苯地平缓释片I,,国药准字H10920005,口服：一次10～20mg，一日2次。极量，一次40mg，一日0.12g。,3
硝苯地平缓释片Ι,本品主要成份为：硝苯地平|硝苯地平缓释片Ι,,,口服:一次10～20mg，一日2次。极量，一次40mg，一日0.12g。,3
硝苯地平缓释片Ⅰ,"本品主要成份为硝苯地平。化学名称：2,6-二甲基-4-2-硝基苯基-1,4-二氢-3,5-吡啶二甲酸二甲酯分子式：C17H18N2O6分子量：346.34|硝苯地平缓释片Ⅰ",,,口服：一次1片-2片，一日2次。极量，一次4片，一日12片。,2
硝苯地平缓释片Ⅱ,本品主要成份为硝苯地平。|硝苯地平缓释片Ⅱ,,国药准字H20103358,口服。一次1片，一日1～2次，或遵医嘱。,3
硝苯定,硝苯定,,,,1
硝西泮,硝西泮,,,,1
硝酸咪康唑,本品每克含主要成份硝酸咪康唑0.02克，辅料为卡波姆、三乙醇胺、丙二醇、尼泊金乙酯。|本品每克含主要成份硝酸咪康唑20毫克，辅料为滑石粉、微粉硅胶和氧化锌。|硝酸咪康唑|硝酸咪康唑乳膏|硝酸咪康唑散,,,外用涂于患处，必要时可用敷料包扎或敷盖，每日2～3次或遵医嘱。 || 外用，撒布在洗净的患处。早晚各1次；若与乳膏剂联合用药，每日分别各1次。撒于鞋袜可一日1次，一般疗程2～6周。在症状消失后，应继续用药一周，以防复发。,6
硝酸咪康唑栓,硝酸咪康唑。|硝酸咪康唑栓,硝酸咪康唑。,国药准字H10930214,阴道给药，洗净后将栓剂置于阴道深处。每晚1次，一次1枚。连续7天为一疗程。也可采用三日疗法：第1日晚一枚，随后三日早晚各一枚。,3
硝酸咪康唑阴道软,本品每粒含主要成份硝酸咪康唑0.4克，辅料为液石体腊﹑凡士林。囊壳含有明胶﹑甘油﹑二氧化钛﹑对羟基苯乙酸钠和对羟基苯丙酸钠。|硝酸咪康唑阴道软|硝酸咪康唑阴道软胶囊,,,阴道给药，洗净后将本品置于阴道深处。最好以仰卧姿势或其他舒适的姿势用药。睡前1粒...,2
硝酸异山梨酯,"本品主要成份为硝酸异山梨酯。化学名称：1,4：3,6－二脱水－D－山梨醇二硝酸酯。分子式：C6H8N2O8分子量：236.14|本品主要成份硝酸异山梨酯。|硝酸异山梨酯|硝酸异山梨酯片|硝酸异山梨酯缓释片|硝酸异山梨醇",,,口服。一次20mg(1片)，每8～12小时给予一次，剂量增减必须经医生允许，应于饭后整片吞服，勿嚼碎服用。 || 口服：预防心绞痛，一次5～10mg，一日2～3次，一日总量10～30mg由于个体反应不同，需个体化调整剂量。舌下给药：一次5mg，缓解症状。,6
硝酸异山梨酯缓释,本品主要成分为硝酸异山梨酯。|硝酸异山梨酯缓释|硝酸异山梨酯缓释胶囊,本品主要成分为硝酸异山梨酯。,国药准字H19990008,成人每次20-40 mg，每日1-2次。,3
硝酸异山梨酯葡萄糖,本品主要成份:为硝酸异山梨酯。|硝酸异山梨酯葡萄糖|硝酸异山梨酯葡萄糖注射液,,国药准字H20020434,药物剂量可根据病人的反应调整，一般有效剂量为每小时2～7mg。静脉滴注开始剂量30μg/分，观察0.5～1小时，如无不良反应可加倍，每日一次，10天为一疗程。,3
硝酸毛果芸香碱,硝酸毛果芸香碱,,,,1
硝酸甘油,本品主要成份为：硝酸甘油|本品主要成分为硝酸甘油。|本品每克含主要成份硝酸甘油2mg，辅料为：白凡士林、羊毛脂、乳糖等。本品主要成份为硝酸甘油。化学名称：甘油三硝酸酯分子式：C3H5N3O9分子量：227.09|硝酸甘油|硝酸甘油喷雾剂|硝酸甘油片|硝酸甘油软膏,本品主要成分为硝酸甘油。|硝酸甘油,H20080500,发作时1-2喷，效果不佳可在10min内重复同样剂量。 || 本品不同剂型、不同规格的用法用量可能存在差异，请阅读具体药物说明书使用，或遵医嘱。硝酸甘油溶液：1%溶液舌下给药，一次0.05-0.1ml，一日2ml。硝酸甘油注射液：1、剂量：本品的用量应根据患者的个体需要进行调整，并应监测患者的血流动力学参数。推荐剂量范围是10-200μg/min，但在一些外手术过程中用量可增至400μg/min。2、手术：用来控制高血压或在手术中保持低血压状态的初始推荐剂量 || 每日3次，每次挤出1-1.5cm膏体，置于指端，经肛门涂于肛管内(肛门内约1cm)，或遵医嘱。每次用完后请立刻拧紧管盖。用药后请洗手。,32
硝酸甘油气雾剂,硝酸甘油气雾剂|硝酸甘油，加有适量抛射剂。,硝酸甘油，加有适量抛射剂。,,在心绞痛发作时或在运动、劳动前，有可能急性发作时，向口腔舌下粘膜喷射1～2次，相...,3
硝酸甘油舌下,本品主要成份为硝酸甘油。化学名称：1，2，3-丙三醇三硝酸脂分子式：C3H5N3O9分子量：227.09|硝酸甘油舌下|硝酸甘油舌下片,,,在心绞痛急性发作时，应舌下或在口腔颊粘膜处含化一片本品。可每5分钟重复一次直至症状缓解。如果15分钟内给药3片胸痛仍不缓解或者如果疼痛较之前加剧，应立即采取其他医疗措施。如果应用本品作为预防性治疗，应在进行有可能导致心绞痛发作的活动之前5到10分钟用药。建议静息状态用药，最好取坐位。肾功能不全的患者不需要进行剂量调整。,3
硝酸盐,硝酸盐,,,,2
硝酸盐类药物,硝酸盐类药物,,,,1
硝酸酯,硝酸酯,,,,1
硝酸酯类药物,硝酸酯类药物,,,,1
硫,本品每克含氧化锌71毫克，升华硫71毫克。|硫|硫软膏,本品每克含氧化锌71毫克，升华硫71毫克。,,外用，涂于洗净的患处，一日1～2次。用于疥疮，将药膏涂于颈部以下的全身皮肤，尤其...,4
硫代硫酸钠,硫代硫酸钠,,,,6
硫利达嗪,硫利达嗪,,,,5
硫唑嘌呤,化学名称为：6-1-甲基-4-硝基-1H-咪唑基-5-硫代-1H-嘌呤。化学结构式：分子式：C9H7N7O2S分子量：277.27|硫唑嘌呤|硫唑嘌呤片,,,本品须在饭后以足量水吞服。器官移植后，应长期维持治疗，否则将会出现预期的排斥反应...,10
硫喷妥钠,硫喷妥钠,,,,7
硫普罗宁,本品主要成份为硫普罗宁。|本品主要成份为硫普罗宁。辅料：依地酸钙钠。|本品的活性成份为：硫普罗宁|硫普罗宁|硫普罗宁注射液|硫普罗宁片|硫普罗宁肠溶片,,国药准字H20051334,1.需使用溶媒的注射用硫普罗宁及硫普罗宁注射液：|(1)静脉滴注，一次0.2g，一日一次，连续4周。|(2)配制方法：临用前每0.1g注射用硫普罗宁先用5%的碳酸氢钠注射液（pH=8.5）2m1溶解，再扩容至5%～l0%的葡萄糖注射液或0.9%氯化钠注射液250～500ml中，按常规静脉滴注。|2.不需使用溶媒的注射用硫普罗宁及硫普罗宁注射液：|(1)静脉滴注，一次0.2g，一日一次，连续4周。| || 口服。一次0.1～0.2g ( 1～2片），一日3次，疗程2～3个月，或遵医嘱。 || 口服，次1～2片(100～200mg)，一日3次，疗程2～3月，或遵医嘱。,8
硫柳汞,硫柳汞,,,,1
硫磺,硫磺,,,,2
硫糖铝,硫糖铝,,,,29
硫糖铝口服混悬液,本品每包含硫酸铝1克。辅料为;瓜耳胶、山梨醇、水杨酸钠、尼泊金甲酯、尼泊金丙酯、山梨酸、桔子性香料和纯化水。|硫糖铝口服混悬液,,,口服。用前摇均。成人一次5毫升，一日4次，餐前1小时及睡前服用。,3
硫糖铝混悬凝胶,本品主要成份为硫糖铝，为蔗糖硫酸酯的碱式铝盐。|硫糖铝混悬凝胶,,,本品为特殊的混悬凝胶剂，具有很强的生物粘附性，每日服用两次即可保证其临床疗效。1.一般用量：每日两次，每次一袋(1g)，晨起饭前1小时及晚间休息前空腹服用。2.维持及巩固用量：可酌情减半，每次服用量不变，服药次数可减少。如每日服用一次，最好在晚间服用。每次服用后可服用饮料一杯。,3
硫糖铝混悬液,本品主要成份为蔗糖硫酸酯的碱式铝盐，辅料为吐温-80﹑枸橼酸钠﹑羟丙甲纤维素HPMC﹑山梨醇﹑L-丙氨酸﹑苯甲酸钠﹑草莓香精﹑蔗糖。|硫糖铝混悬液,,国药准字H10960332,口服。一次5～10ml(1～2g)，一日2～4次，疗程4～6周，或遵医嘱。,3
硫辛酸,本品主要成份为，破辛酸|活性成份为α-硫辛酸。辅料：乙二胺、注射用水。|硫辛酸|硫辛酸注射液|硫辛酸胶囊,,H20110104,口服，一次2粒，一日3次；或一次6粒，一日1次。早餐前半小时服用。对于较产重的症状，建议起始先采用注射治疗。由于糖尿病周围神经病变是慢性疾病，一般需长期服用。具体使用时间由医生根据个体特点决定。 || 本品可用于静脉注射。静脉注射应缓慢，最大速度为每分钟50mgα-硫辛酸（相当于2ml本注射液）。本品也可加入生理盐水静脉滴注，如250-500mgα-硫辛酸（相当于10-20ml本注射液）加入100-250ml生理盐水中，静脉滴注时间约30分钟。除非有特别医嘱，对严重糖尿病周围神经病变引起的感觉异常的患者，可用静脉滴注给药，每天300-600mg（相当于12-24ml本注射液），2-4周为一个疗程,6
硫达利嗪,硫达利嗪,,,,1
硫酸亚铁,硫酸亚铁,,,,4
硫酸依替米星,"本品主要成分为硫酸依替米星。化学名称:O-2-氨基2,3,4,6?四脱氧-6-氨基-α-D-赤型-己吡喃糖基-1→4-O-3-脱氧-4-C-甲基-3-甲氨基-β-L-阿拉伯吡喃糖基-1→6-2-脱氧-N-乙基-L-链霉胺硫酸盐。|硫酸依替米星|硫酸依替米星注射液",,国药准字H20020128,"静脉滴注。|1.成人推荐剂量：对于肾功能正常泌尿系感染或全身性感染的患者,一次0. 1～0. 15g,一日2次(每12小时1次),或一次0. 2～0. 3g,一日1次,稀释于0. 9%氯化钠注射液或5%葡萄糖注射液l00ml或250ml中静脉滴注,每次滴注1小时。疗程为5～10日。依据患者的感染程度遵医嘱进行剂量的调整。|2.肾功能受损的患者,不宜使用本品。如必要使用时调整使用剂量,并应监测血清中",3
硫酸依替米星氯化钠,本品主要成份为硫酸依替米星，辅料为无水亚硫酸钠。|硫酸依替米星氯化钠|硫酸依替米星氯化钠注射液,,国药准字H20041981,"静脉滴注。|1.成人推荐剂量：对于肾功能正常泌尿系感染或全身性感染的患者,一次0. l～0. 15g,一日2次(每12小时1次),或一次0. 2～0. 3g,一日1次,稀释于0. 9%氯化钠注射液或5%葡萄糖注射液l00ml或250ml中静脉滴注,每次滴注1小时。疗程为5～10日。依据患者的感染程度遵医嘱进行剂量的调整。|2.肾功能受损的患者,不宜使用本品。如必要使用时调整使用剂量,并应监测血清中",3
硫酸奈替米星葡萄糖,本品主要成份相关链接：硫酸奈替米星。|硫酸奈替米星葡萄糖|硫酸奈替米星葡萄糖注射液,,国药准字H20030521,本品静脉滴注和肌注的剂量相仿。肾功能正常者： 1.成人用于复杂性尿路感染每日3-4mg/kg，中、重度感染每日4-6mg/kg，严重全身性感染每日4-6.5mg/kg，成人剂量最高每日不超过7.5mg/kg，每8―12h给药一次。 2.小儿用量：6周以上至12岁者用量为每日5-7mg/kg，每8―12h给药一次；出生6周以内者每日4-6mg/kg，每12h给药一次，早产儿、新生儿的用量适当减少。,3
硫酸庆大霉素,本品主要成份为硫酸庆大霉素，为一种多组分抗生素，含C1、C1a、C2a、C2等组分。|硫酸庆大霉素|硫酸庆大霉素片,,,口服。成人一日240～640mg，分4次服用；儿童按体重一日5～10mg/kg，...,4
硫酸氢氯吡格雷,硫酸氢氯吡格雷|硫酸氢氯吡格雷片,,国药准字J20080090,口服，可与食物同服也可单独服用。每日一次，每次二片。,3
硫酸氨基葡萄糖,本品主要成份：硫酸氨基葡萄糖。|本品的活性成份为硫酸氨基葡萄糖氯化钠复盐。|硫酸氨基葡萄糖|硫酸氨基葡萄糖。|硫酸氨基葡萄糖片|硫酸氨基葡萄糖胶囊|硫酸氨基葡萄糖颗粒,硫酸氨基葡萄糖。,国药准字H20041317,口服，一次250mg～500mg（1～2袋），一日3次（进餐时服用效果更佳），连续服用3个月，间隔2个月可以重复使用。 || 口服，建议每次2粒胶囊，每日3次(早晨及进餐时）；连续用药6周，必要时可以6周以... || 口服，最好在进餐时服用，一次1-2片，一日3次，连续服用4-12周或根据需要延长。每年重复治疗2-3次。,8
硫酸氨基葡萄糖钾,硫酸氨基葡萄糖钾|硫酸氨基葡萄糖钾胶囊|硫酸氨基葡萄糖钾，其化学名为：硫酸-2-氨基-2-脱氧-D-吡喃葡糖钾盐。,硫酸氨基葡萄糖钾，其化学名为：硫酸-2-氨基-2-脱氧-D-吡喃葡糖钾盐。,,口服。每次0.25～0.5g(1～2片)，每日3次，持续4～12周。每年重复2～...,3
硫酸沙丁胺醇,本品每片含主要成份硫酸沙丁胺醇2.4毫克相当谏扯“反?毫克。辅料为淀粉、糊精、蔗糖、磷酸氢钙、硬脂酸镁|硫酸沙丁胺醇|硫酸沙丁胺醇片,,,口服 成人每次1-2片，一日3次。,3
硫酸沙丁胺醇吸入气雾剂,本品主要成分：硫酸沙丁胺醇化学名称为：1-4-羟基-3-羟甲基苯基-2-叔丁氨基乙醇。|硫酸沙丁胺醇吸入气雾剂,,,本品只能经口腔吸入使用。对吸气于吸药同步进行有困难的患者可借助储雾器。成人：缓解哮喘急性发作，包括支气管痉挛：以1揿100g作为最小起始剂量，如有必要可增至2揿。其余详见说明书。,2
硫酸沙丁胺醇气雾剂,硫酸沙丁胺醇|硫酸沙丁胺醇气雾剂,硫酸沙丁胺醇,,成人 2 喷/次，每日用3-4次。儿童1 喷/次，每日用3-4次。,3
硫酸沙丁胺醇缓释,主要成份:硫酸沙丁胺醇。|硫酸沙丁胺醇缓释|硫酸沙丁胺醇缓释胶囊,,国药准字H19990213,口服，成人：推荐剂量为一次8mg，一日2次。,3
硫酸沙丁胺醇雾化吸入溶液,本品主要成份为硫酸沙丁胺醇。|硫酸沙丁胺醇雾化吸入溶液,,国药准字H20000348,本品只可在医生指导下，采用呼吸器或适当的驱动式喷雾器给药，切不可注射或口服。 1. 间歇性用法、间歇性治疗每日重复4次，应从低剂量开始。 (1) 成人、0.5(1.0毫升（2.5(5.0mg），以注射用生理盐水稀释至2.0或2.5毫升，喷雾可维持约10分钟;部分成人可能需要10mg的较高剂量，可不经稀释，将2.0毫升（10mg）本品直接置入喷雾装置中，雾化吸入，直至支气管得到扩张为止，通常约需要3,3
硫酸特布他林,活性成份：硫酸特布他林。|硫酸特布他林|硫酸特布他林片,,,。,3
硫酸特布他林气雾剂,硫酸特布他林|硫酸特布他林气雾剂,硫酸特布他林,H10930032,喷雾吸入。一次0.25～0.50mg（1～2喷），一天3～4次，严重患者每次可增至1.5mg（6喷），24小时内的总量不超过6mg(24喷)。如果疗效不显著，咨询医生。操作步骤如下：1.取下保护盖，充分振摇，使其混匀；2.将接口端平放入双唇间，通过接口端平静呼气；3.在吸气开始的同时，按压气雾剂顶部使之喷药，经口缓慢和深深吸入；4.尽可能长地屏住呼吸，最好10秒钟，然后再呼气。,3
硫酸特布他林氯化钠,本品主要成份硫酸特布他林。|硫酸特布他林氯化钠|硫酸特布他林氯化钠注射液,,国药准字H20060118,1.临用前取本品以0.0025mg/min的速度缓慢静脉滴注。|2.成人每日0.5～0.75mg，分2～3次给药。,3
硫酸特布他林雾化吸入用溶液,本品活性成份为硫酸特布他林化学名称：±α-叔丁氨基甲基-3，5-二羟基苯甲醇硫酸盐2∶1化学结构式：分子式：C12H19NO32·H2SO4分子量：548.66|硫酸特布他林雾化吸入用溶液,,,剂量应个体化。只能通过雾化器给药。无需稀释设备。成人及20kg以上儿童:经雾化器吸入1个小瓶即5mg(2ml)的药液，可以每日给药3次。20kg以下的儿童:经雾化器吸入半个小瓶即2.5mg(1ml)的药液。每日最多可给药4次。给药控制:因为患者的雾化吸入技术经常不正确，因此应当定期检查患者的雾化吸入技术。使用硫酸特布他林雾化液方法:握住单剂量小瓶，使瓶口向上，拧动瓶盖以开启瓶盖(见附图)。将小瓶中,3
硫酸特布他林雾化液,本品活性成份硫酸特布他林。|硫酸特布他林雾化液,,H20140108,剂量应个体化。只能通过雾化器给药。 1.成人及20kg以上儿童：经雾化器吸入1个小瓶即5mg（2ml）的药液，可以每日给药3次。 2.20kg以下的儿童：经雾化器吸入半个小瓶即2.5mg（1ml）的药液。每日最多可给药4次。 3.给药控制：因为患者的雾化吸入技术经常不正确，因此应当定期检查患者的雾化吸入技术。 4.使用硫酸特布他林雾化液方法：握住单剂量小瓶，使瓶口向上，拧动瓶盖以开启瓶盖，将小瓶中,3
硫酸盐,硫酸盐,,,,5
硫酸纤维,硫酸纤维,,,,1
硫酸纤维素,硫酸纤维素,,,,1
硫酸羟氯喹,本品主要成份为硫酸羟氯喹，其化学名称为：2-4-7-氯-4-喹啉基氨基戊基乙氨基-乙醇硫酸盐。|硫酸羟氯喹|硫酸羟氯喹片,,,片剂为口服给予。1.成年人(包括老年人)：首次剂量为每日400mg，分次服用。当疗效不再进一步改善时，剂量可减至200mg维持。如果治疗反应有所减弱，维持剂量应增加至每日400mg。应使用最小有效剂量，不应超过6.5mg/kg/日(自理想体重而非实际体重算得)或400mg/日，甚至更小量。2.儿童：应使用最小有效剂量，不应超过6.5mg/kg/日(根据理想体重算得)或400mg/日，甚至更小量。年,2
硫酸胍生,硫酸胍生,,,,1
硫酸茚地那韦,硫酸茚地那韦|硫酸茚地那韦。|硫酸茚地那韦胶囊,硫酸茚地那韦。,国药准字H20053333,成人:本品的推荐剂量为每8小时口服800mg(4粒)。用本品治疗必须以2.4g/天的推荐剂量开始。儿童患者(3岁及3岁以上可口服胶囊的儿童):本品的推荐剂量为每8小时口服500mg/m2。儿童剂量不能超过成人剂量(即每8小时800mg)。本品尚未在3岁以下儿童中进行过研究。本品应该用于:与批准的抗逆转录病毒制剂(如核苷类和非核苷类逆转录酶抑制剂)合用治疗成人的HIV-1感染。单独应用治疗临床上不适,3
硫酸钡混悬液,本品主要成份及其化学名称为硫酸钡。|硫酸钡混悬液,,国药准字H20020619,本品依照检查部位及检查方法，原样或加适量水调成适当的浓度之后，将其适量口服或灌肠。1. ?食道检查:口服浓度50~150%w/v钡剂10~150ml，可立即观察食道及其蠕动情况。在服钡剂前，先服产气药物，可作食道双对比检查。2. ?胃及十二指肠双对比检查:禁食6小时以上，口服产气药物，待胃内产生CO2气体300~500ml后，可先口服浓度50~150%w/v钡剂20~300ml，令病人翻转数圈，让,3
硫酸铜,硫酸铜,,,,1
硫酸铝,硫酸铝,,,,2
硫酸锌,硫酸锌|硫酸锌糖浆,硫酸锌,,口服。10岁以上儿童及成人一日30毫升，1～10岁儿童一日20毫升，孕妇一日40...,4
硫酸镁,注射用硫酸镁|硫酸镁,,,,6
硫酸阿托品眼用凝胶,本品主要成份为硫酸阿托品。|硫酸阿托品眼用凝胶,,国药准字H20052295,一次1滴，滴于结膜囊内，一天3次。或遵医嘱。,3
硫酸阿米卡星,本品主要成分:硫酸阿米卡星。|硫酸阿米卡星|硫酸阿米卡星注射液,本品主要成分:硫酸阿米卡星。,国药准字H37020562,1．成人肌内注射或静脉滴注。单纯性尿路感染对常用抗菌药耐药者每12小时0.2g；用于其他全身感染每12小时7.5mg/kg，或每24小时15mg/kg。成人一日不超过1.5g，疗程不超过10天。2．小儿肌内注射或静脉滴注。首剂按体重10mg/kg，继以每12小时7.5mg/kg，或每24小时15mg/kg。3．肾功能减退患者肌酐清除率>50～90ml/分钟者每12小时给予正常剂量(7.5mg/kg,3
硫铵类,硫铵类,,,,1
硼砂,硼砂,,,,7
硼酸,硼酸,,,,1
硼酸洗液,本品每毫升含硼酸30毫克，辅料为：纯化水。|硼酸洗液,,,外用冲洗或湿敷。湿敷时，用6-8层纱布浸于本品冷溶液中，轻挤压后，敷于患处，5-10分钟后更换，连续使用1小时。每日重复上法4次。,2
碘佛醇,碘佛醇|碘佛醇注射液,碘佛醇,,①脑血管造影，需2～12ml，使用碘佛醇240或320均可；主动脉造影需60ml碘佛醇320；锁骨下动脉肱动脉20ml；腹腔动脉45ml；肠系膜动脉45ml；肾动脉9ml。以上剂量可重复，总剂量一般不超过200～250ml。②CT增强扫描：头部CT，成人一般剂量为50～150ml碘佛醇320或100～250ml碘佛醇240，注射后可立即扫描；体部CT，成人为25～75ml碘佛醇320。,3
碘制剂,碘制剂,,,,2
碘化油,碘化油,,,,1
碘化物,碘化物,,,,5
碘化钾,主要成份碘化钾。|碘化钾|碘化钾片,,国药准字H22022446,口服给药。1. 预防地方性甲状腺肿：剂量根据当地缺碘情况而定，一般100μg/日即可。2. 治疗地方性甲状腺肿：对早期患者给予1～10mg/日，连服1～3个月，中间休息30～40天。约1～2月后，剂量可渐增至20～25mg/日，总疗程约3～6个月。,11
碘帕醇,碘帕醇|碘帕醇注射液,碘帕醇,,根据不同的X线检查需要，选择不同的浓度与剂量。,3
碘甘油,本品每瓶20ml含碘200毫克。辅料为碘化钾，甘油。|碘甘油,,国药准字H11021298,外用，用棉签蘸取少量本品涂于患处，一日2-4次。,3
碘苷,碘苷|碘苷滴眼液|碘苷，其化学名为2’-脱氧-5-碘尿苷。,碘苷，其化学名为2’-脱氧-5-碘尿苷。,国药准字H20063363,滴于结膜囊内，每1～2小时1次，每次1～2滴。,4
碘酊,本品每毫升含主要成分碘20毫克|碘酊,本品每毫升含主要成分碘20毫克,,外用。用棉签蘸取少量碘酊，由中心向外涂搽局部，消毒后再用70%酒精脱碘。,5
碘酒,碘酒,,,,2
碱,碱,,,,4
碱性溶液,碱性溶液,,,,2
碱性药物,碱性药物,,,,1
碳酸司维拉姆,本品主要成份：碳酸司维拉姆|碳酸司维拉姆|碳酸司维拉姆片,,,在患有以下疾病的患者中尚未确定本品的安全性和有效性：吞咽困难：吞咽障碍：重度胃肠功能紊乱，包括未经治疗的或严重的胃轻瘫、胃内容物滞留，或者肠道运动异常或不规律：活动性炎症性肠病：胃肠道大手术：因此，在上述患者中应慎用本品。肠梗阻和肠阻塞/不完全肠阻塞：使用盐酸司维拉姆治疗的过程中，在罕见的病例中观察到肠梗阻和肠闭塞/不完全肠闭塞。盐酸司维拉姆与碳酸司维拉姆的活性成份相同。初期的症状可能是便秘。使用,3
碳酸氢盐,碳酸氢盐,,,,6
碳酸氢钠,本品主要成份为碳酸氢钠。|每片含主要成份碳酸氢钠0.3克。辅料为淀粉、滑石粉、硬脂酸镁。|碳酸氢钠|碳酸氢钠注射液|碳酸氢钠片,,,口服。一次1~3片，每日3次。 || 本品不同剂型、不同规格的用法用量可能存在差异，请阅读具体药物说明书使用，或遵医嘱。碳酸氢钠片：口服。一次0.25-2g，一次3次。碳酸氢钠注射液：1、代谢性酸中毒，静脉滴注，所需剂量按下式计算：补碱量（mmol）＝（－2.3－实际测得的BE值）×0.25×体重（kg），或补碱量（mmol）＝正常的CO2CP－实际测得的CO2CP（mmol）×0.25×体重（kg）。除非体内丢失碳酸氢盐，一般先给计,45
碳酸盐,碳酸盐,,,,7
碳酸酐酶抑制剂,碳酸酐酶抑制剂,,,,2
碳酸酐酶抑制药,碳酸酐酶抑制药,,,,1
碳酸钙,本品每片含碳酸钙1.25克相当于钙0.5克。辅料为甘露醇、木糖醇、聚乙二醇4000、硬脂酸镁、食用香精。|每片含碳酸钙0.5克相当于钙0.2克辅料我：白砂糖、桃胶、淀粉、硬脂酸镁。|碳酸钙|碳酸钙咀嚼片|碳酸钙片,,,口服。一日1～6片，分次饭后服用。 || 咀嚼后咽下。成人，一次1片，一日1～2次；儿童，一次半片，一日1～2次。,8
碳酸钙D3,本品为复方制剂，其组分为碳酸钙、维生素D3。|碳酸钙D3|碳酸钙D3片,本品为复方制剂，其组分为碳酸钙、维生素D3。,,碳酸钙D3片：口服，一次1片，一日1-2次。碳酸钙D3片（Ⅱ）：口服，咀嚼后咽下。1、成人，一次1袋，一日1-2次，一日最大量不超过3袋。2、儿童，一次半袋，一日1-2次。,3
碳酸钙D3片Ⅱ,本品为复方制剂，每片含碳酸钙1.5克相当于钙600毫克，维生素D3125国际单位。辅料为：甘露醇、聚维酮k30、香精、硬脂酸镁。|碳酸钙D3片Ⅱ,,,口服。咀嚼后咽下。成人，一次1片，一日1~2次，一日最大量不得超过3片；儿童，一...,3
碳酸钙维D3元素片4,本品为复方制剂，每片含碳酸钙1.5g相当于钙600毫克、D3200国际单位、氧化铜1.252毫克以铜计1毫克、氧化镁82.89毫克以镁计50毫克、氧化锌9.337毫克以锌计7.5毫克、一水硫酸锰5.541毫克以锰计1.8毫克。辅料为交联羧甲基纤维素钠、微晶纤维素、硬脂酸镁、交联吡咯烷酮、吡咯烷酮、十二烷基硫酸钠、灰玫瑰红色色素包衣材料、轻质矿物油包衣材料。|碳酸钙维D3元素片4,,,口服，一次1片，一天1次，饭后即服。,3
碳酸锂,本品活性成份为碳酸锂。|碳酸锂|碳酸锂片,,,口服。成人用量按体重20~25mg/kg计算，躁狂症治疗剂量为一日600~200...,4
碳酸镧,碳酸镧|碳酸镧咀嚼片,碳酸镧,,治疗晚期肾衰引起的高磷酸盐血症：成人:初始剂量：0.75-2.25g/天，分次进...,3
碳青霉烯类药物,碳青霉烯类药物,,,,1
磷制剂,磷制剂,,,,1
磷剂,磷剂,,,,1
磷结合型制剂,磷结合型制剂,,,,1
磷结合性制剂,磷结合性制剂,,,,2
磷苯妥英,磷苯妥英,,,,2
磷酸二氢钠,磷酸二氢钠,,,,1
磷酸哌嗪宝塔糖,本品每每粒含磷酸哌嗪0.2g。辅料为蔗糖、香兰素、柠檬黄、明胶。|磷酸哌嗪宝塔糖,,,口服。儿童用量请见下表：年龄（岁）体重（千克）  每日用量（粒）　　      ...,3
磷酸奥司他韦,本品主要成分为磷酸奥司他韦。|磷酸奥司他韦|磷酸奥司他韦胶囊|达菲,本品主要成分为磷酸奥司他韦。,国药准字H20065414,1. 磷酸奥司他韦可以与食物同服或分开服用。但对一些病人，进食同时服药可提高药物的耐受性。 2. 流感的治疗，在流感症状开始的第一天或第二天（理想状态为36小时内）就应开始治疗。 3. 剂量指导： (1) 成人和青少年，磷酸奥司他韦在成人和13岁以上青少年的推荐口服剂量是每次75毫克，每日2次，共5天。 (2) 儿童，对1岁以上的儿童，体重≤15千克，推荐剂量（服用5天），30毫克，每日2次，体重,6
磷酸川芎嗪葡萄糖,本品主要成分为磷酸川芎嗪。|磷酸川芎嗪葡萄糖|磷酸川芎嗪葡萄糖注射液,本品主要成分为磷酸川芎嗪。,国药准字H20030789,静脉滴注。一次50mg ～100mg，缓慢滴注，宜在3-4小时滴完，一日1次，10～15天为一疗程或遵医嘱。,3
磷酸氯喹,本品主要成份为磷酸氯喹片。|磷酸氯喹|磷酸氯喹片,,,"1.成人常用量 ①间日疟，口服首剂1g，第2、3日各0.75g。②抑制性预防疟疾，口服每周1次每次0.5g。③肠外阿米巴病，口服每日1g，连服2日后改为每日0.5g，总疗程为3周。④类风湿性关节炎，每日0.25~0.5g，待症状控制后，改为0.125g,一日2~3次，需服用6周~6个月才能达到最大的疗效，可作为水杨酸制剂及递减肾上腺皮质激素时的辅助药物。 2.小儿常用量 ①间日疟，口服首次剂量按体",3
磷酸盐,磷酸盐,,,,9
磷酸盐类,磷酸盐类,,,,3
磷酸西格列汀,磷酸西格列汀|磷酸西格列汀。|磷酸西格列汀片,磷酸西格列汀。,,本品单药或与二甲双胍联合治疗的推荐剂量为100 mg，每日一次。本品可与或不与食...,3
磷酸铝凝胶,本品主要成份为磷酸铝。|磷酸铝凝胶,,,1.通常每次为1~2袋(2.5~5.0g)；每天2~3次，使用前充分振摇均匀，亦可伴开水或冲牛奶服用。2.根据不同适应症推荐本品在不同的时间使用；胃炎、胃溃疡患者在饭前半小时前服用；十二指肠溃疡患者在饭后3小时及疼痛时服用。反流性食管炎患者在饭后和晚上睡前服用。,2
磷霉素氨丁三醇,本品主要成份为磷霉素氨丁三醇。|磷霉素氨丁三醇|磷霉素氨丁三醇散,,,1、用量：1)体重50kg以上的成人及青少年：治疗：单剂量治疗，每疗程1瓶(3g活性成分)。预防：用于预防外科手术或下尿路诊断过程引起的感染，治疗通常由2倍的本品剂量组成，初始剂量1瓶(3g活性成分)在术前3小时口服，第二个剂量1瓶(3g活性成分)在术后24小时口服。2)体重50kg以下的成人及青少年：治疗：单剂量治疗，每疗程2/3瓶(2g活性成分)。预防：大约术前3小时和术后24小时口服各2/3,3
磺吡酮,磺吡酮,,,,4
磺胺,磺胺,,,,2
磺胺嘧啶,磺胺嘧啶,,,,17
磺胺嘧啶锌,磺胺嘧啶锌|磺胺嘧啶锌软膏,磺胺嘧啶锌,国药准字H41022525,用消毒溶液清洁创面后，本品可直接涂于创面，然后用无菌纱布覆盖包扎；或将软膏涂于无菌纱布上，贴于创面，再覆盖无菌纱布包扎；或将涂有软膏的无菌纱布直接放入脓腔引流脓液，软膏用量随创面的大小及感染情况而定，每日用量不超过500g。,3
磺胺甲?唑,磺胺甲?唑,,,,1
磺胺甲噻二唑,磺胺甲噻二唑,,,,1
磺胺甲基异口恶唑,磺胺甲基异口恶唑,,,,1
磺胺甲基异噁唑,磺胺甲基异噁唑,,,,2
磺胺甲恶唑,磺胺甲恶唑,,,,1
磺胺类,磺胺类,,,,3
磺胺类抗生素,磺胺类抗生素,,,,1
磺胺类抗菌药,磺胺类抗菌药,,,,1
磺胺类药,磺胺类药,,,,3
磺胺类药物,磺胺族药|磺胺类药物,,,,4
磺胺类降糖药物,磺胺类降糖药物,,,,1
磺胺粉,磺胺粉,,,,3
磺胺药,磺胺药,,,,25
磺胺醋酰钠,磺胺醋酰钠,,,,1
磺达肝癸钠,磺达肝癸钠|磺达肝癸钠注射液,磺达肝癸钠,注册证号H20080111,接受重大骨科手术的患者磺达肝癸钠的推荐剂量为2.5mg，每日一次，手术后皮下注射给药。假设手术后已经止血，初始剂量应在手术结束6小时后给予。治疗应持续直至静脉血栓栓塞的风险已减少，通常直至患者起床走动，至少术后5至9天。经验显示：在接受髋关节骨折手术的患者中，静脉血栓栓塞的风险持续至术后9天以上。在这些患者中，应延长预防使用磺达肝癸钠的时间，需再增加24天（见【药理毒理】部分）。不稳定性心绞痛/非,3
磺酰脲,磺酰脲,,,,1
磺酰脲类,磺酰脲类,,,,1
磺酰脲类药物,磺酰脲类药物,,,,3
磺酰脲类降糖药,磺酰脲类降糖药,,,,1
磺酰脲类降血糖药,磺酰脲类降血糖药,,,,1
神曲胃痛,神曲胃痛|神曲胃痛胶囊|神曲茶、大黄、颠茄浸膏、姜粉、氢氧化铝、碳酸氧钠。,神曲茶、大黄、颠茄浸膏、姜粉、氢氧化铝、碳酸氧钠。,,口服，一次2-3粒，一日3次。,2
神经肌肉阻断剂,神经肌肉阻断剂,,,,2
神经肌肉阻断药,神经肌肉阻断药,,,,5
神经肌肉阻滞剂,神经肌肉阻滞剂,,,,4
神经肌肉阻滞药,神经肌肉阻滞药,,,,5
神经节阻滞剂,神经节阻滞剂,,,,2
神经阻滞剂,神经阻滞剂,,,,1
福辛普利钠,本品主要成份为福辛普利钠|福辛普利钠|福辛普利钠片,,,口服，成人和大于12岁的儿童的用法与用量如下：1.不用利尿剂治疗的高血压病人：剂量范围为每日10-40mg，单次服药，与进餐无关，病人服用正常初始剂量为10mg，每日一次。约四周后，根据血压的反应适当调整剂量。剂量超过每日40mg，不增强降压作用。如单独使用不能完全控制血压，可加服利尿剂。2.同时服用利尿剂治疗的高血压病人：在开始用本品治疗前，利尿剂最好停服几天以减少血压过份下降的危险。如果经约4,3
秋水仙碱,本品主要成分为秋水仙碱。|秋水仙碱|秋水仙碱片,本品主要成分为秋水仙碱。,,口服。1、急性期：成人常用量为每1-2小时服0.5-1mg，直至关节症状缓解，或出现腹泻或呕吐，达到治疗量一般为3-5mg，24小时内不宜超过6mg，停服72小时后一日量为0.5-1.5mg，分次服用，共7天。2、预防：一日0.5-1mg，分次服用，但疗程酌定，如出现不良反应应随时停药。3、5岁以下：0.5mg/天；5-10岁：1mg/天；10岁以上：1.5mg/天。单次给药，在剂量高于1mg/天,16
穿心莲,本品主要成分穿心莲。|穿心莲|穿心莲片,本品主要成分穿心莲。,国药准字Z44022309,口服。一次1～2片（大片），一日3次。,3
穿心莲软,穿心莲。辅料为司盘-80、蜂蜡、大豆色拉油。|穿心莲软|穿心莲软胶囊,,国药准字Z20080501,口服，一次2~3粒，一日3~4次。,3
穿琥宁,主要成份穿琥宁。|穿琥宁|穿琥宁注射液,,国药准字H20057137,1.肌肉注射。成人：一次40～80mg。一日1～2次。|2.静脉滴注。成人：一日400～800mg，用适量氯化钠注射液分二次稀释后滴注，每次不得超过400mg。,3
穿琥宁氯化钠,穿琥宁氯化钠|穿琥宁氯化钠注射液,,国药准字H20050240,"静脉滴注一日400～800mg,分两次滴注,每次不超过400mg,小儿酌减,或遵医嘱。",3
穿龙骨刺,穿山龙﹑淫羊藿﹑狗脊﹑川牛膝﹑熟地黄﹑枸杞子。|穿龙骨刺|穿龙骨刺胶囊,穿山龙﹑淫羊藿﹑狗脊﹑川牛膝﹑熟地黄﹑枸杞子。,国药准字Z20080430,口服。一次6～8粒，一日3次。,3
筒箭毒碱,筒箭毒碱,,,,1
米格列奈钙,主要组成成分本品的主要成份为米格列奈钙。|米格列奈钙|米格列奈钙胶囊,,,餐前5分钟内口服。通常成人每次10mg，每日3次。可根据患者的治疗效果酌情调整剂量。,2
米格列醇,米格列醇,,,,1
米氮平,主要组成成分：米氮平。|米氮平|米氮平片,主要组成成分：米氮平。,,口服，可随水吞服，不要咀嚼。成人治疗起始剂量为每日一次，每次15mg(1/2片)，而后逐步加大剂量以达最佳疗效，有效口服剂量通常为每天15-45mg(1/2片-1.5片)。有肝肾功能损伤的病人，米氮平的清除能力下降，因而这类病人用药时，应予以注意。米氮平的半衰期为20-40小时，因而用药可以一天一次，于睡觉前服下效果更佳。也可分服，早晚各一次。病人应持续服药，最好在症状完全消失4-6个月后再停药。,3
米诺地尔凝胶,本品每克含米诺地尔22毫克。辅料为：卡波姆、乙醇、丙二醇、硫代硫酸钠、三乙醇胺。|米诺地尔凝胶,,,局部外用，一日2次，一次1克。涂于头部患处；过多使用并不增加疗效；应坚持使用。,3
米诺地尔搽剂,本品每瓶含米诺地尔1.2克。辅料为：乙醇，丙二醇。|米诺地尔搽剂,,,局部外用，每次1ml（米诺地尔20mg，约喷6次），涂于头部患处，从患处的中心开...,3
米诺地尔酊,每瓶含米诺地尔4.5克。辅料为：1，2-丙二醇、乙醇。|米诺地尔酊,,,局部外用：每次1ml（米诺地尔50mg，约7喷），涂于头部患处，从患处的中心开始...,3
米贝地尔,米贝地尔,,,,2
米达唑仑,米达唑仑,,,,4
米非司酮,米非司酮,,,,1
粉尘螨滴剂,粉尘螨Dermatophagoidesfarinae代谢培养基生理盐水浸出液。|粉尘螨滴剂,粉尘螨Dermatophagoidesfarinae代谢培养基生理盐水浸出液。,国药准字S20060012,滴于舌下，含1分钟后吞服，每日一次。用量：疗程：两年，疗程越长，疗效越好。注：每瓶畅迪可服用的时间为：1-3号各1周，4号约2周，5号约3周。,3
粘菌素,粘菌素,,,,2
粘菌素甲磺酸钠,粘菌素甲磺酸钠,,,,5
精制银翘解毒,精制银翘解毒|精制银翘解毒片|金银花、桔梗、连翘、淡竹叶、荆芥穗、甘草、牛蒡子、淡豆豉、薄荷脑、扑热息痛。,金银花、桔梗、连翘、淡竹叶、荆芥穗、甘草、牛蒡子、淡豆豉、薄荷脑、扑热息痛。,,口服。一次3～5片，一日2次。,2
精氨酸,本品主要成分为盐酸精氨酸。|精氨酸,本品主要成分为盐酸精氨酸。,,本品不同剂型、不同规格的用法用量可能存在差异，请阅读具体药物说明书使用，或遵医嘱。1、盐酸精氨酸片：一次3-6片，一日3次。2、盐酸精氨酸注射液：一次15-20g，于4小时以上滴完或遵医嘱。,3
精氨酸布洛芬,本品主要成份为精氨酸布洛芬|精氨酸布洛芬|精氨酸布洛芬颗粒,,,成人和12岁以上患者，通常口服一次剂量：0.4g（1包），一日2-3次。将药品放...,3
糖皮质激素,糖皮质激素,,,,9
糖皮质类固醇,糖皮质类固醇,,,,1
糖蛋白IIb/IIIa拮抗剂,糖蛋白IIb/IIIa拮抗剂,,,,1
糜蛋白酶,糜蛋白酶,,,,1
糠酸莫米松鼻,本品主要成份为：糠酸莫米松；分子式：C24H30Cl2O6；分子量：521.43|糠酸莫米松鼻|糠酸莫米松鼻喷雾剂,,,季节过敏性或常年性鼻炎:通常先手揿喷雾器6-7次作为启动，直至看到均匀的喷雾，然后鼻腔给药，每喷喷出糠酸莫米松混悬液100mg，内含糠酸莫米松一水合物，相当于糠酸莫米松50μg，如果喷雾器停用14日以上，则在以后应用时应重新启动。在每次用药前充分振摇容器。1.成人(包括老年患者)和青年:用于预防和治疗的常用推荐量为每侧鼻孔2喷(每喷为50μg)一日1次(总量为200μg)，症状被控制后，剂量可减至,3
系统皮质激素,系统皮质激素,,,,1
索他洛尔,索他洛尔,,,,4
索立夫定,索立夫定,,,,3
紫杉醇,主要成份:紫杉醇。全部辅料:聚氧乙基-35-蓖麻油，无水柠檬酸、乙醇。|紫杉醇|紫杉醇注射液,,国药准字H20064300,紫杉醇只能静脉输注给药，不能通过颅内?胸腔内或腹腔内给药。紫杉醇注射液需稀释后方可静脉输注。静脉输注紫杉醇前须确定插管位置正确，否则由于不正确的输注将导致药液外渗?组织坏死和/或血栓性静脉炎。所有患者在接受紫杉醇治疗之前均须预防性用药，以防止严重的过敏反应发生。每一治疗周期前须预防性用药如下:1.地塞松20mg:紫杉醇开始输注前12小时和6小时，口服。2.异丙嗪25-50mg:紫杉醇开如输注前30,7
红大戟,红大戟,,,,4
红霉素,本品主要成分为红霉素。|红霉素|红霉素软膏|葡萄糖酸红霉素,本品主要成分为红霉素。,,局部外用，取本品适量，涂于患处，每日2次。,146
红霉素乳糖酸盐,红霉素乳糖酸盐,,,,1
纤维素磷酸钠,纤维素磷酸钠,,,,5
组胺,组胺,,,,2
细胞色素P450系统代谢药,细胞色素P450系统代谢药,,,,1
细辛,细辛,,,,1
结合雌激素,本品主要成分:结合雌激素。|结合雌激素|结合雌激素片,本品主要成分:结合雌激素。,国药准字J20050120,1.本品为处方药品，凭医生处方用药.在给予有子宫的绝经后妇女进行雌激素治疗时，应该同时加用孕激素，以减少发生子宫内膜癌的风险.无子宫的妇女则不必加用孕激素.雌激素单独使用或与孕激素联合使用，需在权衡妇女个体治疗目标和风险的情况下，使用最低有效剂量和最短疗程.患者应该根据临床需要定期(如每3个月或者6个月)进行再评估，来决定是否仍然需要治疗(见[注意事项]-警告).对于有子宫的妇女，当出现诊断不明的,4
络活喜,本品主要成分为苯磺酸氨氯地平。本品辅料包括：微晶纤维素，无水磷酸氢钙，乙醇酸淀粉钠，硬脂酸镁。|络活喜,,5mg：国药准字H10950224；10mg：国药准字H20093660。,成人：通常本品治疗高血压的起始剂量为5mg，每日一次，最大剂量为10mg，每日一次。身材小、虚弱、老年、或伴肝功能不全患者，起始剂量为2.5mg，每日一次；此剂量也可为本品联合其它抗高血压药物治疗的剂量。剂量调整应根据患者个体反应及目标血压进行。一般应在调整步骤之前等待7-14天。如临床需要，在对患者进行严密监测的情况下，也可以快速地进行剂量调整。治疗慢性稳定性或血管痉挛性心绞痛的推荐剂量是5-1,3
维A酸,主要成份:维A酸。|本品主要成份为醋酸奥曲肽。辅料、乳酸，甘露醇。|维A酸|维A酸乳膏|维A酸片,,国药准字H20061309|国药准字H50021816,口服：每日2～3次，每次10mg。 || 局部外用。洗净患处后，取适量本品涂于患处，每晚睡前1次。,12
维C银翘,维C银翘|维C银翘片|金银花、连翘、荆芥、淡豆豉、牛蒡子、桔梗、薄荷油、芦根、淡竹叶、维生素C、马来酸氯苯那敏、对乙酰氨基酚等13味。?,,,口服，一次2片，一日3次。,3
维D2乳酸钙,本品为复方制剂，每粒含维生素D20.0126毫克500单位，乳酸钙0.16克。辅料为：柠檬黄、香草醇0.6毫克。|维D2乳酸钙|维D2乳酸钙片,,,口服。成人及小儿一次1片。一日1次。,3
维D2果糖酸钙,维D2果糖酸钙|维D2果糖酸钙注射液,,国药准字H44024750,肌内或皮下注射。成人：一次1-2ml。每日或隔日注射一次，小儿一日1ml，用前必须摇匀。,3
维D2磷葡钙,本品为复方制剂，每片含葡萄糖酸钙0.197克、磷酸氢钙0.139克、维生素D2100单位。辅料为：蔗糖、奶粉、食用色素、香精、甘油、硬脂酸镁。|维D2磷葡钙|维D2磷葡钙片,,,嚼后服用。成人一次2片，一日3次。,2
维D2磷酸氢钙,本品含维生素D2500单位，磷酸氢钙150毫克。|维D2磷酸氢钙|维D2磷酸氢钙片,本品含维生素D2500单位，磷酸氢钙150毫克。,,口服。成人及儿童一次1片，一日1次。咀嚼后服用。,3
维D钙,本品为复方制剂，每片含碳酸钙0.75克相当于钙300毫克，维生素D100国际单位。辅料为：|维D钙|维D钙咀嚼片,,国药准字J20100033,口服，咀嚼后咽下。儿童，一次1片；成人，一次2片；一日1次。,3
维U颠茄铝,本品为复方制剂，其组分为：每片含氢氧化铝140毫克，维生素UII碘甲基蛋氨酸50毫克，颠茄浸膏10毫克。辅料：微晶纤维素、羧甲淀粉钠、低取代羟丙基纤维素、聚维酮K30、交联聚维酮、淀粉、硬脂酸镁、二氧化铝。|本品为复方制剂，每粒含维生素U碘甲基蛋氨酸50毫克，氢氧化铝140毫克，颠茄浸膏10毫克。辅料为：|维U颠茄铝|维U颠茄铝分散片|维U颠茄铝胶囊,,国药准字H23023640,口服。成人一次1片，一日3次。推荐疗程为2周。 || 口服。成人一次1粒，一日3次。,6
维参锌,本品为复方制剂，其组分：每粒含人参0.125g，维生素E0.025g，花粉素0.025g，硫酸锌0.85mg。|维参锌|维参锌胶囊,,,口服，晨服一次2粒，一日1次，三个月为一疗程，间隔1-2月后可再用药。,3
维库溴铵,维库溴铵,,,,9
维拉帕米,异搏停|异搏定|维拉帕米,,,,46
维格列汀,活性成份：维格列汀。|维格列汀|维格列汀片,,,"成人：当维格列汀单药治疗或与二甲双胍合用时，或与胰岛素联合使用时(合用或不合用二甲双胍)，维格列汀的每日推荐给药剂量为100mg,早晚各给药一次，每次50mg.当维格列汀与磺脲类药物合用时，维格列汀的推荐剂量为50mg每日一次，建议早晨给药。并可考虑使用较低剂量的磺脲类药物以降低低血糖的风险。不推荐使用100mg以上的剂量。本品可以餐时服用，也可以非餐时服用(请参见【药代动力学】)。特殊人群：肾功",2
维生素,维生素,,,,2
维生素A,维生素A,,,,15
维生素AD滴剂1岁以上,每克含维生素A2000单位和维生素D700单位。|维生素AD滴剂1岁以上,每克含维生素A2000单位和维生素D700单位。,,口服。将胶囊尖端剪开或刺破，将液体滴入婴儿口中或直接嚼服胶丸。1岁以上小儿，一次...,2
维生素AD滴剂1岁以下,每克含维生素A1500单位和维生素D700单位。|维生素AD滴剂1岁以下,每克含维生素A1500单位和维生素D700单位。,,口服。将胶囊尖端剪开或刺破，将液体滴入婴儿口中或直接嚼服胶丸。1岁以下小儿，一次...,2
维生素AD滴剂胶囊剂,本品为复方制剂，每粒含维生素A2000单位、维生素D700单位。辅料为|维生素AD滴剂胶囊剂,,,口服。将软囊滴嘴开口后，内容物滴入婴儿口中（开口方法：建议采用将滴嘴在开水中浸泡...,3
维生素AD滴剂胶囊型,本品为复方制剂，每粒含维生素A1800单位、维生素D3600单位。辅料为：植物油，胶囊用明胶，甘油，纯化水。|维生素AD滴剂胶囊型,,,口服：一次维生素A5000-1.5万单位，维生素D500-1500单位(约2-7滴)，一日2-3次(1g约相当于22滴)；小儿：一日一次，一周以下，维生素A1500单位，维生素D500单位(约304滴)。1-3岁周岁，维生素A2000单位，D700单位(约4-5滴)。3-6周岁，维生素A2500单位，维生素D800单位(约6-7滴)。6周岁以上酌量增加。,3
维生素AD滴剂胶囊型0-1岁,本品为复方制剂，每粒含维生素A1500单位，维生素D2500单位。辅料为：鱼肝油、精制植物油、甘油、明胶、羟苯乙脂。|维生素AD滴剂胶囊型0-1岁,,,口服。将软囊滴嘴开口后，内容物滴入婴儿口中(开口方法：建议采用将滴嘴在开水中浸泡30秒，使胶皮融化)。1岁以下小儿，一次1粒，一日1次。,3
维生素AD滴剂胶囊型1岁以上,本品为复方制剂，每粒含维生素A2000单位，维生素D3700单位。辅料为精制植物油、茴香醚、枸橼酸和药用明胶。|维生素AD滴剂胶囊型1岁以上,,,口服，将软囊滴嘴开口后，内容物滴入婴儿口中(开口方法：建议采用将滴嘴在开水中浸泡30秒，使胶皮融化)。1岁以上小儿，1次1粒，1日1次。,3
维生素AD滴剂胶囊型1岁以下,本品为复方制剂，每粒含维生素A1500单位，维生素D500单位，辅料为精制植物油、茴香醚、枸缘酸和药用明胶。|维生素AD滴剂胶囊型1岁以下,,,口服，将软囊滴嘴开口后，内容物滴入婴儿口中(开口方法：建议采用将滴嘴在开水中浸泡30秒，使胶皮融化)。1岁以下小儿。一次1粒，一日1次。,3
维生素AD软,本品为复方制剂，每粒含主要成份维生素A3000单位，维生素D300单位。|维生素AD软|维生素AD软胶囊,,,口服。成人，一次1粒，一日1～2次。,3
维生素AD软胶囊0-1岁,本品为复方制剂，每粒含主要成份维生素A1500单位，维生素D500单位|维生素AD软胶囊0-1岁,,,口服。一次1粒，一日1～2次。,3
维生素A棕榈酸酯眼用凝胶,维生素A棕榈酸酯|维生素A棕榈酸酯眼用凝胶,维生素A棕榈酸酯,,成人根据个体病情调整剂量，通常每次1滴，每天3次或每小时1滴。,3
维生素A胶,维生素A|维生素A胶|维生素A胶丸,维生素A,,口服。成人一日1粒。,3
维生素A软,维生素A|维生素A软|维生素A软胶囊,维生素A,,口服。成人一日1粒。,3
维生素B,本品主要成分为维生素B、核黄素磷酸钠、维生素6、烟酰胺、右旋泛酸钙。|维生素B,本品主要成分为维生素B、核黄素磷酸钠、维生素6、烟酰胺、右旋泛酸钙。,,本品不同剂型、不同规格的用法用量可能存在差异，请阅读具体药物说明书使用，或遵医嘱。复合维生素B片：口服，成人一次1-3片，儿童一次1-2片；一日3次。复合维生素B注射液：肌内或皮下注射。常用量一次2ml，或遵医嘱。,4
维生素B1,本品主要成分为维生素B1。|本品的主要成分为维生素B1。|维生素B1|维生素B1片,本品主要成分为维生素B1。|本品的主要成分为维生素B1。,,口服，成人，一次1片，一日3次。 || 本品不同剂型、不同规格的用法用量可能存在差异，请阅读具体药物说明书使用，或遵医嘱。维生素B1注射液：肌内注射。成人重型脚气病，一次50-100mg，每天3次，症状改善后改口服；小儿重型脚气病，每日10-25mg，症状改善后改口服。维生素B1片：口服。成人，一次1片，一日3次。,8
维生素B12,本品主要成分为维生素B12。|维生素B12|维生素B12片,本品主要成分为维生素B12。,,口服。一日25-100μg或隔日50-200μg分次服用或遵医嘱。 || 本品不同剂型、不同规格的用法用量可能存在差异，请阅读具体药物说明书使用，或遵医嘱。维生素B12注射液：肌注，成人，一日0.025-0.1mg（0.05-0.2支）或隔日0.05-0.2mg（0.1-0.4支），共2周。用于神经炎时，用量可酌增。本品也可用于穴位封闭。维生素B12片：口服。一日25-100μg或隔日50-200μg分次服用或遵医嘱。维生素B12滴眼液：滴眼，每日三次，每次2-3滴。,15
维生素B2,本品主要成份为维生素B2。|维生素B2|维生素B2片,维生素B2,,口服，成人，一次1片，一日3次。 || 本品不同剂型、不同规格的用法用量可能存在差异，请阅读具体药物说明书使用，或遵医嘱。维生素B2片：口服，成人，一次1-2片，一日3次。维生素B2注射液：成人每日的需要量为2-3mg，治疗口角炎、舌炎、阴囊炎时，皮下注射或肌注一次5-10mg，每日1次，连用数周。,8
维生素B6,本品主要成分为维生素B6。|维生素B6|维生素B6片,本品主要成分为维生素B6。,,口服，成人一日1-2片；儿童一日0.5-1片，连用3周。 || 本品不同剂型、不同规格的用法用量可能存在差异，请阅读具体药物说明书使用，或遵医嘱。维生素B6注射液、注射用维生素B6：皮下注射、肌内或静脉注射。1次50mg-100mg（0.5-1支），1日1次。用于环丝氨酸中毒的解毒时，每日300mg或300mg以上（3支或3支以上）。用于异烟肼中毒解毒时，每1g异烟肼给1g维生素B6静注。维生素B6片：口服。成人，一日1-2片；儿童，一日0.5-1片，连用3周,10
维生素B复合物,维生素B复合物,,,,1
维生素B族,维生素B族,,,,2
维生素B类,维生素B类,,,,1
维生素C,本品主要成分为维生素C。|本品每片含主要成份维生素C1克。辅料为柠檬香精，橙味香精，喹啉黄，糖精钠，碳酸氢钠，氯化钠，蔗糖，酒石酸细晶体。|维生素C|维生素C咀嚼片|维生素C泡腾片|维生素C片,本品主要成分为维生素C。|维生素C,国食健字G20041200,口服。1、用于补充维生素C：成人一日50－100mg。2、用于治疗维生素C缺乏：成人一次100－200mg，一日3次。儿童一日100－300mg。至少服2周。 || 咀嚼后吞服，成人常用量一次1片，一日3次。 || 将本品放入一杯冷水或热水中，溶解后便成为一杯鲜甜味美的柠檬味饮品。成人每日一片，儿童每日半片。,33
维生素C葡萄糖,本品主要成分维生素C和葡萄糖。|维生素C葡萄糖|维生素C葡萄糖注射液,本品主要成分维生素C和葡萄糖。,国药准字H20020216,?静脉滴注。每日0.25～0.5g；必要时，成人每次2～4g，每日1～2次或遵医嘱。,3
维生素C钙,本品主要成份为维生素C钙。|维生素C钙|维生素C钙胶囊,,,口服。成人一次1粒，一日1-3次，或遵医嘱。,3
维生素C钠,维生素C钠|维生素C钠胶囊,维生素C钠,,口服。一次1～3粒，—口1～3次。,3
维生素D,本品主要成分为维生素D。|维生素D|维生素D及其衍生物制剂,本品主要成分为维生素D。,,本品不同剂型、不同规格的用法用量可能存在差异，请阅读具体药物说明书使用，或遵医嘱。维生素D滴剂：口服，成人与儿童一日1-2粒。,36
维生素D2,本品主要成份：维生素D2。|维生素D2|维生素D2注射液,,国药准字H37021791,肌内注射:一次7.5mg～1.mg(30万～60万单位)，病情严重者可于2～4周后重复注射1次。,3
维生素D3,维生素D3,,,,1
维生素D制剂,维生素D制剂,,,,1
维生素D及其衍生物制剂,维生素D及其衍生物制剂,,,,1
维生素D滴剂,本品每粒含维生素D3400单位。辅料为：植物油、明胶、甘油、纯化水。|维生素D滴剂,,,口服。成人与儿童一日1—2粒。,3
维生素D滴剂胶囊型,本品每粒含维生素D400单位。辅料为：植物油、胶囊用明胶、甘油、纯化水。|维生素D滴剂胶囊型,,,口服。成人与儿童一日1-2粒。,3
维生素E,维生素E,,,,10
维生素EC,本品每袋含维生素E100毫克、维生素C200毫克。辅料为白砂糖、淀粉、枸橼酸、柠檬酸。|维生素EC|维生素EC颗粒,,,口服。成人一次1包，一日1次。用水冲服或嚼服。,3
维生素E软,本品每粒含主要成份维生素E100毫克。辅料为：食用油、明胶、甘油、防腐剂尼泊金乙酯。|维生素E软|维生素E软胶囊,,,口服。成人，一次10～100毫克，一日2-3次。,3
维生素E软胶囊天然型,本品每粒含维生素E100毫克。辅料为植物油。|维生素E软胶囊天然型,,,口服。成人，一次1粒，一日2-3次。,3
维生素K,维生素K|维生素K注射液,,,,3
维生素K1,维生素K1,,,,1
维生素K3,维生素K3,,,,3
维生素类,维生素类,,,,1
维甲酸,维甲酸,,,,1
维胺,"本品为复方制剂，每袋含维生素C500毫克、叶酸0.5毫克、维生素B1，15毫克、维生素B2，15毫克、维生素B6,4毫克、维生素B12，0.005毫克、泛酸钙18毫克、烟酰胺100毫克。辅料为：蔗糖、糊精。|维胺|维胺颗粒",,,口服。成人一日1袋。,2
维胺酯,本品主要成份为维胺酯。|维胺酯|维胺酯胶囊,,,成人每次1-2粒，每日三次。,3
维胺酯维E,本品为复方制剂，每克含维胺酯3毫克，维生素E5毫克。辅料为：硬脂酸、单硬脂酸甘油酯、羊毛脂、白凡士林、甘油、十二烷基硫酸钠、羟苯乙酯。|维胺酯维E|维胺酯维E乳膏,,,外用，一日1-2次，先将患部皮肤用温水洗净擦干后，均涂擦一层，睡前使用更佳。,3
维血康,党参、熟地黄、黑豆、山药、陈皮、砂仁、何首乌、硫酸亚铁、山楂。|维血康|维血康糖浆,党参、熟地黄、黑豆、山药、陈皮、砂仁、何首乌、硫酸亚铁、山楂。,,口服，成人一次20ml，小儿一次10ml，一日3次。,2
缩宫素,本品主要成份为缩宫素。每100ml中含三氯叔丁醇0.2g。辅料名称：三氯叔丁醇、注射用水。|缩宫素|缩宫素注射液,,国药准字H31020850,（1）引产或催产静脉滴注，一次2.5～5单位，用氯化钠注射液稀释至每1ml中含有0.01单位。静滴开始时每分钟不超过0.001～0.002单位，每15～30分钟增加0.001～0.002单位，至达到宫缩与正常分娩期相似，最快每分钟不超过0.02单位，通常为每分钟0.002～0.005单位。（2）控制产后出血每分钟静滴0.02～0.04单位，胎盘排出后可肌内注射5～10单位。,3
缩宫素鼻,缩宫素|缩宫素鼻|缩宫素鼻喷雾剂,缩宫素,国药准字H20020045,参见详细说明,3
缬沙坦,本品主要成份为缬沙坦。|本品主要成分:缬沙坦。|缬沙坦|缬沙坦分散片|缬沙坦胶囊,本品主要成分:缬沙坦。,国药准字H20050508,1.推荐剂量:本品80mg，每天一次。剂量与种族?年龄?性别无关。 2.可以在进餐时或空腹服用(见吸收)。建议每天在同一时间用药(如早晨)。 3.用药2周内达确切降压效果，4周后达最大疗效。降压效果不满意时，每日剂量可增加至160mg，或加用利尿剂。 4.肾功能不全(严重肾衰见禁忌)及非胆管源性?无淤胆的肝功能不全患者无需调整剂量。 5.缬沙坦可以与其他抗高血压药物联合应用。 || 1、推荐剂量为80mg，每日一次，与性别、年龄及种族无关。2周内出现抗高血压作用，4周后作用达最大。未能充分控制血压的患者，日剂量可增至160mg或加用利尿剂。本药可与其他抗高血压制剂合用。2、对轻到中度肾功能损伤患者或非胆管性及非胆汁瘀积型肝功能不全患者无需调整剂量。3、老年患者无需调整剂量。4、尚无用于儿童患者的安全性和有效性资料。5、高血压患者服用本药，在血压下降同时不影响心率。6、突然停用 || 本品不同剂型、不同规格的用法用量可能存在差异，请阅读具体药物说明书使用，或遵医嘱。1、推荐剂量为80mg，每日一次，与性别、年龄及种族无关。可以在进餐时或空腹时服用。建议每天在同一时间用药（如早晨）。2、2周内出现抗高血压作用，4周后作用达最大。未能充分控制血压的患者，日剂量可增至160mg或加用利尿剂。本药可与其他抗高血压制剂合用。3、对轻到中度肾功能损伤患者或非胆管性及非胆汁瘀积型肝功能不全患,10
缬沙坦氨氯地平片Ⅰ,本品为复方制剂，其主要组分为缬沙坦和氨氯地平。|每片含缬沙坦80mg，氨氯地平5mg。|缬沙坦氨氯地平片Ⅰ,本品为复方制剂，其主要组分为缬沙坦和氨氯地平。|每片含缬沙坦80mg，氨氯地平5mg。,H20100734,1、氨氯地平每日一次2.5mg至10mg对于治疗高血压有效，而缬沙坦有效剂量为80mg至320mg。在每日一次缬沙坦氨氯地平片治疗的临床试验中，使用5mg-10mg的氨氯地平和80mg-320mg的缬沙坦，降压疗效随着剂量升高而增加。2、缬沙坦的不良反应通常与剂量无关，氨氯地平的不良反应既有剂量依赖性的（主要是外周水肿）也有剂量非依赖性的，前者比后者常见。3、用单药治疗不能充分控制血压的患者，可以 || 氨氯地平每日一次2.5mg至10mg对于治疗高血压有效，而缬沙坦有效剂量为80mg至320mg。在每日一次缬沙坦氨氯地平片治疗的临床试验中，使用5mg-10mg的氨氯地平和80mg-320mg的缬沙坦，降压疗效随着剂量升高而增加。缬沙坦的不良反应通常与剂量无关，氨氯地平的不良反应既有剂量依赖性的（主要是外周水肿）也有剂量非依赖性的，前者比后者常见。用单药治疗不能充分控制血压的患者，可以改用本品。★,6
罂粟碱,罂粟碱,,,,2
罗库溴铵,本品主要成份及其化学名称为：罗库溴铵赋形剂成份：罗库溴铵注射液中含有下列赋形剂：乙酸钠、氯化钠、乙酸及注射用水。|罗库溴铵|罗库溴铵注射液,,注册证号H20130486,剂量和其他肌松药一样，罗库溴铵的给药剂量应个体化。在确定用药剂量时应适当考虑以下因素：麻醉方法、手术时间、镇静方法和机械通气的时间，同时应用的其他药物的相互作用以及病人情况等。建议采用适当的肌松监测技术，以评定肌松深度和恢复状况。吸入麻醉药确可增强罗库溴铵的肌松作用，然而临床上这种药物的协同作用只有当吸入麻醉药在组织中浓度达到产生该作用所需浓度时才具有临床意义。因此，在吸入麻醉下长时间手术(超过1,3
罗替高汀,本品主要成份为罗替高汀化学名称：6S-6-｛丙基2-2-噻吩基乙基］氨基｝-5，6，7，8-四氢-1-萘分子式：C19H25NOS分子量：315.48|罗替高汀|罗替高汀贴片,,,1.用法：本品一日一次，每日应在同一时间使用。将本品在皮肤上保留24小时，然后在皮肤的另一部位更换一张新的贴片。如果患者忘记在每日的用药时间更换贴片或者贴片脱落，应在当天剩余时间内应用一张新的贴片。2.用量：推荐剂量以释药量表示。详见说明书。,3
罗格列酮,本品主要成份是罗格列酮。|罗格列酮|罗格列酮片,,国药准字H20041422,"糖尿病的治疗应个体化
本品的起始用量为4mg/日，每日1次，每次一片。经12周的治疗后，若空腹血糖控制不理想，可加量至8毫克/日，每日一次或分两次服用（早、晚各1次）。不同剂量和用法的血糖降低情况详见临床作用和临床试验章节。
本品可于空腹或进餐时服用。
单药治疗：本品的起始用量为4毫克/日，每日1次，每次一片。临床试验表明，服用4毫克/次、每日2次可更明显降低患者的空腹血糖和HbAlc水平。
与磺",6
罗格列酮钠,本品主要成份是罗格列酮钠。|罗格列酮钠|罗格列酮钠片,,,"口服,服药与进食无关。糖尿病治疗应个体化。单药治疗：初始剂量可为一日一片(4m...",3
罗红霉素,主要成份罗红霉素。|本品主要成份为罗红霉素。|本品主要成分为罗红霉素。|罗红霉素|罗红霉素。|罗红霉素分散片|罗红霉素片|罗红霉素胶囊,本品主要成分为罗红霉素。|罗红霉素。,国药准字H20020492,1.空腹口服，一般疗程为5～12日。|2.成人：一次150mg，一日2次；也可一次300mg，一日1次。|3.儿童：一次按体重2.5～5mg/kg，一日2次。 || 1、空腹口服，一般疗程为5-12日。2、成人一次150mg，一日2次；也可一次300mg，一日1次。3、儿童一次按体重2.5-5mg/kg，一日2次。 || 本品不同剂型、不同规格的用法用量可能存在差异，请阅读具体药物说明书使用，或遵医嘱。罗红霉素片：空腹口服，一般疗程为5-12日。成人一次150mg，一日2次；也可一次300mg，一日1次。儿童一次按体重2.5-5mg/kg，一日2次。罗红霉素颗粒：口服。1、成人：一次150mg（3袋），一日2次。2、儿童：体重24-40kg儿童，一次100mg（2袋），一日2次；12-23kg儿童，一次50mg（1,20
罗通定,本品主要主要成分为罗通定。|罗通定|罗通定片,本品主要主要成分为罗通定。,,口服。镇痛，成人一次60-120mg；助眠，成人一次30-90mg；一日3次。,3
美他多辛,本品主要成份为美他多辛。化学名称：吡多醇L-2吡咯烷酮-5-羧酸盐分子式：C13H18N2O6分子量：298.30|美他多辛|美他多辛。|美他多辛片|美他多辛胶囊,美他多辛。,,口服。一次0.5g(1片)，一日2次。 || 口服，一次0.5g（2粒），一日2次。,5
美克洛嗪,美克洛嗪,,,,2
美司钠,本品主要成分为美司钠。|美司钠|美司钠注射液,本品主要成分为美司钠。,国药准字H20093180,剂量/用药方式和时段:除经医师指导外，成人常用量为环磷酰胺、异环磷酰胺、trophasfamide剂量的20%，时间为0时段(即应用抗肿瘤制剂的同一时间)、4小时后及8小时后的时段。,4
美多洛尔,美多洛尔,,,,1
美尔奎宁,美尔奎宁,,,,1
美愈伪麻口服溶液,本品为复方制剂，每10毫升含愈创木酚甘油醚100毫克，盐酸伪麻黄碱30毫克，氢溴酸右美沙芬10毫克。辅料为：|美愈伪麻口服溶液,,国药准字H10950243,口服。成人一次10~20ml（1~2支），一日3~4次，一日服用量不超过80ml，疗程不超过7天。,3
美托拉宗,美托拉宗,,,,3
美托洛尔,倍他乐克|本品主要成分为酒石酸美托洛尔。|美托洛尔,本品主要成分为酒石酸美托洛尔。,,本品不同剂型、不同规格的用法用量可能存在差异，请阅读具体药物说明书使用，或遵医嘱。酒石酸美托洛尔片：口服。剂量应个体化，以免心动过缓的发生。应空腹服药，进餐时服药可使美托洛尔的生物利用度增加40%。1、治疗高血压：每日100-200mg，分1至2次服用。2、急性心肌梗死：主张在早期，即最初的几小时内使用，因为即刻使用在未能溶栓的患者中可减小梗死范围、降低短期（15天）死亡率（此作用在用药后24小时,11
美沙拉嗪,本品主要成份为美沙拉嗪。|美沙拉嗪|美沙拉嗪肠溶片,,,成人：溃疡性结肠炎：（急性发作）每日4次，每次1g（4片），或遵医嘱。（维持治...,3
美沙拉秦,本品主要成份为美沙拉秦。|本品主要成份是美沙拉秦。化学名称：5-氮基水杨酸5-AminosalicylicAcid；5-ASA分子式：C7H7NO3分子量：153.137|美沙拉秦|美沙拉秦缓释片|美沙拉秦肠溶片,,,口服，成人一般用量1~2片/次，一日3次。对于轻、中度的急症可增加到12片/日，... || 本品不可嚼碎服用。可掰开服用或置入水（桔汁）中成悬浮液后饮用。1.溃疡性结肠炎...,6
美沙拉秦栓,主要成份：美沙拉秦化学名称：5-氨基水杨酸分子式：C7H7NO3|美沙拉秦栓,,,推荐剂量：每日1枚(1g)，置入直肠部位。一般急性期的治疗需要持续2-4周，根据病程可以延长给药时间，本品可以长期使用。其它详见说明书。,2
美沙芬,美沙芬,,,,2
美沙酮,美沙酮,,,,6
美法仑,本品主要成分为美法仑。|美法仑|美法仑片,本品主要成分为美法仑。,H20110122,国为美法仑具有骨髓抑制作用，故在治疗期间内，必需频繁监测血象(血细胞计数)，必要时暂缓用药或调整剂量。或遵医嘱。成年口服用药:口服美法仑的吸收是易变的，为了确保达到可能的治疗水平。应谨慎增加剂量，直到出现出现骨髓抑制作用为止。多发性骨髓瘤:有多种治疗方案，应详细查阅文献，美法仑与强的松合用，可能比单用美法仑更有效，通常联合用药间歇进行。虽然延长连续用药的优越性仍未证实，但典型的剂量是每日每公斤体重,3
美洛昔康,化学名称：4-羟基-2-甲基-N-5-甲基-2-噻唑基-2H-1，2-苯并噻嗪-3-甲酰胺-1，1-二氧化物。|本品活性成份为美洛昔康。化学名称：2-甲基-4-羟基-N-5-甲基-2-噻唑基-2H-1，2-苯并噻嗪-3-甲酰胺-1，1-二氧化物分子式：C14H13N3O4S2分子量：351.40|美洛昔康|美洛昔康。|美洛昔康分散片|美洛昔康片|美洛昔康胶囊,美洛昔康。,国药准字H20030487,口服，用水或流质送服吞咽。 1.类风湿性关节炎：15毫克/天，根据治疗后反应，剂量可减至7.5毫克/天。 2.骨关节炎：7.5毫克/天，如果需要，剂量可增至15毫克/天。 3.对于不良反应有可能增加病人：治疗开始剂量7.5毫克/天。 4.严重肾衰竭病人透析时：剂量不应超过7.5毫克/天。 5.儿童适用的剂量尚未确定，目前只限于成人使用。 6.本品最大剂量建议为15毫克/天。 || 口服，用水或流质送服吞咽。1.类风湿性关节炎：每天15mg(2片)，根据治疗后反应，剂量可减至7.5mg(1片)/天。2.骨关节炎：7.5mg(1片)/天，如果需要，剂量可增至15mf(2片)/天。3.对于不良反应有可能增加的病人：治疗开始剂量7.5mg(1片)/天。4.严重肾衰竭的病人透析时：剂量不应超过7.5mg(1片)/天。美洛昔康分散片每日最大建议剂量为15mg(2片)。5.儿童适用的剂量 || 口服，用水或流质送服吞咽。类风湿性关节炎：每天15毫克（2片），根据治疗后的反...,9
美洛西林,美洛西林,,,,1
美索巴莫,本品主要成份为美索巴莫。|美索巴莫|美索巴莫片,,,口服。一次1片，一日3-4次，饭后服用。,2
美罗培南,本品的主要成分为美罗培南。|美罗培南,本品的主要成分为美罗培南。,,本品不同剂型、不同规格的用法用量可能存在差异，请阅读具体药物说明书使用，或遵医嘱。注射用美罗培南：1、用法：美罗培南静脉推注的时间应大于5分钟，静脉滴注时间大于15-30分钟。美罗培南推注时，应使用无菌注射用水配制（每5ml含250mg本品），浓度约50mg/ml。美罗培南可使用下列输液溶解：0.9%氯化钠注射液、5%或者10%葡萄糖注射液、葡萄糖氯化钠注射液。2、用量：成人给药剂量和时间间隔应根,3
美西律,本品主要成分为盐酸美西律。|美西律,本品主要成分为盐酸美西律。,,本品不同剂型、不同规格的用法用量可能存在差异，请阅读具体药物说明书使用，或遵医嘱。盐酸美西律片：口服。首次200-300mg（4-6片），必要时2小时后再服100-200mg（2-4片）。一般维持量每日约400-800mg（8-16片），分2-3次服。成人极量为每日1200mg（24片），分次口服。盐酸美西律胶囊：口服。首次200-300mg，必要时2小时后再服100-200mg。一般维持量每日约,4
美西林,美西林,,,,1
羚羊清肺,浙贝母、桑白皮蜜、前胡、麦冬、天冬、天花粉、地黄、玄参、石斛、桔梗、枇杷叶蜜、苦杏仁炒、金果榄、金银花、大青叶、枙子、黄芩、板蓝根、牡丹皮、薄荷、甘草、熟大黄、陈皮、羚羊角粉。|羚羊清肺|羚羊清肺胶囊,,,口服，一次2-3粒，一日3次,3
羟乙膦酸钠,本品主要成份为羟乙膦酸钠。|羟乙膦酸钠|羟乙膦酸钠片,,国药准字H10960307,口服。一次0.2g，一日2次，两餐间服用。,3
羟基脲,化学名称为：羟基脲。|羟基脲|羟基脲片,化学名称为：羟基脲。,,口服，CML每日20～60mg/kg，每周两次，6周为一疗程；头颈癌、宫颈鳞癌等...,3
羟氢可待酮,羟氢可待酮,,,,1
羟氯喹,羟氯喹,,,,1
羧甲司坦,本品主要成份为：羧甲司坦。其化学名称为：化学名为S-羧甲基-半胱氨酸。|羧甲司坦|羧甲司坦片,,,口服：成 人每次1片，一日三次；儿童按体重一次10mg/kg，一日3次，或遵医嘱...,3
羧甲司坦口服溶液,S-羧甲基-半胱氨酸。辅料：碳酸氢钠、阿斯巴甜、甘露醇、薄荷香精。|羧甲司坦口服溶液,,,口服。成人一次25毫升，一日3次。,3
羧甲基纤维素钠,羧甲基纤维素钠|羧甲基纤维素钠滴眼液,羧甲基纤维素钠,,完全扭断然后拉掉瓶盖，打开滴眼液瓶。滴1或2滴于患眼。用后即弃。,3
翁沥通,翁沥通|翁沥通胶囊|薏苡仁、浙贝母、川木通、栀子炒、金银花、旋覆花、泽兰、大黄、铜绿、甘草、炙黄芪。,薏苡仁、浙贝母、川木通、栀子炒、金银花、旋覆花、泽兰、大黄、铜绿、甘草、炙黄芪。,,饭后服，一次3粒，一日2次。,3
考来希胺,考来希胺,,,,1
考来替泊,考来替泊,,,,15
考来替泊树脂,考来替泊树脂,,,,1
考来烯胺,考来烯胺,,,,28
考来酰胺,考来酰胺,,,,3
耳毒性药物,耳毒性药物,,,,1
联磺甲氧苄啶,本品为复方制剂，每片含磺胺甲?唑200mg、磺胺嘧啶200mg及甲氧苄啶80mg|联磺甲氧苄啶|联磺甲氧苄啶片,本品为复方制剂，每片含磺胺甲?唑200mg、磺胺嘧啶200mg及甲氧苄啶80mg,,口服成人常用量为：一次2片，一日2次，首次剂量加倍。慢性支气管炎急性发作疗程至少...,3
联苯丁酮酸,联苯丁酮酸,,,,1
联苯双酯,主要成份为：联苯双酯|联苯双酯|联苯双酯滴丸,,,口服：滴丸剂，5粒/次，每日3次，必要时6～10粒/次，每日3次，3月，ALT正...,3
聚乙二醇4000,"本品主要成份为聚乙二醇4000,系环氧乙烷和水缩聚而成的混合物。|聚乙二醇4000|聚乙二醇4000散",,,适用于成人。口服，将袋内散剂溶于200～250ml水中后服用。每次1袋，每天1～2次。,2
聚乙二醇4000散剂,"本品活性成份为聚乙二醇4000,为环氧乙烷和水缩聚而成的混合物。|聚乙二醇4000散剂",,国药准字H20050809,每次1袋，每天1―2次；或每天2袋，一次顿服。每袋内容物溶于200毫升水中后服用，每日剂量可根据患者情况增减。,3
聚乙二醇干扰素α-2a,聚乙二醇干扰素α-2a,,,,1
聚乙烯醇,聚乙烯醇,,,,1
聚甲酚磺醛栓,本品的主要成份为聚甲酚磺|聚甲酚磺醛栓,,,阴道给药。将本品放入阴道深部，2天1次。如果采用聚甲酚磺醛浓缩液病灶烧灼，则于两次烧灼间隔日放入一粒栓剂，为了使用方便，患者最好取仰卧位，先将栓剂用水浸湿，然后插入阴道深部。通常以晚间睡前用药为宜，配合使用卫生带，防止污染衣物和被褥。,3
聚甲酚磺醛溶液,本品主要成份为聚甲酚磺醛。化学名称:亚甲基二羟基甲基苯磺酸聚合物分子式:C8H8O4Sn分子量:200.212n|聚甲酚磺醛溶液,,,"1.妇科：用于阴道冲洗时,聚甲酚磺醛溶液应按1：5的比例以水稀释,而用于局部涂抹或敷贴时则无需稀释,通常敷贴每周进行1-2次。治疗前先彻底清洁宫颈及宫颈管,去除分泌物。为此可将浸有聚甲酚磺醛溶液的棉签插入宫颈管,转动数次取出,然后再将浸有药液的纱布块轻轻敷贴于病变组织,持续1-3分钟。一般敷贴1-2分钟即可达到止血目的。2.外科与皮肤科：为了终止伤口出血,可将浸有聚甲酚磺醛溶液的纱布块压在出血部位",3
聚甲酚磺醛阴道栓,本品主要成份及其化学名称为：聚甲酚磺醛。|聚甲酚磺醛阴道栓,,,根据病情，可以隔日或每日使用一枚阴道栓剂，疗程由医生决定。如果用其溶液病灶烧灼，则于两次烧灼间隔日放入一枚阴道栓剂。使用时，患者最好取仰卧位，先将栓剂用水浸湿，然后插入阴道深部。通常以晚间睡前用药为宜。配合使用卫生带，防止污染衣物和被褥。如果外科手术中使用，应使用阴道塞，并在术后1-2小时后拿出阴道塞。,3
聚维酮碘,本品每支含聚维酮碘0.2克。辅料为：聚乙二醇4000、聚乙二醇400、甘油、十二烷基硫酸钠。|聚维酮碘|聚维酮碘乳膏,,,阴道给药法：1.将乳膏注入阴道深处（见示意图）。2.一次1支，一天1次，宜睡前使...,3
聚维酮碘凝胶,本品含聚维酮碘。|聚维酮碘凝胶,本品含聚维酮碘。,,阴道给药。一次5克，一日1次，7-10日为一疗程。于睡前将凝胶挤于阴道深部。病情...,3
聚维酮碘栓,本品每粒含主要成粉聚维酮碘0.2g，辅料为聚以二醇1000、聚以二醇4000。|聚维酮碘栓,,,阴道或直肠给药。每晚睡前一次，一次1枚，7～10日为一疗程。,3
聚维酮碘溶液,本品每毫升含主要成分聚维酮碘0.05克。辅料为乙二胺四乙酸二钠、碘酸押、碘化押、氢氧化钠、纯化水。|聚维酮碘溶液,,,外用。用棉签蘸取少量，由中心向外周局部涂搽。一日1-2次。,3
肌乙啶,肌乙啶,,,,1
肌松药,肌松药,,,,1
肌苷,肌苷,,,,1
肌苷葡萄糖,主要成份:肌苷。|肌苷葡萄糖|肌苷葡萄糖注射液,,国药准字H20030765,"静脉滴注。每次0.2～0.6g(以肌苷计),每日1～2次。",3
肚痛泻,关黄柏、肉桂、丁香、陈皮、木油、薄荷脑、颠茄草、甘草。辅料为蜂蜜。|肚痛泻|肚痛泻丸,,,口服。成人一次5-6丸，儿童减半，一日3次。疗程5天。,2
肝损害性药物,肝损害性药物,,,,1
肝毒性药物,肝毒性药物,,,,2
肝精补血素,党参、枸杞子、肝精膏、枸橼酸铁铵、维生素B1。|肝精补血素|肝精补血素口服液,党参、枸杞子、肝精膏、枸橼酸铁铵、维生素B1。,,口服，一次10-20ml，一日2次，饭后服用。,2
肝素,普通肝素|肝素,,,,114
肝素钠,肝素钠,,,,6
肠内营养乳剂TP,肠内营养乳剂TP|蛋白质3.4g、脂肪3.2g、饱和脂肪酸0.5g、必需脂肪酸1.9g,蛋白质3.4g、脂肪3.2g、饱和脂肪酸0.5g、必需脂肪酸1.9g,,本品通过管饲或口服使用，应按照患者体重和营养状况计算每日剂量。1、以本品为唯一营...,3
肠内营养混悬液SP,本品为复方制剂，其主要成份为水、麦芽糊精、乳清蛋白水解物、植物油、维生素、矿物质和微量元素等人体必需的营养要素。其组分为麦芽糊精88g，水解乳清蛋白20g，脂肪8.5g，钾0.75g，钠0.5g，钙0.4g，镁0.115g，磷0.36g，氯0.625g，铁8.0mg，锌6.0mg，铜0.9mg，锰1.65mg，氟0.5mg，碘0.065mg，钼0.05mg，铬33.5微克，砷28.5微克，维生素A0.41mgRE，维生素B10.75mg，维生素B20.8m，g维生素B60.85mg，维生素B12|肠内营养混悬液SP,,国药准字H20010285,口服或管道喂养。如瓶盖为皇冠盖，则先卸去皇冠盖，插上专用胶塞，插进输液导管;如瓶盖为输液瓶盖，则直接插进输液导管。连接前置入一根喂养管到胃，十二指肠或空肠上段部分。能量密度是1kcal/ml，正常滴速是100-125ml/h ( 开始时滴速宜慢)，剂量根据病人的需要，由医师处方而定。|1. 一般病人，每天给予2000kcal(500ml为4瓶)即可满足机体对营养的需求。|2. 高代谢病人(烧伤，多,3
肠内营养混悬液TPF,本品为复方制剂，其组分为水、麦芽糊精、酪蛋白、植物油．膳食纤维大豆多糖等、矿物质、维生素和微量元素等人体必需的营养要素。|肠内营养混悬液TPF,,,口服或管饲喂养。管饲喂养时，先置入一根喂养管到胃、十二指肠或空肠上端部分。正常滴...,3
肠内营养混悬液TPF-DM,本品为复方制剂，详见说明书。|肠内营养混悬液TPF-DM,本品为复方制剂，详见说明书。,,本品可以口服或管饲喂养。管饲喂养时，滴速建议从每小时20ml开始，由慢到快;最高不宜超过每小时125ml。剂量应由医师或营养师决定，并且根据患者的个体需要不同而调整。作为单一营养来源时:推荐剂量为平均每日25kcal/kg，平均每日2000ml(1500kcal)；作为营养补充时:根据患者需要使用，推荐剂量为平均每日1000ml(750kcal)。,3
肠康,盐酸小檗碱、木香、吴茱萸。|肠康|肠康胶囊,盐酸小檗碱、木香、吴茱萸。,国药准字Z20000131,口服，一次4粒，一日2次;或遵医嘱。,3
肠泰合剂,红参、白术、茯苓、甘草、双歧杆菌培养液，陈皮糖浆。|肠泰合剂,红参、白术、茯苓、甘草、双歧杆菌培养液，陈皮糖浆。,国药准字Z20027419,口服，一次10～20毫升，一日3次。,3
肠溶,肠溶|肠溶片,,,,6
肠炎宁,地锦草、黄毛耳草、樟树根、香薷、枫树叶。|肠炎宁|肠炎宁颗粒,地锦草、黄毛耳草、樟树根、香薷、枫树叶。,国药准字Z20060104,口服，一次1袋，一日3～4次；小儿酌减。,3
肠胃舒,彝医：草果、木香、蜘蛛香、紫地榆、草血竭。|肠胃舒|肠胃舒胶囊,彝医：草果、木香、蜘蛛香、紫地榆、草血竭。,国药准字Z20026659,口服，一次3-5粒，一日3次；儿童酌减。,3
肠舒止泻,人参、山药、苍术炒、黄连、黄柏、鸡矢藤、木香、砂仁、小茴香、肉豆蔻、诃子去核、山楂炒焦、甘草。辅料为羟丙甲纤维素。|人参、山药、苍术炒、黄连、黄柏、鸡矢藤、木香、砂仁、小茴香、肉豆蔻、诃子去核、山楂炒焦等13味。|肠舒止泻|肠舒止泻片|肠舒止泻胶囊,,国药准字Z20025064|国药准字Z20090692,口服，一次2～4片，一日3次。儿童酌减；或遵医嘱。 || 口服，一次2～4粒，一日3次。儿童酌减；或遵医嘱。,6
肠道吸附剂,肠道吸附剂,,,,4
肥皂,肥皂,,,,11
肥皂等清洁剂,肥皂等清洁剂,,,,1
肾上腺受体阻滞剂,肾上腺受体阻滞剂,,,,1
肾上腺皮质激素,肾上腺皮质激素,,,,17
肾上腺糖皮质激素,肾上腺糖皮质激素,,,,3
肾上腺素,肾上腺素,,,,24
肾上腺能神经阻滞剂,肾上腺能神经阻滞剂,,,,1
肾上腺色腙,本品主要成份为肾上腺色腙。|肾上腺色腙|肾上腺色腙片,,,口服:一次2.5～5.0mg(1~2片)，一日3次。,2
肾毒性药,肾毒性药,,,,1
肾毒性药物,肾毒性药物,,,,1
肾石通,肾石通|肾石通颗粒|金钱草王不留行蓄延胡索鸡内金烫丹参木香瞿麦牛膝海金沙,金钱草王不留行蓄延胡索鸡内金烫丹参木香瞿麦牛膝海金沙,,温开水冲服，一次 1袋，一日 2次。,3
胃乐,白及、木香、甘草提取物、薄荷油、颠茄流浸膏、橙皮酊、氧化镁、碳酸钙、氢氧化铝。|胃乐|胃乐胶囊,白及、木香、甘草提取物、薄荷油、颠茄流浸膏、橙皮酊、氧化镁、碳酸钙、氢氧化铝。,,口服，一次2-3粒，一日3次。,2
胃复宁,本品成分麦芽炒，六神曲炒，颠茄浸膏，鸡蛋壳。|胃复宁|胃复宁胶囊,本品成分麦芽炒，六神曲炒，颠茄浸膏，鸡蛋壳。,国药准字Z61020120,口服，一次4～6粒，一日3次。,3
胃康灵,白芍、白及、三七、甘草、茯苓、延胡索、海螵蛸、颠茄浸膏。辅料为碳酸氢钠。|白芍、白及、三七、甘草、茯苓、延胡索、海螵蛸、颠茄浸膏。辅料为糊精和蔗糖。|胃康灵|胃康灵胶囊|胃康灵颗粒,,,口服。一次4粒，一日3次。饭后服用。 || 开水冲服。一次1袋，一日3次。饭后服用。,6
胃欣舒,大黄、海螵蛸、浙贝母、颠茄浸膏、甘草浸膏、维生素U。|胃欣舒|胃欣舒胶囊,大黄、海螵蛸、浙贝母、颠茄浸膏、甘草浸膏、维生素U。,,口服，一次2粒，一日3次。,2
胃痛宁,胃痛宁|胃痛宁片|蒲公英提取物、龙胆粉、甘草干浸液、小茴香油、天仙子浸膏、氢氧化铝。辅料为羟丙甲纤维素、滑石粉、二氧化钛、乳糖、淀粉、硬脂酸镁、色素为黄氧化铁。,,,口服，一次3片，一日2-3次,3
胃蛋白酶,胃蛋白酶,,,,5
胃蛋白酶口服溶液,本品主要成份为胃蛋白酶，胃蛋白酶系自猪、羊或牛的胃粘膜中提取制得。每1毫升中胃蛋白酶活力不得少于14单位。辅料为：防腐剂苯甲酸钠、蔗糖、桔子香精、乙醇、糖精钠、焦糖、纯化水。|胃蛋白酶口服溶液,,,口服。一次20毫升，一日2~3次，饭后服用。,3
胃酶合剂,胃酶合剂,,,,3
胆囊造影剂,胆囊造影剂,,,,1
胆汁酸结合树脂,胆汁酸结合树脂,,,,1
胆胃康,胆胃康|胆胃康胶囊|青叶胆、西南黄芩、枳壳、竹叶柴胡、白芍、泽泻、茯苓、茵陈、淡竹叶、灯芯草。,青叶胆、西南黄芩、枳壳、竹叶柴胡、白芍、泽泻、茯苓、茵陈、淡竹叶、灯芯草。,国药准字Z20025134,口服， 一次1～2粒，一日3次；饭后服用。,3
胍乙啶,胍乙啶,,,,9
胞磷胆碱钠,本品主要成份:胞磷胆碱钠。|本品主要成份为胞磷胆碱钠。化学名称为：胆碱胞嘧啶核苷二磷酸酯的单钠盐。化学结构式分子式：C14H25N4NaO11P2分子量：510.31|胞磷胆碱钠|胞磷胆碱钠注射液|胞磷胆碱钠片,,国药准字H14021994,口服。每次2片（0.2g），每日3次，温开水送服。 || 静脉滴注:一日0.25～0.5g，用5%或10%葡萄糖注射液稀释后缓缓滴注，每5～10日为一疗程；单纯静脉注射:每次100～200mg。肌肉注射:一日0.1～0.3g，分1～2次注射。,6
胞磷胆碱钠氯化钠,本品主要成份为胞磷胆碱钠、氯化钠，辅料为注射用水。|胞磷胆碱钠氯化钠|胞磷胆碱钠氯化钠注射液,,国药准字H20063689,静脉缓缓滴注。一日0.25~0.5g，5~10日为一疗程。,3
胞磷胆碱钠葡萄糖,本品主要成分为胞磷胆碱钠。|胞磷胆碱钠葡萄糖|胞磷胆碱钠葡萄糖注射液,本品主要成分为胞磷胆碱钠。,国药准字H20050858,静脉缓慢滴注。一日0.25～0.5g，5～10日为一疗程。,3
胰升血糖素,胰升血糖素,,,,1
胰岛素,本品主要成分为胰岛素，或甘精胰岛素、德谷胰岛素、地特胰岛素、含有鱼精蛋白与氯化锌的胰岛素、赖脯胰岛素、门冬胰岛素。|胰岛素,,,本品不同剂型、不同规格的用法用量可能存在差异，请阅读具体药物说明书使用，或遵医嘱。胰岛素注射液：1、皮下注射：一般每日三次，餐前15-30分钟注射，必要时睡前加注一次小量。剂量根据病情、血糖、尿糖由小剂量（视体重等因素每次2-4单位）开始，逐步调整。Ⅰ型糖尿病每日胰岛素需用总量多介于每公斤体重0.5-1单位，根据血糖监测结果调整。Ⅱ型糖尿病患者每日需用总量变化较大，在无急性并发症情况下，敏感者每日,64
胰激肽原酶,本品主要成份为:胰激肽原酶。|胰激肽原酶|胰激肽原酶肠溶片,,国药准字H41022915,口服:一次120～240单位，一日360～720单位空腹服用。,3
胰脂肪酶,胰脂肪酶,,,,3
胰蛋白酶,胰蛋白酶,,,,1
胰酶,本品主要成份胰酶。|胰酶|胰酶肠溶片,,国药准字H21021405,常用量口服，一次0.3～1克 一日1.5～3克。,9
胰酶肠溶,胰酶。|胰酶肠溶|胰酶肠溶胶囊,胰酶。,H20130171,口服一次0.3～1g一日3次，餐前服。,3
胰高血糖素,胰高血糖素,,,,1
胶体果胶秘,本品每粒含胶体果胶铋50毫克以铋计。辅料为旋粉。|胶体果胶秘|胶体果胶秘胶囊,,,用于慢性胃炎及缓解胃酸过多引起的胃痛、胃灼热感(烧心)、反酸。,3
胶体果胶铋,主要成分胶体果胶铋。|胶体果胶铋|胶体果胶铋胶囊,主要成分胶体果胶铋。,国药准字H20023399,口服?成人一次3粒?一日4次?分别于三餐前1小时及临睡时服用。,3
胶体酒石酸铋,本品主要成份为体酒石酸铋。|胶体酒石酸铋|胶体酒石酸铋胶囊,,国药准字H10950346,口服。一次165mg，一日4次，分别于3餐前1小时及临睡时服用。,3
胸腺肽,本品主要成份为胸腺肽，系自健康小牛胸腺中提取的具有生物活性的多肽。|胸腺肽|胸腺肽肠溶片,,,口服。每次5～30mg，一日1～3次或遵医嘱。,3
胸腺肽肠溶,本品系从胸腺中提取的有生物活性的多肽类物质。|胸腺肽肠溶|胸腺肽肠溶胶囊,本品系从胸腺中提取的有生物活性的多肽类物质。,,口服。每次5-15mg（1-3粒），每日3次，严重病人可遵医嘱增至每次30mg（...,3
胺碘酮,胺碘酮,,,,18
脂肪乳,脂肪乳,,,,1
脊灰疫苗,脊灰疫苗,,,,1
脊髓灰质炎疫苗,脊髓灰质炎疫苗,,,,1
脑多肽,脑多肽,,,,3
脑心清,柿叶醋酸乙酯浸出物。|脑心清|脑心清片,柿叶醋酸乙酯浸出物。,国药准字Z44021765,口服，一次1～2片，一日3次。,3
脑蛋白水解物,健康猪脑经丙酮大脱脂、酶水解的产物。|本品为猪脑组织经复合蛋白酶水解﹑分离和精制而得的无菌制剂，含游离氨基酸约16种，并含少量肽。|本品为猪脑组织经提取、分离、精制而得的无菌制剂。内含游离氨基酸约16种，并含少量肽。|脑蛋白水解物|脑蛋白水解物口服液|脑蛋白水解物注射液|脑蛋白水解物片,健康猪脑经丙酮大脱脂、酶水解的产物。,国药准字H20020533,一般使用10-30ml，稀释于250ml生理盐水中作静脉滴注(慢滴)，一日1次，要连续使用10-14天为一疗程。 || 口服。一日3次，成人一次4片，儿童酌减或遵医嘱。 || 口服。一次50-100mg，一日3次。,9
脱屑药,脱屑药,,,,2
脱氧胆酸,脱氧胆酸,,,,1
腮腺炎疫苗,腮腺炎疫苗,,,,1
腰息痛,白芷、草乌制、独活、续断、牛膝、三七、防风、威灵仙、秦艽、川加皮、防己、海风藤、杜仲、土萆薢、何首乌、桑寄生、当归、骨碎补、红花、千年健、赤芍、桂枝、扑热息痛。|腰息痛|腰息痛胶囊,,,口服，一次2粒，一日3次，饭后服。,3
腹膜透析液乳酸盐,复方制剂|腹膜透析液乳酸盐,复方制剂,,总则：Dianeal?PD-4低钙腹膜透析液只用于腹腔内给药。建议成年病人在做连续不卧床腹膜透析（CAPD）前应在医生的指导下作适当的培训。培训教材可从美国百特医疗用品有限公司获取。腹膜透析液应在使用之前用肉眼检查是否存在颗粒物质及是否变色。透析病人的每日换液次数、液体浓度、交换液量、留腹时间及透析疗程的长短应由主管医生负责。为了避免严重脱水和低血容量的发生，建议在满足脱水需要的前提下选择使用最低,3
腺苷,本品主要成份为腺苷。|腺苷|腺苷注射液,,H20070114,1.快速静脉注射(1-2秒内完成)，成人初始剂量3mg，第二次给药剂量6mg，第三次给药剂量12 mg每次间隔1-2分钟，若出现高度房室阻滞不得再增加剂量。 2.本品仅限于医院使用。当QRS波增宽的心动过速发生时，用腺苷较为安全，因为如果是室上速，则腺苷有效，如果是室速，腺苷虽然无效，但不会引起明显的血流动力学障碍。,4
腺苷注射液供诊断用,腺苷|腺苷注射液供诊断用,腺苷,国药准字H20030321,-,2
膦甲酸钠,本品主要成份为膦甲酸钠。化学名称：膦甲酸三钠盐六水合物分子式：CNa3O5P·6H2O分子量：300.04|膦甲酸钠|膦甲酸钠乳膏,,,外用。适量涂于患处，一日3～4次，连用5日为一疗程。,3
致酸剂,致酸剂,,,,1
舍曲林,本品主要成分为盐酸舍曲林。|舍曲林,本品主要成分为盐酸舍曲林。,,本品不同剂型、不同规格的用法用量可能存在差异，请阅读具体药物说明书使用，或遵医嘱。1、成人每日服药一次，早或晚均可，与食物同服或不同服均可。2、通常治疗抑郁症和强迫症的有效剂量为50mg/日。3、少数患者疗效不佳而对药物耐受较好时，可在几周内根据疗效逐渐增加药物剂量、每次增加50mg，最大可增至200mg/日，每日一次。因舍曲林的消除半衰期为24小时，调整剂量的间隔时间不应短于1周。4、服药7天左,6
舍雷肽酶,由沙雷氏菌属产生的蛋白分解酶组成。|舍雷肽酶|舍雷肽酶片,由沙雷氏菌属产生的蛋白分解酶组成。,国药准字H20000042,口服。成人一次5～10mg，一日3次，餐后服用。可根据年龄和症状适当增减。,3
舒必利,本品主要成分为舒必利。|舒必利|舒必利片,本品主要成分为舒必利。,,口服治疗精神分裂症，开始剂量为一次0.1g（1片），一日2～3次，逐渐增至治疗量一日0.6～1.2g(6～12片)，维持剂量为一日0.2～0.6g（2～6片）。止呕，一次0.1～0.2g（1～2片），一日2～3次。,3
舒托必利,舒托必利,,,,6
舒林酸,舒林酸,,,,1
舒洛地特软,本品主要成份为舒洛地特。|舒洛地特软|舒洛地特软胶囊,,,软胶囊：每次1粒，每天2次，距用餐时间要长，如在早上十时和晚上十时服用。通常用注射剂开始治疗，维持15-20天，然后服用胶囊30-40天，即45-60天为一疗程。一年应至少服用2个疗程。亦可遵医嘱需要调节用药剂量。,3
舒马普坦,舒马普坦,,,,1
良园枇杷叶膏,枇杷叶去毛、干芦根、桔梗、甘草浸膏、紫苑、盐酸麻黄碱、陈皮、杏仁水。|良园枇杷叶膏,枇杷叶去毛、干芦根、桔梗、甘草浸膏、紫苑、盐酸麻黄碱、陈皮、杏仁水。,,口服。一次15-20g，一日3-5次。,2
色氨酸,色氨酸,,,,2
艾司唑仑,艾司唑仑|艾司唑仑。|艾司唑仑片,艾司唑仑。,国药准字H12020291,成人常用量、1.镇静，一次1～2mg(1～2片)，一日3次。2.催眠，1～2mg(1～2片)，睡前服。3.抗癫痫，抗惊厥，一次2～4mg(2～4片)，一日3次。,3
艾司奥美拉唑镁,本品主要成分为艾司奥美拉唑镁。|艾司奥美拉唑镁|艾司奥美拉唑镁肠溶片,本品主要成分为艾司奥美拉唑镁。,,1、药片应和液体一起整片吞服，而不应当咀嚼或压碎。2、对于存在吞咽困难的患者，可将片剂溶于半杯不含碳酸盐的水中（不应使用其他液体，因肠溶包衣可能被溶解），搅拌，直至片剂完全崩解，立即或在30分钟内服用，再加入半杯水漂洗后饮用。微丸决不应被嚼碎或压破。3、对于不能吞咽的患者，可将片剂溶于不含碳酸盐的水中，并通过胃管给药。重要的是应仔细检查选择的注射器和胃管的合适程度。准备工作及使用指导如下：（1）将,3
艾司奥美拉唑镁肠溶,本品主要成份为艾司奥美拉唑镁。|艾司奥美拉唑镁肠溶|艾司奥美拉唑镁肠溶胶囊,,（1）20mg：国药准字H20213101；（2）40mg：国药准字H20213100。,1、胃食管反流病（GERD）。（1）反流性食管炎的治疗：40mg，每日一次，连服四周。对于食管炎未治愈或持续有症状的患者建议再服药治疗四周。（2）已经治愈的食管炎患者防止复发的长期维持治疗：20mg，每日一次。（3）GERD的症状控制：没有食管炎的患者20mg，每日一次。如果用药4周症状未获控制，应对患者作进一步的检查。一旦症状消除，随后的症状控制可采用按需治疗，即需要时口服20mg，每日一次。对,3
艾塞那肽,本品主要成分为艾塞那肽。|艾塞那肽|艾塞那肽注射液,本品主要成分为艾塞那肽。,H20090381,本品仅用于皮下注射。应在大腿、腹部或上臂皮下注射给药。本品推荐起始剂量为5μg，每日两次，于早餐和晚餐(或每日2次正餐前，大约间隔6h或更长时间)前60分钟内给药。餐后不可给药。治疗1个月后，可根据临床反应将剂量增加至10μg。本品与二甲双胍或噻唑烷二酮类联用时，如果联用后不会因低血糖而需调整二甲双胍或噻唑烷二酮类的剂量，则可继续沿用原二甲双胍或噻唑烷二酮类的剂量。本品与磺脲类联用时，为降低低血糖,3
艾普拉唑,主要组成成分：艾普拉唑。|艾普拉唑|艾普拉唑肠溶片,主要组成成分：艾普拉唑。,,本品用于成人十二指肠溃疡，每日晨起空腹吞服（不可咀嚼），一次10mg，一日一次。...,3
芡实,芡实,,,,1
芦丁,芦丁|芦丁片,芦丁,,成人常用量 口服，一次20～40mg，每日3次。,2
芫花,芫花,,,,6
芬太尼,芬太尼,,,,7
芬太尼透皮贴剂,本品主要成份芬太尼。|芬太尼透皮贴剂,,国药准字J20110042,1. 本品的剂量应根据患者的个体情况而决定，并应在给药后定期进行剂量评估。2. 本品应在躯干或上臂未受刺激及未受照射的平整皮肤表面贴用。如有毛发，应在使用前剪除(勿用剃须刀剃除)。在使用本品前可用清水清洗贴用部位，不能使用肥皂，油剂，洗剂或其它可能会刺激皮肤或改变皮肤性状的用品。在使用本贴剂前皮肤应完全干燥。3. 本品应在打开密封袋后立即使用。在使用时需用手掌用力按压30秒，以确保贴剂与皮肤完全接,3
芬妥因,芬妥因,,,,1
芬布芬,芬布芬,,,,5
芬氟拉明,芬氟拉明,,,,1
花百,花百|花百胶囊|金银花、百部、黄柏、马勃、僵蚕、乌梅、蒲黄、硼砂、冰片。,金银花、百部、黄柏、马勃、僵蚕、乌梅、蒲黄、硼砂、冰片。,,阴道用药、晚上临睡前洗净外阴，取平卧或适当体位，戴上指套，将本品送入阴道深处。一天一次，一次1粒，7天为一疗程。,2
苄丙酮,苄丙酮,,,,5
苄唑啉,苄唑啉,,,,1
苄星青霉素,本品主要成分为苄星青霉素。|苄星青霉素,本品主要成分为苄星青霉素。,,临用前加适量灭菌注射用水使成混悬液。肌内注射，成人一次60万-120万单位，2-4周1次；小儿一次30万-60万单位，2-4周1次。,3
苄普地尔,苄普地尔,,,,2
苄青霉素,苄青霉素,,,,1
苋菜黄连素,苋菜黄连素|苋菜黄连素胶囊|铁苋菜、盐酸小檗碱、甘草。辅料为硬脂酸镁。,,,口服，成人：每次4粒，每天3次。,2
苍莲感冒,苍莲干膏150g，虎杖干膏10g，对乙酰氨基酚80g，淀粉10g，氢氧化铝1.5g，硬脂酸镁1.5g，制成1000片|苍莲感冒|苍莲感冒片,,国药准字Z20027060,口服，一次4～5片，一日3次。,3
苦参,苦参,,,,1
苯丁唑酮,苯丁唑酮,,,,1
苯丁酸氮芥,苯丁酸氮芥|苯丁酸氮芥片,苯丁酸氮芥,,每日 0.1 ～ 0.2mg/kg(6 ～ 10mg) 或（ 4 ～ 8mg/m...,4
苯丙氨酸氨芥,苯丙氨酸氨芥,,,,1
苯丙胺,苯丙胺,,,,6
苯丙脯酯,苯丙脯酯,,,,1
苯丙酸诺龙,苯丙酸诺龙|苯丙酸诺龙。|苯丙酸诺龙注射液,苯丙酸诺龙。,国药准字H33020712,深部肌内注射：成人常用量①女性转移性乳腺癌姑息性治疗：每周25～100mg，肌内注射。一般须持续至12周，如有必要，治疗结束4周后，可进行第二个疗程。②蛋白大量分解的严重消耗性疾病，如严重烧伤、慢性腹泻、大手术后等。每周25～50mg，肌内注射，同时须摄入充足的热量和蛋白质。,3
苯丙醇氨,苯丙醇氨,,,,2
苯丙醇胺,苯丙醇胺,,,,2
苯丙香豆素,苯丙香豆素,,,,2
苯乙肼,苯乙肼,,,,2
苯二氮卓类,苯二氮卓类,,,,2
苯二氮卓类药物,苯二氮卓类药物,,,,1
苯佐卡因含,盐酸氯己定，苯佐卡因。|苯佐卡因含|苯佐卡因含片,盐酸氯己定，苯佐卡因。,国药准字H20080386,1.耳部用20%混悬液，成人一次可用4～5滴，滴入外耳道，按需1～2h可重复给药，一般在滴耳后须用棉花堵塞以免外流；小儿一般不用。 2.软膏剂5%、20%，成人用于痔疮，涂敷患处，早、晚和便后各一次；小儿不用。 3.气雾液20%，用于皮肤或黏膜部位可按需反复给药；3岁以下小儿不用。凝胶20%，主要用于口腔内牙龈患处，制止牙痛，小儿用的凝胶为5%。 4.喷雾液10%～20%，喷于患处，按需重复，小儿,3
苯唑西林钠,"本品主要成份为苯唑青霉素钠，其化学名为2S,5R,6R-3,3-二甲基-6-5-甲基-3-苯基-4-异噁唑甲酰氨基-7-氧代-4-硫杂-1-氮杂双环3.2.0庚烷-2-甲酸钠盐一水合物。|苯唑西林钠|苯唑西林钠片",,国药准字H50022022,1.本品口服，一次2－4片，一日4－5次；儿童按体重每一千克每日口服50mg-100mg，分3－4次服用。 2.轻、中度肾功能减退患者不需调整剂量，严重肾功能减退患者应避免应用大剂量，以防中枢神经系统毒性反应发生。,3
苯噻啶,苯噻啶|苯噻啶。|苯噻啶片,苯噻啶。,国药准字H31021535,口服每次0.5～1mg(1～2片)，1日1～3次。为减轻嗜睡作用，第1～3日每晚服0.5mg(1片)，第4～6日每日中、晚各服0.5mg(1片)，第7天开始每日早、中、晚各服0.5mg(1片)。如病情基本控制，可酌情递减剂量。每周递减0.5mg(1片)到适当剂量维持。如递减后，病情发作次数又趋增加，再酌情增量。,4
苯妥因,苯妥因,,,,15
苯妥因钠,苯妥因钠,,,,1
苯妥英,苯妥因|苯妥英,,,,77
苯妥英钠,"Arepiati苯妥英钠|本品的主要成分为盐酸林可霉素，其化学名为6-1-甲基-反-4-丙基-L-2-吡咯烷甲酰氨基-1-硫代-6,8-二脱氧-D-赤式-α-D-半乳辛吡喃糖苷盐酸盐—水合物。|苯妥因钠|苯妥英钠|苯妥英钠片|苯妥英钠类|苯妥钠英|苯安英钠",,国药准字H21021703,1. 抗癫痫。成人常用量：每日250～300mg，开始时100mg，每日二次，1～3周内增加至250～300mg，分三次口服，极量一次300mg，一日 500mg。由于个体差异及饱合药动学特点，用药需个体化。应用达到控制发作和血药浓度达稳态后，可改用长效(控释)制剂，一次顿服。如发作频繁，可按体重12～15mg/kg，分2～3次服用，每6小时一次，第二天开始给予100mg(或按体重1.5～2mg/,111
苯妥英钠类,苯妥英钠类,,,,13
苯巴比,苯巴比,,,,1
苯巴比妥,本品主要成份苯巴比妥。|苯巴比妥|苯巴比妥片,,国药准字H11020748,成人常用量:催眠，30～100mg，晚上一次顿服；镇静，一次15～30mg，每日2～3次；抗惊厥，每日90～180mg，可在晚上一次顿服，或每次30～60mg，每日三次；极量一次250mg，一日500mg；抗高胆红素血症，一次30～60mg，每日三次。小儿常用量:用药应个体化，镇静，每次按体重2mg/kg，或按体表面积60mg/m2，每日2～3次；抗惊厥，每次按体重3～5mg/kg；抗高胆红素血症,114
苯巴比妥类,苯巴比妥类,,,,1
苯巴比妥钠,本品主要成份:苯巴比妥钠。|苯巴比妥钠|苯巴比妥钠注射液,,国药准字H41025613,肌肉注射：抗惊厥与癫痫持续状态，成人一次100～200mg，必要时可4～6小时重复1次。麻醉前给药：术前0.5～1小时肌内注射100～200mg。,3
苯扎托品,苯扎托品,,,,1
苯扎氯铵溶液,本品主要成份及其化学名称为：本品为氯化二甲基苄基烃铵的混合物。|苯扎氯铵溶液,,,1.手术部位的黏膜消毒、皮肤黏膜创伤部位消毒:0.01-0.025%溶液。2.感染皮肤消毒:0.01%溶液。3.阴道冲洗:0.02-0.05%溶液。稀释方法:0.05%溶液，高浓度品种可加无菌注射用水或新鲜蒸馏水稀释至所需浓度，稀释液需现配现用。,3
苯扎溴铵溶液,本品为复方制剂，|苯扎溴铵溶液,本品为复方制剂，,国药准字H31021811,外用，使用前应稀释，即配即用。皮肤消毒使用0.1%溶液，创面黏膜消毒用0.01%溶液。稀释方法：0.1%溶液：取本品1份，加纯化水或清水50份；0.01%溶液：取本品1份加纯化水或清水500份。,3
苯扎溴铵酊,本品为复方制剂，其组份为：每毫升含苯扎溴铵1毫克。|苯扎溴铵酊,本品为复方制剂，其组份为：每毫升含苯扎溴铵1毫克。,国药准字H31022694,外用。局部涂布。,3
苯扎贝特,本品主要成份为苯扎贝特。|本品活性成份为苯扎贝特。化学名称：对-4-氯苯甲酰-β-氨乙基苯氧异丁酸。分子式：C19H20ClNO4分子量：361.82|苯扎贝特|苯扎贝特分散片|苯扎贝特片|苯扎贝特胶囊,苯扎贝特,国药准字H20010013|国药准字H20080729,1.成人常用量:口服苯扎贝特片每日3次，每次200-400mg。可在饭后或与饭同服。疗效佳者维持量可为每日2次，每次400mg。 2.肾功能障碍时按肌酐清除率调整剂量:40-60ml/min时，每日2次，每次400mg;15-40ml/min时，每日或隔日1次，每次400mg;低于15ml/min时，每3日1次，每次400mg。 || 1.成人常用量：每日3次，每次0.2-0.4g。可在饭后或与饭同服。疗效佳者维持量可为每日2次，每次0.4g。2.肾功能障碍时按肌酐清除率调整计量：40-60ml/min时，.每日2次，每次0.4g；15-40ml/min时，每日或隔日1次。 || 服用普通片剂，每次0.2g，每天3次。缓释片剂0.4g，每晚1次。服用缓释片剂0.4g，每晚1次可以有效的降低Ⅱa、Ⅱb和Ⅳ型高脂蛋白血症患者的血清TG、TC、LDL、C水平，并升高HDL-C。另外，苯扎贝特还可降低血清Lp(a)浓度，并可见血浆纤维蛋白原及与纤维蛋白相关的其他因子水平下降20%～30%。,9
苯海拉明,苯海拉明,,,,5
苯海拉明薄荷脑,本品为复方制剂，每10毫升含盐酸苯海拉明20毫克，薄荷脑2毫克。辅料为：|苯海拉明薄荷脑|苯海拉明薄荷脑糖浆,,国药准字H44024393,本品口服。成人一次10毫升，一日2-3次。用于防治晕动病时，宜在旅行前1～2小时，最少30分钟前服用。,3
苯溴马隆,本品主要成分是苯溴马隆，其化学名为3，5-二溴-4-羟基苯基2－乙基-3-苯骈呋喃基甲酮。|苯溴马隆|苯溴马隆。化学名：3，5-二溴-4-羟基苯基2－乙基-3-苯骈呋喃基甲酮。分子式：C17H12Br2O3分子量：424.09|苯溴马隆片|苯溴马隆胶囊,,国药准字H20010790,成人常用量：由小剂量开始，一日25mg(半片)开始，无不良反应可逐渐递增至一日100mg（2片）。早餐后服，同时加服碳酸氢钠一日3g。 || 成人每次口服50mg（1片），每日一次，早餐后服用。用药1－3周检查血清尿酸浓度...,6
苯甲酸利扎曲普坦,本品主要成份是苯甲酸利扎曲普坦。|苯甲酸利扎曲普坦|苯甲酸利扎曲普坦片,,,1、成人推荐成人偏头痛急性发作时本品首次给药剂量为5mg或10mg。10mg的...,1
苯甲酸阿格列汀,苯甲酸阿格列汀|苯甲酸阿格列汀。|苯甲酸阿格列汀片,苯甲酸阿格列汀。,,1.推荐剂量尼欣那的推荐剂量为25mg每日一次。尼欣那可与食物同时或分开服用...,3
苯甲酸雌二醇,化学名称：3-羟基雌甾-1，3，510-三烯-17β-醇-3-苯甲酸酯|本品主要成份为：苯甲酸雌二醇。辅料为：大豆油供注射用。|苯甲酸雌二醇|苯甲酸雌二醇注射液|苯甲酸雌二醇软膏,化学名称：3-羟基雌甾-1，3，510-三烯-17β-醇-3-苯甲酸酯,国药准字H12020529,1.用于绝经期综合征，肌注一次1-2mg，一周2-3次。2.子宫发育不良，一次1-2mg，每2-3日肌注一次。3.功能性子宫出血，每日肌注1mg-2mg，至血净后酌情减量，后期择日用黄体酮撤退。4.退奶，每日肌注2mg，不超过3天后减量或改小量口服药至生效。 || 外用，每次1.5g(含1.35mg苯甲酸雌二醇或雌二醇0.98mg)涂于干净皮肤上(如手臂内侧、下腹部、腰部、臀和大腿等部位)，每日1次，每月按月历1～24日连用，15～24日每日并用口服甲羟孕酮片4mg。,5
苯甲醇,本品主要成分为：苯甲醇。其化学名称为：苯甲基醇。|苯甲醇|苯甲醇注射液,本品主要成分为：苯甲醇。其化学名称为：苯甲基醇。,国药准字H20033672,本品为注射用盐酸大观霉素的溶剂，具有镇痛作用，可减少注射时的疼痛。,3
苯磺唑酮,苯磺唑酮,,,,7
苯磺胺,苯磺胺,,,,2
苯磺酸,苯磺酸,,,,1
苯磺酸左旋氨氯地平,本品活性成分为苯磺酸左旋氨氯地平。|苯磺酸左旋氨氯地平|苯磺酸左旋氨氯地平片,本品活性成分为苯磺酸左旋氨氯地平。,,1、治疗高血压和心绞痛的初始剂量为2.5mg，一日1次；根据患者的临床反应，可将剂量增加，最大可增至5mg，一日1次。2、本品与噻嗪类利尿剂、β-受体阻滞剂和血管紧张素转换酶抑制剂合用时不需调整剂量。,3
苯磺酸左氨氯地平,化学名称为：苯磺酸左氨氯地平。|苯磺酸左氨氯地平|苯磺酸左氨氯地平片,化学名称为：苯磺酸左氨氯地平。,,(1)治疗高血压和心绞痛的初始剂量为2.5mg，一日1次：根据患者的临床反应，可将剂量增加，最大可增至5mg，一日1次。(2)本品与噻嗪类利尿剂、受体阻滞剂和血管紧张素转换酶抑制剂合用时不需调剂量。,2
苯磺酸氨氯地平,本品主要成份为苯磺酸氨氯地平。|本品主要成份为苯磺酸氨氯地平，其化学名称为：3-乙基-5-甲基-2-2-氨基乙氧甲基-4-2-氯苯基-1，4-二氢-6-甲基-3，5-吡啶二羧酸酯苯磺酸盐。每片含氨氯地平苯磺酸盐相当于5毫克氨氯地平。|本品主要成份为苯磺酸氨氯地平，化学名称为：3-乙基-5-甲基-2-2-氨基乙氧甲基-4-2-氯苯基-1，4-二氢-6-甲基-3，5-吡啶二羧酸酯苯磺酸盐。|本品主要成分为苯磺酸氨氯地平。|络活喜|苯磺酸氨氯地平|苯磺酸氨氯地平。|苯磺酸氨氯地平分散片|苯磺酸氨氯地平滴丸|苯磺酸氨氯地平片|苯磺酸氨氯地平胶囊,本品主要成分为苯磺酸氨氯地平。|苯磺酸氨氯地平。,国药准字H20080728,"1.治疗高血压的初始剂量为5mg每日一次，最大剂量为10mg每日一次。虚弱或老年患者、伴有肝功能不全患者初始剂量为2.5mg每日一次；此剂量也可为原使用其它抗高血压药物治疗需加用本品治疗的剂量。剂量调整应根据患者个体反应进行。一般的剂量调整应在7～14天后开始进行。如临床需要，在对患者进行严密观测后，可更快地开始剂量调整。2.治疗心绞痛的初始剂量为5～10mg，每日一次，老年及肝功能不全的患者建议 || 1.治疗高血压：初始剂量为5mg，每日一次，最大剂量为10mg，每日一次。虚弱或老年患者、伴有肝功能不全患者初始剂量为2.5mg，每日一次；此剂量也可为原使用其它抗高血压药物治疗需加用本品治疗的剂量。剂量调整应根据患者个体反应进行。一般的剂量调整应在7-14天后开始进行。如临床需要，在对患者进行严密观测后，可更快地开始剂量调整。2.治疗心绞痛：初始剂量为5-10mg，每日一次，老年及肝功能不全的患 || 成人口服或含服。 1.2.5毫克～5毫克/次,1次/日。 2.根据临床疗效可增至10毫克。 3.与噻嗪类利尿药、β阻滞药和血管紧张素转换酶抑制药合用时一般不需调整剂量。",16
苯福林,苯福林,,,,1
苯酚,苯酚,,,,2
苯酚伪麻,本品为复方制剂，其组分为：日用片：对乙酰氨基酚、盐酸伪麻黄碱、氢溴酸右美沙芬夜用片：对乙酰氨基酚、盐酸伪麻黄碱、氢溴酸右美沙芬、盐酸苯海拉明25mg。|苯酚伪麻|苯酚伪麻片,,国药准字H10980232,1.口服。一次1～2片，一日3次（早、中各1～2白片，夜晚1～2片黑片）。|2.儿童遵医嘱。,3
苹果酸氯波必利,本品活性成份为苹果酸氯波必利。|苹果酸氯波必利|苹果酸氯波必利片,,,首次服用半片（0.34mg），每日2～3次，一次0.68mg。早晚或餐前30分钟...,3
茚地那韦,茚地那韦,,,,10
茚满二酮,茚满二酮,,,,4
茚满二酮衍生物,茚满二酮衍生物,,,,5
茚满二酮衍生物抗凝药,茚满二酮衍生物抗凝药,,,,1
茯苓,茯苓,,,,2
茴三硫,茴三硫|茴三硫片,茴三硫,,口服。一日3次，一次1片，或遵医嘱。,3
茶新那敏,"氨茶碱以无水茶碱计,盐酸溴己新,马来酸氯苯那敏|茶新那敏|茶新那敏片","氨茶碱以无水茶碱计,盐酸溴己新,马来酸氯苯那敏",国药准字H32025678,口服。一次1～2片，一日3次或遵医嘱。,3
茶碱,本品主要成份茶碱。|茶碱|茶碱缓释片,,国药准字H20033006,本品口服。 本品不可压碎或咀嚼。 成人或12岁以上儿童，起始剂量为0.1g～0.2g(1～2片)，一日2次，早?晚用100ml温开水送服。剂量视病情和疗效调整，但日量不超过0.9g(9片)，分2次服用。,105
茶碱愈创木酚甘油醚胶,本品为复方制剂，主要成分：茶碱、愈创木酚甘油醚。|茶碱愈创木酚甘油醚胶|茶碱愈创木酚甘油醚胶丸,本品为复方制剂，主要成分：茶碱、愈创木酚甘油醚。,国药准字H10930086,口服，一次1粒，每6～8小时一次。,3
茶碱愈创甘油醚软,本品为复方制剂，主要成分：茶碱、愈创木酚甘油醚。|茶碱愈创甘油醚软|茶碱愈创甘油醚软胶囊,本品为复方制剂，主要成分：茶碱、愈创木酚甘油醚。,国药准字H10930086,口服，一次1粒，每6～8小时一次。,3
茶碱氯化钠,主要成分为茶碱。|茶碱氯化钠|茶碱氯化钠注射液,主要成分为茶碱。,国药准字H20030766,"近期未接受过茶碱治疗的患者,静脉滴注首剂量（负荷量）按体重计成人或儿童为4.7mg/?,缓慢静脉滴注（输注速率不可超过20mg/分钟,滴注时间一般不低于30分钟）。维持剂量及输注速度见下表：静脉滴注茶碱剂量（急性支气管炎）1. 6个月至9岁儿童,12小时的维持参考剂量ｏ.95mg/［?（体重）・小时］。2. 9～16岁儿童及青年吸烟者,12小时的维持参考剂量0.79mg/［?（体重）・小时］。3.",3
茶碱类,茶碱类,,,,14
茶碱类药物,茶碱类药物,,,,3
茶碱缓释,本品主要成份为茶碱。|茶碱缓释|茶碱缓释胶囊,,国药准字H10960320,口服。每日给药1次，由于哮喘往往在凌晨发作或在凌晨加重，服药时间最好选在晚上8～9点钟。|1.成人一般每日1粒(200mg)，病情较重者或慢性患者加服1粒(200mg，早上8～9点钟)，但须根据个体差异，从小剂量开始，逐渐增加用药量，最大用量不宜超过每日600mg。剂量较大时，可每日早晚2次分服，并尽量行血药浓度测定调节剂量。|2.儿童3岁以上的儿童患者可以按100mg开始治疗，每日最大剂量不应超,3
茶苯海明,本品每片含茶苯海明50毫克，辅料为：淀粉、蔗糖、糊精、硬脂酸镁。|茶苯海明|茶苯海明片|贻晗柠,,,口服。成人一次1 片。预防晕动病应在出发前30分钟服药，治疗晕动病时每4 小时服...,5
茶苯海明含,茶苯海明化学名：1，3-二甲基-8-氯-3，7-二氢-1H-嘌呤-2，6-二酮和N，N-二甲基-2-二苯基甲氧基乙胺分子量：469.97|茶苯海明含|茶苯海明含片,,,当开始出现恶心、呕吐、眩晕等症状时含服。成人一次1-2片，一日3～6次，成人一日...,3
茶苯海明缓释,茶苯海明|茶苯海明缓释|茶苯海明缓释胶囊,茶苯海明,国药准字H20090143,口服：每次50mg，每天3次。用于预防晕动病。可在车、船开动前0.5h服50mg。,3
草酸艾司西酞普兰,活性成份：草酸艾司西酞普兰。|草酸艾司西酞普兰|草酸艾司西酞普兰片,,,用法：口服，可以与食物同服。用量：抑郁症每日1次。常用剂量为每日10mg，根据患者的个体反应，每日最大剂量可以增加至20mg。通常2～4周即可获得抗抑郁疗效。症状缓解后，应持续治疗至少6个月以巩固疗效。伴有或不伴有广场恐怖症的惊恐障碍每日1次。建议起始剂量为每日5mg，持续一周后增加至每日10mg。根据患者的个体反应，剂量还可以继续增加至最大剂量每日20mg。治疗约3个月可取得最佳疗效。疗程一般持,2
药用炭,药用炭|药用炭片,药用炭,国药准字H13022797,口服。成人一次3-10片，一日3次。儿童一次1-2片，一日3次。,10
药用碳,药用碳,,,,1
莪术,1、本品含挥发油。油中主要成分为蓬莪术酮、蓬莪术环二烯、姜黄醇酮、α-蒎烯、β-蒎烯、樟脑、1，8-桉叶醇、龙脑、莪术醇、异莪术烯醇等。广西莪术含有α-蒎烯、β-蒎烯柠檬烯、龙脑、樟脑、丁香酚、姜烯、莪术醇、莪术酮、芳姜酮、姜黄酮、去水莪术酮等。2、2015年版《中国药典》规定：含挥发油不得少于1.0%ml/g。|莪术,,,1、煎汤，6-10g；或入丸、散。外用适量，煎汤洗；或研末调敷。煎煮时宜盖好药罐盖，宜饭后服用。治疗急性疼痛时，宜加醋煎煮或用酒磨服。2、行气止痛多生用，破血祛瘀宜醋炒。,2
莫沙必利,本品主要成份为枸橼酸莫沙必利。|莫沙必利,,,口服，一次5mg（1粒/片），一日3次，饭前服用，或遵医嘱。,3
莫西沙星,本品主要成份为盐酸莫西沙星。|莫西沙星,,,盐酸莫西沙星片：1、成人剂量、疗程和给药方法：盐酸莫西沙星片的剂量为0.4g（口服），每24小时一次。治疗的持续时间取决于感染的类型，如表（详见说明书）。2、老年患者：老年患者不必调整用药剂量。3、肾功能或肝功能不全患者：（1）肝损害：轻中度肝功能受损的患者（ChildPughA级或B级）与健康志愿者或肝功能正常的患者血浆药物浓度在临床上无明显差别。（2）肾损害：肾功能受损的患者（包括肌酐清除率≤,3
菊花,本品含挥发油，油中为龙脑、樟脑、菊油环酮等，此外，尚含有菊苷、腺嘌呤、胆碱、黄酮、水苏碱、维生素A、维生素B1、维生素E、氨基酸及刺槐素等。|菊花,,,内服：煎服，5-9g。,3
菟丝子,菟丝子,,,,2
萘丁美酮,本品主要成为萘丁美酮。|本品主要成份为萘丁美酮。|萘丁美酮|萘丁美酮分散片|萘丁美酮胶囊,本品主要成为萘丁美酮。,,成人常用量 口服，每次1.0g (2片) ，每日1次，睡前服。对严重或持续症状，... || （1）成人常用量 口服，一次1.0g(2粒），一日1次（餐后或晚间服用），一日最...,6
萘哌地尔,本品主要成份为萘哌地尔，其化学名称为：±-1-4-2-甲氧苯基-哌嗪基-3-1-萘氧基-2-丙醇。|萘哌地尔|萘哌地尔片|萘哌地尔胶囊,萘哌地尔,,口服。通常成人初始用量为一次25mg（1片），一日一次，于睡前服用，剂量可随临床... || 口服。通常成人初始用量为一次25mg（1粒），一日一次，于睡前服用，剂量可随临床...,6
萘啶酮酸,萘啶酮酸,,,,1
萘敏维,本品为复方制剂，每支10毫升含盐酸萘甲唑林0.2毫克、马来酸氯苯那敏2毫克、维生素B121毫克。辅料为：甲基纤维素、依地酸二钠、苯扎氯铵、甘油、硼砂、注射用水。|萘敏维|萘敏维滴眼液,,,滴眼，一次1～2滴，一日3～4次。,3
萘普生,本品主要成份为萘普生。|本品主要成份萘普生。|萘普生|萘普生片|萘普生缓释片,,国药准字H10970313,口服。成人一次1片，一日1次。 || 口服，成人首次0.5克，以后一次0.25克，必要时每6-8小时一次。,14
萘普生缓释,萘普生。|萘普生缓释|萘普生缓释胶囊,萘普生。,,"口服。成人一次0.5g（2片）,一日1次，或遵医嘱。",3
萘普生钠,萘普生钠|萘普生钠。|萘普生钠片|萘普生钠胶囊,萘普生钠。,国药准字H20056947|国药准字H33022543,口服 （1）成人常用量 ①抗风湿：一次2.5-5粒，每天早晚各1次，或早晨服2.5粒，晚上服5粒。②镇痛：首次5粒，以后一次2.5粒，必要时每6～8小时1次。③痛风性关节炎：首次7.5粒，以后一次2.5粒，每8小时1次，直到急性发作停止。④痛经：首次5粒，以后必要时2.5粒，每6～8小时1次。（2）儿童常用量 抗风湿：每日按体重10mg／kg，分2次服.或遵医嘱。 || 成人常用量：口服。 1.抗风湿，一次0.25g～0.5g，每天早晚各1次，或早晨服0.25g，晚上服0.5g。 2.止痛，首次0.5g以后一次0.25g，必要时每6～8小时1次。 3.痛风性关节炎急性发作，首次0.7g，以后一次0.25g，每8小时1次，直到急性发作停止。 4.痛经，首次0.5g，以后必要时0.25g，每6～8小时1次，直到急性发作停止。,6
萘林那敏溴铵,本品为复方制剂，其组分为：每10ml含丙二胺0.1ml，眼酸萘甲唑啉0.01G、马来酸氯苯那敏0.05g、本扎溴铵溶液0.1ml。|萘林那敏溴铵|萘林那敏溴铵喷雾剂,,国药准字H44024487,"喷雾吸入。成人:每次喷1～2下,儿童:每次喷1下,或遵医嘱。打开瓶盖,拇指置瓶底,食指与中指置瓶喷头肩处,将瓶口对准鼻孔,用力挤压,使药液成雾状喷入鼻腔,每个鼻孔各喷一次。首次用药后,间隔10分钟左右,待清除鼻腔分泌物后再喷一次,以后每日3次。",3
萘法唑酮,萘法唑酮,,,,2
萘芬纳韦,萘芬纳韦,,,,2
葛根,葛根,,,,1
葡萄糖,葡萄糖|葡萄糖注射液,,,,1
葡萄糖溶液,葡萄糖溶液,,,,3
葡萄糖酸钙,本品每片含主要成分葡萄糖酸钙0.5克相当于钙45毫克|葡萄糖酸钙|葡萄糖酸钙片,本品每片含主要成分葡萄糖酸钙0.5克相当于钙45毫克,,口服。一次1-4片，一日3次。,11
葡萄糖酸钙口服溶液,本品每毫升含葡萄糖酸钙100毫克相当于钙9毫克。辅料为乳酸、氢氧化钙、蔗糖、香精。|葡萄糖酸钙口服溶液,,,口服。一次10～20毫升，一日3次。,3
葡萄糖酸钙含,本品每片含主要成份葡萄糖酸钙150mg。辅料为蔗糖、柠檬酸、糊精、香兰素、柠檬黄色素、胭脂红色素、果绿色素、橙油香精、柠檬香精、硬脂酸镁、二氧化硅。|葡萄糖酸钙含|葡萄糖酸钙含片,,,口服，含化或咀嚼后服用。一次3～5片，一日3次。,3
葡萄糖酸钙维D2,"本品为复方制剂，其组份为：每片含葡萄糖酸钙0.3g,维生素D,0.0125mg。|葡萄糖酸钙维D2|葡萄糖酸钙维D2咀嚼片","本品为复方制剂，其组份为：每片含葡萄糖酸钙0.3g,维生素D,0.0125mg。",,口服。一次1片，一日3次。嚼碎服用。,2
葡萄糖酸钙锌口服溶液,本品为复方制剂，每10毫升含葡萄糖酸钙600毫克相当于钙54毫克，葡萄糖酸锌30毫克相当于锌4.3毫克，盐酸赖氨酸100毫克。辅料为：氢氧化钠、氯化钠、乳酸、蔗糖、香精和纯化水。|葡萄糖酸钙锌口服溶液,,,口服。婴幼儿一日5～10毫升，成人一日20～30毫升，分2～3次，饭后服。,3
葡萄糖酸锌,本品每片含主要成份葡萄糖酸锌70毫克，辅料为淀粉、羧甲基淀粉钠、硬脂酸镁。|本品每片含主要成分葡萄糖酸锌35毫克相当于锌5毫克|葡萄糖酸锌|葡萄糖酸锌。|葡萄糖酸锌咀嚼片|葡萄糖酸锌片|葡萄糖酸锌颗粒,本品每片含主要成分葡萄糖酸锌35毫克相当于锌5毫克|葡萄糖酸锌。,国药准字H43020854,"1. 口服。成人一次1-2包，一日2次。饭后服。
2. 儿童用量请见下表：
(1) 年龄（岁）1-3 ，用量10-14，用法 一日1包    分三次服用。
(2) 年龄（岁）4-6 ，用量 16-20 ，用法一日1包半  分三次服用。
(3) 年龄（岁）7-9 ，用量22-26，用法 一日2包    分三次服用。
(4) 年龄（岁）10-12，用量28-32 ，用法一日2包半  分三次服用。 || 儿童用量请见下表：年 龄（岁） 标准体重（公斤） 用 量 用 法1-3 10-1... || 口服,12岁以上儿童及成人一次1片，一日3次。12岁以下儿童每日用量：1-6岁，...",9
葡萄糖酸锌口服溶液,本品每毫升含主要成份葡萄糖酸锌3.5毫克相当于锌0.5毫克，辅助为蔗糖、苯甲酸、香精。|葡萄糖酸锌口服溶液,,,口服。一次10～20毫升，一日3次。,3
葶贝,北葶苈子、麻黄、川贝母、苦杏仁、石膏、黄芩、赭石等。|葶贝|葶贝胶囊,北葶苈子、麻黄、川贝母、苦杏仁、石膏、黄芩、赭石等。,国药准字Z10980089,饭后服，每次4粒，一日3次；7天为一疗程或遵医嘱。,3
蒙脱石,蒙脱石,,,,1
薄芝糖肽,本品是由GC1菌株经液体发酵培养法制得的灵芝属薄树芝GanodermacapenseLloydTeng干燥菌丝体粉末中提取制得的灭菌水溶液。其组分为多糖和多肽。|薄芝糖肽|薄芝糖肽注射液,,国药准字H11022156,肌内注射。一次2ml(1支)，一日2次。静脉滴注。一日4ml(2支)，用250ml0.9%氯化钠注射液或5%葡萄糖注射液稀释后静脉滴注。1～3个月为一疗程或遵医嘱,3
薄荷喉,本品为复方制剂，每片含活性成份为：薄荷脑2mg、苯甲酸钠5mg、三氯叔丁醇0.6mg、桉油0.6mg、八角茴香油0.8mg。|薄荷喉|薄荷喉片,,,每隔0.5～1小时含一片，并徐徐咽下。,3
薯蓣皂苷,本品主要成份为穿山龙水溶性总皂苷。|薯蓣皂苷|薯蓣皂苷片,,,口服。一次0.12g（1.5片）-0.16g（2片），一日3次。,3
藕节,藕节,,,,1
藜芦,藜芦|黎芦,,,,64
藜芦生物碱,藜芦生物碱,,,,1
藿香正气水,苍术、陈皮、厚朴姜制、白芷、茯苓、大腹皮、生半夏、甘草浸膏、广藿香油、紫苏叶油。|藿香正气水,苍术、陈皮、厚朴姜制、白芷、茯苓、大腹皮、生半夏、甘草浸膏、广藿香油、紫苏叶油。,,口服。一次5～10毫升，一日2次，用时摇匀。,3
虫草川贝膏,虫草川贝膏|虫草菌粉、川贝母、枇杷叶、蜂蜜等。,虫草菌粉、川贝母、枇杷叶、蜂蜜等。,国药准字B20020208,口服，一次15毫升，一日3次。,3
蚓激酶肠溶,本品是从人工养殖赤子爱胜蚓中提取分离而得的一种蛋白水解酶，其组分含有：纤维蛋白溶酶和纤维蛋白溶酶原激活剂。|蚓激酶肠溶|蚓激酶肠溶胶囊,,国药准字H10950117,"1.口服，一次60万单位(2粒)，一日3次，饭前半小时服用. 2.每3～4周为一疗程,可连服2～3个疗程，也可连续服用至症状好转，或遵医嘱。",3
蛇莲,白花蛇舌草、半枝莲、丹参、郁金、虎杖、两头尖、川楝子、枳壳炒、天南星制、青黛、全蝎、鳖甲制、桃仁生、鹿角霜、人参、大枣。|蛇莲|蛇莲胶囊,,,口服，每次4粒，每日3次。疗程8周。,2
蛋白水解酶,蛋白水解酶,,,,1
蛋白琥珀酸铁口服溶液,本品主要成份为蛋白琥珀酸铁，系酪蛋白经琥珀酸酐酰化后与三氧化铁络合制得的产物。|蛋白琥珀酸铁口服溶液,,,饭前口服。成人：每日1~2支(相当于三价铁40~80mg)，遵医嘱分两次在饭前口服。儿童：每日按体重1.5ml/kg(相当于每天三价铁4ml/kg体重)，应遵医嘱分两次于饭前口服。,3
蛋白质同化激素,蛋白质同化激素,,,,1
螺内酯,安体舒通|本品主要成分为螺内酯。|螺内酯|螺内酯。|螺内酯片|螺旋内酯,本品主要成分为螺内酯。|螺内酯。,国药准字H33020070,1.成人 (1)治疗水肿性疾病，每日40―120mg，分2―4次服用，至少连服5日。以后酌情调整剂量。 (2)治疗高血压，开始每日40―80mg，分次服用，至少2周，以后酌情调整剂量，不宜与血管紧张素转换酶抑制剂合用，以免增加发生高钾血症的机会。 (3)治疗原发性醛固酮增多症，手术前患者每日用量100―400mg，分2―4次服用。不宜手术的患者，则选用较小剂量维持。 (4)诊断原发性醛固酮增多症。 || 1、成人：（1）治疗水肿性疾病，一日40-120mg，分2-4次服用，至少连服5日。以后酌情调整剂量。（2）治疗高血压，开始一日40-80mg，分次服用，至少2周，以后酌情调整剂量，不宜与血管紧张素转换酶抑制剂合用，以免增加发生高钾血症的机会。（3）治疗原发性醛固酮增多症，手术前患者一日用量100-400mg，分2-4次服用。不宜手术的患者，则选用较小剂量维持。（4）诊断原发性醛固酮增多症。长期试,20
螺哌隆,螺哌隆,,,,1
血余炭,血余炭,,,,1
血塞通,三七总皂苷。|血塞通,三七总皂苷。,,1、血塞通片：口服。一次50-100mg（1片-2片），一日3次。2、血塞通注射液：肌内注射，一次100mg，一日1-2次；静脉注射，一次200-400mg，用5-10％葡萄糖注射液250-500ml稀释后缓慢滴注，一日1次。,2
血小板糖蛋白IIb/IIIa拮抗剂,血小板糖蛋白IIb/IIIa拮抗剂,,,,1
血小板聚集抑制剂,血小板聚集抑制剂,,,,3
血栓溶解剂,血栓溶解剂,,,,6
血液制品,血液制品,,,,1
血管收缩剂,血管收缩剂,,,,2
血管收缩药,血管收缩药,,,,1
血管紧张素Ⅱ受体拮抗剂,血管紧张素Ⅱ受体拮抗剂,,,,1
血管紧张素转换酶抑制剂,血管紧张素转换酶ACE抑制剂|血管紧张素转换酶抑制剂,,,,2
补中益气,炙黄芪、党参、炙甘草、白术炒、当归、升麻、柴胡、陈皮。辅料为生姜、大枣。|炙黄芪、党参、白术炒、当归、升麻、柴胡、陈皮、炙甘草、大枣、生姜。|炙黄芪、党参、白术炒、当归、升麻、柴胡、陈皮、炙甘草、生姜、大枣。|补中益气|补中益气丸|补中益气口服液|补中益气片,炙黄芪、党参、白术炒、当归、升麻、柴胡、陈皮、炙甘草、大枣、生姜。|炙黄芪、党参、白术炒、当归、升麻、柴胡、陈皮、炙甘草、生姜、大枣。,国药准字Z10900027|国药准字Z42020324|国药准字Z50020594,口服。一次8-10丸，一日3次。 || 口服，一次1支，一日2-3次。 || 口服，一次4-5片，一日3次。,9
补中益气丸浓缩,炙黄芪、党参、白术炒、当归、升麻、柴胡、陈皮、炙甘草、生姜、大枣。|补中益气丸浓缩|补中益气丸浓缩丸,炙黄芪、党参、白术炒、当归、升麻、柴胡、陈皮、炙甘草、生姜、大枣。,国药准字Z41021320,口服，一次8-10丸，一日3次。,3
补中益气合剂,补中益气合剂|黄芪蜜炙280g，党参84g，甘草蜜炙140g，白术84g，当归84g，升麻84g，柴胡84g，陈皮84g，生姜28g，大枣56g。,,国药准字Z11021284,口服，一次10-15毫升，一日3次。,3
补气和血,当归、丹参、白芍、甘草、蜈蚣、红参、首乌藤|补气和血|补气和血胶囊,当归、丹参、白芍、甘草、蜈蚣、红参、首乌藤,国药准字B20020123,口服，一次5粒，一日3次。,3
补益强心,人参、黄芪、香加皮、丹参、麦冬、葶苈子。|补益强心|补益强心片,人参、黄芪、香加皮、丹参、麦冬、葶苈子。,国药准字Z20050077,口服。每次4片，一日3次，2周为一个疗程。,3
补肾益寿,红参、制何首乌、枸杞子、淫羊藿、黄精、灵芝、珍珠、丹参、甘草。|补肾益寿|补肾益寿片|补肾益寿胶囊,红参、制何首乌、枸杞子、淫羊藿、黄精、灵芝、珍珠、丹参、甘草。,国药准字Z20060188|国药准字Z50020569,口服。一次1～2片，一日3次。 || 口服，一次1～2粒，一日3次。,6
补肾益脑,补肾益脑|补肾益脑丸|鹿茸去毛、红参、熟地黄、枸杞子、补骨脂盐制、当归、川芎、牛膝、麦冬、五味子、酸枣仁炒、朱砂水飞等16味。,,国药准字Z20025764,8-10粒/次，2次/日。,3
补钙剂,补钙剂,,,,1
补钾药,补钾药,,,,2
表阿霉素,表阿霉素,,,,1
西司他丁,西司他丁,,,,1
西吡氯铵,本品主要成份为西吡氯铵，其化学名称:1－氯化十六烷基吡啶的一水合物。|西吡氯铵|西吡氯铵滴眼液,,,用法:,3
西吡氯铵含,本品主要成份为西吡氯铵。化学名称：1-氯化十六烷基吡啶一水合物分子式：C21H38ClN●H2O分子量：358.01|西吡氯铵含|西吡氯铵含片,,,每次1片，每日3-4次，含于口中使其徐徐溶化。,3
西味替丁,西味替丁,,,,1
西咪替丁,主要成份相关链接:西咪替丁B。|本品每片含主要成份西咪替丁0.2克。辅料为：淀粉、二氧化硅、聚山梨酯80、粘合剂淀粉浆或乙醇、羧甲基淀粉钠、硬脂酸镁。|西咪替丁|西咪替丁注射液|西咪替丁片|西米替丁,,国药准字H37023309,口服。成人一次1片，一日2次，24小时内不超过4次。 || 静脉滴注。本品0.2g用5%葡萄糖注射液或0.9%氯化钠注射液或葡萄糖氯化钠注射液250～500ml稀释后静脉滴注，滴速为每小时1～4mg/kg，每次0.2～0.6g。|静脉注射。用上述溶液20ml稀释后缓慢静脉注射(2～3分钟)，6小时1次，每次0.2g。肌内注射。一次0.2g，6小时1次。,130
西咪替丁氯化钠,本品主要成份:西咪替丁。|西咪替丁氯化钠|西咪替丁氯化钠注射液,,国药准字H20010082,静脉滴注，给药剂量以西咪替丁计，每次0.2～0.4克，每日0.6～1.6克。,3
西地那非,万艾可|伟哥|昔多芬|本品主要成份为枸橼酸西地那非。|本品主要成份为西地那非。|西地那非|西地那非片|金戈,,,1、对大多数患者，推荐剂量为50mg，在性活动前约1小时按需服用；但在性活动前0.5-4小时内的任何时候服用均可。基于药效和耐受性，剂量可增加至100mg（最大推荐剂量）或降低至25mg。每日最多服用1次。在没有性刺激时，推荐剂量的西地那非不起作用。2、下列因素与血浆西地那非水平（AUC）增加有关：年龄65岁以上（增加40％）、肝脏受损（如肝硬化，增加80％）、重度肾损害（肌酐清除率<30毫升/分 || 本品不同剂型、不同规格的用法用量可能存在差异，请阅读具体药物说明书使用，或遵医嘱。枸橼酸西地那非片：1、对大多数患者，推荐剂量为50mg，在性活动前约1小时按需服用；但在性活动前0.5-4小时内的任何时候服用均可。基于药效和耐受性，剂量可增加至100mg（最大推荐剂量）或降低至25mg。每日最多服用1次。在没有性刺激时，推荐剂量的西地那非不起作用。2、下列因素与血浆西地那非水平（AUC）增加有关：,25
西妥昔单抗,本品每50ml溶液含:活性成分:西妥昔单抗100mg。其他成分:磷酸二氢钠20mg;磷酸氢二钠66mg;氯化钠424mg;注射用水加至50ml。|西妥昔单抗|西妥昔单抗注射液,,S20050095,1.建议在经验丰富的实验室按照验证后的方法检测EGFR;西妥昔单单抗必须在有使用抗癌药物经验的医师指导下使用。在用药过程中及用药结束后一小时内，必须密切监察患者的状况，并必须配备复苏设备。 2.首次注滴本品之前，患者必须接受抗组胺药物治疗，建议在随后每次使用本品之前都对患者进行这种治疗。 3.本品每周给药一次。初始计量为400mg/m2体表面积，其后每周250mg/m2体表面积。 4.初次给药时，,3
西布曲明,西布曲明,,,,1
西替利嗪,本品主要成分为盐酸西替利嗪。|西替利嗪,本品主要成分为盐酸西替利嗪。,,盐酸西替利嗪滴剂：口服。1、成人或6岁以上儿童，每次1ml，一日1次。或遵医嘱。2、如出现不良反应，可改为早晚各0.5ml。3、对于季节性过敏性鼻炎，可用于2至6岁儿童，每次0.5ml，每日1次；或每次0.25ml，每日2次。盐酸西替利嗪糖浆：1、口服。2、成人或12岁以上儿童：每次10ml，一天一次，或遵医嘱。若出现不良反应，可改在早晚各一次，每次5ml。3、6-11岁儿童：根据症状的严重程度不,4
西替立嗪,西替立嗪,,,,1
西格列汀二甲双胍片I,捷诺达为复方制剂，其组份为磷酸西格列汀和盐酸二甲双胍。|西格列汀二甲双胍片I,捷诺达为复方制剂，其组份为磷酸西格列汀和盐酸二甲双胍。,,1.一般建议：用捷诺达进行降糖治疗时，应根据患者目前的治疗方案、治疗的有效程度、...,3
西比灵,本品主要成份为盐酸氟桂利嗪。|西比灵,,,1、包括椎基底动脉供血不全在内的中枢性眩晕及外周性眩晕，选用氟桂利嗪每日10-20mg，2-8周为1个疗程。2、特发性耳鸣者，氟桂利嗪10mg，每晚1次，10天为1个疗程。3、间歇性跛行，氟桂利嗪每日10-20mg。4、偏头痛预防，氟桂利嗪每次5-10mg，每日2次。5、脑动脉硬化，脑梗塞恢复期，氟桂利嗪每日5-10mg。,3
西沙必利,本品主要成分是西沙必利。|西沙必利|西沙必利胶囊,本品主要成分是西沙必利。,国药准字H20020655,口服治疗： 1.用量：每日最高服药剂量为30mg。 2.成人：根据病情的程度，每日总量15-30mg，分2-3次给药，每次5mg（剂量可以加倍）。 3.体重为25-50公斤的儿童：最大剂量为5mg，每日四次。可口服片剂或口服混悬液。 4.体重为25公斤以下的婴儿及儿童：每次0.2mg/kg体重，每日三到四次。最好选用混悬液。建议尽量避免与西柚汁一起服用。在肾功能不全时，建议减半日用量。,17
西沙比利,西沙比利,,,,11
西洛他唑,本品活性成分为西洛他唑。化学名称：6-〔4-1-环己基-1H-四唑-5-基丁氧基〕-3，4，二氢-21H-喹诺酮。化学结构式：分子式：C20H27N5O2分子量：369.47|西洛他唑|西洛他唑。化学名：6-4-1-环已基-1H-戊四唑5基丁氧基-3，4-二氢-1H-喹诺酮2|西洛他唑片|西洛他唑胶囊,,,口服，一次100mg(2片)，一日2次，可根据病情适当增减。 || 口服，一次100mg(两粒)，一日2次。可根据病情适当增减。,8
西米普丁,西米普丁,,,,1
西米替丁,西米替丁,,,,35
西索米星,西索米星,,,,1
西罗莫司,西罗莫司|西罗莫司片,西罗莫司,,建议与环孢素和皮质类固醇类合并使用。口服，每日一次。在移植后，应尽可能早地开始服...,4
西罗莫司口服溶液,本品主要成份为西罗莫司，其化学名称为:3S，6R，7E，9R，10R，12R，14S，15E，17E，19E，21S，23S，26R，27R，34aS-9，10，12，13，14，21，22，23，24，25，26，27，32，33，34，34a-十六氢-9，27-二羟基-3-1R-2-1S，3R，4R-4-羟基-3-甲氧环己基-1-甲基乙基-10，21-二甲氧-6，8，12，14，20，26-六甲基-23，27-环氧-3H-吡啶并2，1-c1，4氧杂氮杂三十一环烯-1，5，11，28，294H，6H，31H-戊酮。分子式:C51H79NO13分子量:914.2|西罗莫司口服溶液,,,建议西罗莫司口服溶液与环孢素和皮质类固醇类联合使用。首天负荷剂量单剂量6mg，2...,3
西酞普兰,西酞普兰,,,,3
解毒通淋,八角莲、半枝莲、半边莲、重楼、虎杖等|解毒通淋|解毒通淋丸,八角莲、半枝莲、半边莲、重楼、虎杖等,,口服，一次10-20丸，一日2—3次，小儿及体弱者按量酌减或遵医嘱。,3
解热镇痛抗炎药,解热镇痛抗炎药,,,,1
解热镇痛药,其他含有解热镇痛药的药品|解热镇痛药,,,,11
解痉药,解痉药,,,,4
诺氟沙星,诺氟沙星|诺氟沙星胶囊|诺氟沙星，其化学名为1-乙基-6氟-1，4-二氢-4-氧代-7-1-哌嗪基-3-喹啉羧酸。,,国药准字H44023206,"1.大肠埃希菌?肺炎克雷伯菌及奇异变形菌所致的急性单纯性下尿路感染：一次400mg,一日2次,疗程3日。 2.其他病原菌所致的单纯性尿路感染：剂量同上,疗程7～10日。 3.复杂性尿路感染：剂量同上,疗程10～21日。 4.单纯性淋球菌性尿道炎：单次800～1200mg。 5.急性及慢性前列腺炎：一次400mg,一日2次,疗程28日。 6.肠道感染：一次300～400mg,一日2次,疗程5～7日。",6
诺氟沙星葡萄糖,诺氟沙星。|诺氟沙星葡萄糖|诺氟沙星葡萄糖注射液,诺氟沙星。,国药准字H10910082,"成人一次0.2～0.4g,一日2次,以每分钟30～40滴的速度静脉滴注,7～14日为一疗程。",3
谷氨酰胺,本品主要成份谷氨酰胺。化学名称：L-谷氨酰胺2，5-二氨基-5-氧代戊酸分子式：C5H10N2O3分子量：146.15|谷氨酰胺|谷氨酰胺胶囊,,,口服，一次2粒（0.5g），一日3－4次，或遵医嘱。,3
谷氨酸,谷氨酸,,,,2
谷氨酸钠,谷氨酸钠,,,,2
谷氨酸钾,谷氨酸钾,,,,1
谷维素,本品每片含主要成份谷维素10毫克。辅料为淀粉、糊精、蔗糖、羧甲基淀粉钠、硬脂酸镁、纯化水。|谷维素|谷维素片,,,口服，一次1-2片，一日3次。,3
谷胱甘肽,本品主要成份为谷胱甘肽。|谷胱甘肽|谷胱甘肽。|谷胱甘肽片,谷胱甘肽。,,1、谷胱甘肽片：成人常用量为每次口服400mg（4片），每日三次，疗程12周。2、谷胱甘肽含片：置于颊粘膜与齿龈间含服，成人一日3次，每次0.3g（0.1g每次3片；0.3g每次1片），一般30天为一个疗程。3、注射用谷胱甘肽：（1）静脉注射：将之溶解于100ml、250-500ml生理盐水或5%葡萄糖注射液中静脉滴注。（2）肌内注射：将之溶解于注射用水后肌内注射。疗程一般为30天一个疗程，其他情 || 成人常用量为每次口服400mg，每日三次。疗程12周。,6
谷胱甘肽含,主要成份为谷胱甘肽|谷胱甘肽含|谷胱甘肽含片,,,置于颊粘膜与齿龈间含服。成人一日３次，每次0.3g.30天为一疗程。,3
贝伐单抗,贝伐单抗,,,,1
贝伐珠单抗,"活性成份：贝伐珠单抗人源化抗-VEGF单克隆抗体贝伐珠单抗有100mg和400mg两种规格，对应的体积分别为4ml和16ml25mg/ml，不含防腐剂，以一次性小瓶包装。本品中辅料的组成如下：α,α-双羧海藻糖，磷酸二氢钠一水合物，无水磷酸氢二钠，吐温20和无菌注射用水。|贝伐珠单抗|贝伐珠单抗注射液",,S20120068,1.贝伐珠单抗应该由专业卫生人员采用无菌技术稀释后才可输注.贝伐珠单抗采用静脉输注的方式给药，首次静脉输注时间需持续90 分钟.如果第一次输注耐受性良好，则第二次输注的时间可以缩短到60 分钟.如果患者对60 分钟的输注也具有良好的耐受性，那么随后进行的所有输注都可以用30 分钟的时间完成.建议持续贝伐珠单抗的治疗直至疾病进展为止. 2.特殊剂量说明 (1) 儿童与青少年:对贝伐珠单抗在儿童和青少,3
贝前列素钠,本品主要成份为贝前列素钠。化学名称：±-2，3，3a，8b-四氢-2-羟基-1-3-羟基-4-甲基-1-辛烯-6-炔基-1H-环戊并苯并呋喃-5-丁酸钠分子式：C24H29NaO5分子量：420.48|贝前列素钠|贝前列素钠片,,,通常，成人饭后口服。一次40微克，一日三次。,2
贝敏伪麻,本品为复方制剂，每片含贝诺酯0.3克，盐酸伪麻黄碱30毫克，马来酸氯苯那敏2毫克。辅料为：|贝敏伪麻|贝敏伪麻片,,国药准字H10970230,口服，成人一次1片，一日3次。,3
贝母,贝母,,,,1
贝特类,贝特类,,,,1
贝美前列素,本品主要成份为贝美前列素。化学名称：Z-7-1R，2R，3R，5S-3，5-二羟基-2-1E，3S-3-羟基-5-苯基-1-戊烯基环戊基-5-N-乙基庚烯酰胺分子式：C25H37NO4分子量：415.58|贝美前列素|贝美前列素滴眼液,,,推荐剂量为每日一次，每晚滴一滴于患眼。每日使用本品的次数不得 超过一次，因为有资料表明频繁使用本品可导致其降眼压效果减弱。首次滴用本品约4小时后眼内压开始降低，约于8~12小时之内作用达到最大。本品可以与其他滴眼剂同时使用以降低眼内压。如果同时使用多种 治疗药物，则每两种药物的使用应至少间隔五分钟。,3
贝诺酯,主要成份：贝诺酯。|本品主要成份是贝诺酯，其化学名为4—羟基乙酰苯胺的乙酰水杨酸酯。|贝诺酯|贝诺酯分散片|贝诺酯片|贝诺酯颗粒,贝诺酯,国药准字H10970068|国药准字H20000397,口服。成人一次1-2包，一日3～4次。老年人一日用量不超过5包。 || 口服。成人一次1～2片，一日3～4次；老年人一日用量不超过5片。 || 疗程不超过5天。|1.口服，成人一次0.5～1.5g（2.5～7.5片），一日三次。|2.老年人用药一日不超过2.6g（13片）。,9
贝诺酯维B1,本品为复方制剂，每包含贝诺酯500毫克，维生素B15毫克。辅料为：|贝诺酯维B1|贝诺酯维B1颗粒,,国药准字H13024131,口服。成人一次1～2包，一日3次。温开水冲服。,3
贯叶连翘,贯叶连翘,,,,2
贻晗柠,本品每片含茶苯海明40毫克。辅料为：乳糖、蛋白糖、枸橼酸、环糊精、明胶、硬脂酸镁、薄荷脑、桔子香精、果绿。|贻晗柠,,国药准字H20070019,当开始出现恶心、呕吐、眩晕等症状时含服。成人一次1片，一日不超过5片。12岁以下儿童用量请咨询医师或药师,3
赖氨肌醇维B12口服溶液,本品为复方制剂，每5毫升含盐酸赖氨酸300毫克，维生素B12，15微克，肌醇50毫克；辅料为：苯甲酸钠、香精、蔗糖。|赖氨肌醇维B12口服溶液,,,口服。婴儿，一次2.5毫升；儿童，一次5毫升；一日2～3次，也可用温水或牛奶稀释后服用。,2
赖氨葡锌,本品为复方制剂，每片含盐酸赖氨酸40毫克，葡萄糖酸锌35毫克相当于锌5毫克，辅料为：|本品每包含赖氨酸125毫克、葡萄糖酸锌35毫克|赖氨葡锌|赖氨葡锌片|赖氨葡锌颗粒,本品每包含赖氨酸125毫克、葡萄糖酸锌35毫克,国药准字H20053899,口服。1-6个月新生儿一日半包；7-12个月小儿一日1包；1-10岁小儿一日2包... || 口服。预防用量：|1.1-6个月新生儿：一次0.5片，一日1次。|2.7-12个月儿童：一次0.5片，一日2次。|3.1-10岁儿童：一次1片，一日2次。|4.10岁以上儿童及成人：一次1片，一日3次。|5.孕妇：一次2片，一日2次。|6.哺乳期妇女：一次2.5片，一日2次。,6
赖氨酸磷酸氢钙,本品为复方制剂，每袋含盐酸赖氨酸0.5克，磷酸氢钙0.5克。辅料为：蔗糖。|赖氨酸磷酸氢钙|赖氨酸磷酸氢钙颗粒,,,口服。一次1袋，一日2次，温开水冲服。,3
赖氨酸维B12,本品为复方制剂，其组分为每10G内含盐酸赖氨酸300MG，维生素B1215UG及肌醇50MG.|赖氨酸维B12|赖氨酸维B12颗粒,,,口服，1～5岁，一次5g，一日1～2次；6～12岁，一次 10g，13岁以上10...,3
赖诺普利,本品主要成份为赖诺普利。|赖诺普利|赖诺普利片|赖诺普利胶囊,赖诺普利,国药准字H20000110,1.血压: 始剂量通常为10mg/次，维持剂量10mg/次，最高剂量80mg/次。正服利尿剂的患者，开始本品治疗前3日应停服利尿剂，不能停用利尿剂者，初始剂量降为5mg，随后根据血压调整。利尿剂若需要，可以再次使用。肌酐清除率10～20mL/分的肾衰患者，初始剂量2.5mg～5mg/日;肌酐清除率低于10mL/分者，初始剂量2.5mg/日，最高剂量40mg/日。 2.慢性心功能不全同时合并高血压患 || 口服：一日1次，一般常用剂量为10～40mg，开始剂量为10mg，早餐后服用，根...,7
赖诺普利氢氯噻嗪,本品为复方制剂，每片含赖诺普利10mg、氢氯噻嗪12.5mg。|赖诺普利氢氯噻嗪|赖诺普利氢氯噻嗪片,本品为复方制剂，每片含赖诺普利10mg、氢氯噻嗪12.5mg。,,视病情或个体差异而定，本品宜在医师指导或监护下服用，给药剂量须遵循个体化原则，按疗效予以调整，剂量调整一般需要在使用2～3周后方可进行。但患者单独用赖诺普利或氢氯噻嗪治疗无法获得足够降压效果时，可以采用口服赖诺普利氢氯噻嗪片10mg/12.5mg，一次1片，一日1次，剂量的调整根据服药期间血压变化而定。每天服用25mg氢氯噻嗪可有效地控制血压，但出现显著的钾流失的患者，选择赖诺普利-氢氯噻嗪10m,3
赛洛多辛,本品主要成份为赛洛多辛。|赛洛多辛|赛洛多辛胶囊,,,成人每次4mg（―粒）、毎日2次，早、晚餐后口服，可根据症状酌情减量。,3
赤芍,赤芍,,,,1
车前子,车前子,,,,1
车前番泻,本品为复方制剂，每100克中含卵叶车前草种子52克，卵叶车前草果壳2.2克，番泻果实10～13.15克。辅料为：|车前番泻|车前番泻颗粒,,国药准字J20040103,足够量的水冲服不要咀嚼。成人：一次袋（5克），一日1-2次。通常情况下，晚餐后服用袋如有必要可在早餐前重服一袋。,3
转移因子口服溶液,本品系用健康猪脾脏为原料，制成的含多肽、核苷酸、氨基酸和多核苷酸混合物的溶液。|转移因子口服溶液,本品系用健康猪脾脏为原料，制成的含多肽、核苷酸、氨基酸和多核苷酸混合物的溶液。,,口服，一次10ml，一日1—3次或遵医嘱。,3
软膏,软膏,,,,1
辛伐他汀,主要成份为辛伐他汀。|本品主要成份是辛伐他汀。|辛伐他汀|辛伐他汀。|辛伐他汀分散片|辛伐他汀滴丸|辛伐他汀片|辛伐他汀胶囊,辛伐他汀|辛伐他汀。,,1、口服：如需要可掰开服用。 || 成人常用量口服：10-20mg，每日1次，晚餐时服用。剂量可按需要调整，但最大剂... || 病人在接受辛伐他汀治疗以前应接受标准降胆固醇饮食并在治疗过程中继续维持。其余详见说明书。,22
辣椒碱,辣椒碱|辣椒碱。|辣椒碱乳膏,辣椒碱。,,成人及2岁以上儿童外用。均匀涂抹于疼痛部位，每次l-2个黄豆粒大小的用量；每日3...,3
达克罗宁氯己定硫,本品每克含升华硫100毫克，盐酸达克罗宁5毫克，醋酸氯己定0.5毫克。辅料为：凡士林。|达克罗宁氯己定硫|达克罗宁氯己定硫软膏,,,外用。每晚1次，连续3天后重复第二疗程。外搽颈部以下皮肤，包括所有的皮肤褶皱部位...,3
达格列净,本品主要成份为达格列净。|达格列净|达格列净片,,,1、推荐起始剂量为5mg，每日一次，晨服，不受进食限制。对于需加强血糖控制且耐受5mg每日一次的患者，剂量可增加至10mg每日一次。2、血容量不足的患者：建议在开始本品治疗之前纠正这种情况。3、肾功能不全患者：建议在开始本品治疗之前评估肾功能情况，并在此后定期评估。eGFR低于60mL/min/1.73m2的患者不推荐使用本品治疗。轻度肾功能不全患者（eGFR≥60mL/min/1.73m2)无需 || 本品不同剂型、不同规格的用法用量可能存在差异，请阅读具体药物说明书使用，或遵医嘱。达格列净片：1、推荐起始剂量为5mg，每日一次，晨服，不受进食限制。对于需加强血糖控制且耐受5mg每日一次的患者，剂量可增加至10mg每日一次。2、血容量不足的患者：建议在开始本品治疗之前纠正这种情况。3、肾功能不全患者：建议在开始本品治疗之前评估肾功能情况，并在此后定期评估。eGFR低于60mL/min/1.73m,6
达比加群酯,达比加群酯|达比加群酯化学名：β-丙氨酸，N-2-4-己氧基羰基氨基亚氨甲基苯基氨基甲基-1-甲基-1H-苯并咪唑-5-基羰基-N-2-嘧啶-，乙酯，甲磺酸盐分子式：C34H41N7O5CH4O3S|达比加群酯胶囊,,,口服，应用水整粒吞服，餐时或餐后服用均可。请勿打开胶囊。成人的推荐剂量为每日口服300mg，即每次1粒150mg的胶囊，每日两次，应维持终生治疗。其余详见说明书。,3
达沙替尼,达沙替尼|达沙替尼。|达沙替尼片,达沙替尼。,,口服慢性粒细胞性白血病慢性期：100 mg，每天1次，可增加至140 mg，每天...,3
达泊西汀,本品主要成分为盐酸达泊西汀。|达泊西汀|达泊西汀片,本品主要成分为盐酸达泊西汀。,国药准字H20203169。,1、口服，药片应完整片吞下，建议患者至少用一满杯水送服药物。患者应尽量避免晕厥或头晕等前驱症状所引起的受伤。2、成年男性（18-64岁）：对于所有患者推荐的首次剂量为30mg，需要在性生活之前约1-3小时服用。如果服用30mg后效果不够满意且副作用尚在可接受范围以内，可以将用药剂量增加至最大推荐剂量的60mg。推荐的最大用药剂量使用频率为每24小时一次。本品可以在餐前或餐后服用（参见【药代动力学】 || 本品不同剂型、不同规格的用法用量可能存在差异，请阅读具体药物说明书使用，或遵医嘱。盐酸达泊西汀片：1、口服，药片应完整片吞下，建议患者至少用一满杯水送服药物。患者应尽量避免晕厥或头晕等前驱症状所引起的受伤。2、成年男性（18-64岁）：对于所有患者推荐的首次剂量为30mg，需要在性生活之前约1-3小时服用。如果服用30mg后效果不够满意且副作用尚在可接受范围以内，可以将用药剂量增加至最大推荐剂量的,6
达芦那韦,达芦那韦,,,,1
达芬霖盐酸羟甲唑啉,本品每瓶含盐酸羟甲唑啉5毫克。辅料为：三氯叔丁醇及氯化钠。|达芬霖盐酸羟甲唑啉|达芬霖盐酸羟甲唑啉喷雾剂,,国药准字H20000457,喷鼻。成人和6岁以上儿童，一次一侧1-3喷，早晨和睡前各1次。,3
达菲,本品主要成分为磷酸奥司他韦。|达菲,本品主要成分为磷酸奥司他韦。,H20110314,磷酸奥司他韦可以与食物同服或分开服用。流感的治疗在流感症状开始的第一天或第二天（理想状态为36小时内）就应开始治疗。剂量指导成人和青少年磷酸奥司他韦在成人和13岁以上青少年的推荐口服剂量是每次75毫克，每日2次，共5天。儿童对1岁以上的儿童推荐按照下列体重-剂量表服用体重 推荐剂量（服用5天） ≤15千克 >15-23千克 >23-40千克 >40千克 30毫克，每日2次 45毫克，每日2次 60,2
达那唑,本品主要成份达那唑。|达那唑|达那唑胶囊,,国药准字H31021681,1.子宫内膜异位症，一日量400～800mg，分次服用，连服3～6个月，如停药后症状再出现，可再给药一疗程；(在肝功正常情况下) 2.纤维囊性乳腺病，于月经开始后第一天服药，一次50～200mg，每日2次，如停药后一年内症状复发，可再给药； 3.遗传性血管性水肿，开始一次200mg，每日2～3次，直到疗效出现，维持量一般是开始量的50%或更少，在1～3个月或更长一段的间隔时间递减，根据治疗前发病的,5
过氧化氢溶液,本品主要成份为：过氧化氢。|过氧化氢溶液,,,清洁伤口，3%溶液。,3
过氧化苯甲酰,过氧化苯甲酰|过氧化苯甲酰水性凝胶,,,,3
过氧苯甲酰,过氧苯甲酰,,,,2
过氧苯甲酰凝胶,本品每克含过氧苯甲酰50毫克。其辅料为:聚山梨酯80、甘油、羟苯乙酯、卡波姆等。|过氧苯甲酰凝胶,,,洗净患处，轻轻揩干，取适量本品涂于悲处，一日1~2次。,3
远志,远志,,,,1
连翘,连翘,,,,1
迪尔诺,本品每毫升含主要成份布洛芬20毫克，辅料为甘油、聚山梨酯80、乙二胺四乙酸二钠、枸橼酸、桔子香精、蔗糖、甘露醇、羟丙甲纤维素、纯化水、防腐剂苯甲酸钠、色素胭脂红。|迪尔诺,,国药准字H10980021,口服。12岁以下小儿用量：,3
迭康唑,迭康唑,,,,1
选择性5-羟色胺再摄取抑制剂,选择性5-羟色胺再摄取抑制剂,,,,1
透明质酸酶,透明质酸酶,,,,1
速克感冒,忍冬藤、野菊花、射干、阿司匹林、马来酸氯苯那敏、维生素Ｃ。|速克感冒|速克感冒胶囊,忍冬藤、野菊花、射干、阿司匹林、马来酸氯苯那敏、维生素Ｃ。,,口服。一次1-2粒，一日3次。,2
速尿,速尿,,,,5
速效胰岛素类似物,速效胰岛素类似物,,,,2
避孕套,避孕套,,,,1
避孕药,避孕药,,,,31
避孕药雌激素类,避孕药雌激素类,,,,4
那格列奈,那格列奈|那格列奈。|那格列奈片,那格列奈。,,"本品的常用剂量为餐前120mg,可单独应用,也可与二甲双胍联合应用,剂量应根据定...",3
那非那韦,那非那韦,,,,2
酊剂,酊剂,,,,7
酒石酸伐尼克兰,本品主要成份为酒石酸伐尼克兰。|酒石酸伐尼克兰|酒石酸伐尼克兰片,,,1、本品应用水整片吞服，餐前餐后均可服用。首先按如下方法进行1周的剂量递增，之后推荐剂量为每日2次，每次1mg。（1）第1-3日：0.5mg，每日1次（白色片）。（2）第4-7日：0.5mg，每日2次（白色片）。（3）第8日-治疗结束：1mg，每日2次（淡蓝色片）2、患者应设定戒烟日期并在此日期前1-2周开始服用本品。对无法耐受本品不良反应的患者，可暂时或长期将剂量降至每日2次，每次0.5mg。本 || 本品不同剂型、不同规格的用法用量可能存在差异，请阅读具体药物说明书使用，或遵医嘱。酒石酸伐尼克兰片：1、本品应用水整片吞服，餐前餐后均可服用。首先按如下方法进行1周的剂量递增，之后推荐剂量为每日2次，每次1mg。（1）第1-3日：0.5mg，每日1次（白色片）。（2）第4-7日：0.5mg，每日2次（白色片）。（3）第8日-治疗结束：1mg，每日2次（淡蓝色片）2、患者应设定戒烟日期并在此日期前1,6
酒石酸托特罗定,"本品活性成份为酒石酸托特罗定。化学名称：R-N,N-二异丙基-3-2-羟基-5-甲基苯基-3-苯丙胺L+-酒石酸盐分子式：C22H31NO·C4H6O6分子量：475.57|酒石酸托特罗定|酒石酸托特罗定片",,,口服。成人:推荐剂量为一次4mg，一日1次。可以根据个体反应和耐受性，将剂量从4mg减至2mg，每日一次。肾损伤:在肾功能重度受损的患者中(肾小球滤过率30ml/min)，推荐剂量是2mg，每日一次(见注意事项)。肝损伤:在肝功能受损的患者中，推荐剂量是2mg，每日一次(见注意事项)。,3
酒石酸托特罗定缓释,本品主要成分为R-N，N-二异丙基-3-2-羟基-5-甲基苯基-3-苯基丙胺L+-酒石酸盐。|酒石酸托特罗定缓释|酒石酸托特罗定缓释胶囊,,H20110131,初始的推荐剂量为每次2mg，每日二次。根据病人的反应和耐受程度，剂量可下调到每次1mg，每日二次。对于肝功能不全或正在服用CYP3A4抑制剂(见药物相互作用)的患者，推荐剂量是每次1mg，每日二次。,3
酒石酸溴奠尼定,酒石酸溴奠尼定|酒石酸溴奠尼定滴眼液|酒石酸溴莫尼定,酒石酸溴莫尼定,进口药品注册证号：H20030268,滴入眼睑内。常规剂量滴患眼每日2次，每次1滴。眼内压在下午达高峰的患者或眼内压需额外控制的患者，下午可增加一滴。,1
酒石酸溴莫尼定,本品主要成份为酒石酸溴莫尼定，每支含苯扎溴铵0.25mg。化学名称：5-溴-6-2-咪唑双烯氨喹嚦啉L-酒石酸盐。|酒石酸溴奠尼定|酒石酸溴奠尼定滴眼液|酒石酸溴莫尼定|酒石酸溴莫尼定滴眼液,,,滴入眼睑内。常规剂量滴患眼每日2次，每次1滴。眼内压在下午达高峰的患者或眼内压需额外控制的患者，下午可增加一滴。0.2%酒石酸溴莫尼定滴眼液可能会与其他眼表应用的降眼内压药物合用，但用药间隔应大于5分钟。,5
酒石酸盐,酒石酸盐,,,,1
酒石酸罗格列酮,本品主要成份为酒石酸罗格列酮|本品活性成份为酒石酸罗格列酮。化学名称：±-5-4-2-甲基-2-吡啶氨基乙氧基苯基甲基-2，4-噻唑烷二酮L+-酒石酸盐分子式：C18H19N3O3S·C4H6O6分子量：507.51|酒石酸罗格列酮|酒石酸罗格列酮分散片|酒石酸罗格列酮片,,,糖尿病的治疗应个体化。品为分散片，使用时将其加入适量水中，搅拌均匀后服用。本品的起始用量为4mg/日，一次4mg(即1片)，一日1次。经12周的治疗后，若空腹血糖控制不理想，可加量至一日8mg(即2片)，一日1次或分两次服用(早、晚各1次)。本品可于空腹或进餐时服用。单药治疗 本品的起始用量4mg/日，一次4mg(即1片)，一日1次。临床试验表明， 一次4mg(即1片)、一日2次可更明显降低患者的 || 糖尿病的治疗应个体化。所有患者应从最低推荐剂量开始服用。进一步增加本品剂量应根据...,5
酒石酸美托洛尔,1-异丙氨基-3-对-2-甲氧乙基苯氧基-2-丙醇L+-酒石酸盐|本品主要成份为酒石酸美托洛尔。|酒石酸美托洛尔|酒石酸美托洛尔注射液|酒石酸美托洛尔片|酒石酸美托洛尔缓释片,1-异丙氨基-3-对-2-甲氧乙基苯氧基-2-丙醇L+-酒石酸盐,H20070300,1.静脉应用倍他乐克，应该在有经验的医师指导下进行。同时，应仔细监测患者的血压和心电图，并备有复苏抢救设施。 2.室上性快速型心律失常:开始时以1～2mg/min的速度静脉给药，用量可达5mg(5ml);如病情需要，可间隔5分钟重复注射，总剂量10～15mg(静脉注射后4～6小时，心律失常已经控制，用口服制剂维持，一日2～3次，每次剂量不超过50mg)。 3.预防和治疗确诊或可疑急性心肌梗死患者的 || 1、口服，剂量应个体化，以免心动过缓的发生。2、应空腹服药，进餐时服药可使美托洛尔的生物利用度增加40%。3、治疗高血压：每日100-200mg，分1至2次服用。4、急性心肌梗死：主张在早期，即最初的几小时内使用，因为即刻使用在未能溶栓的患者中可减小梗死范围、降低短期（15天）死亡率（此作用在用药后24小时即出现）。在已经溶栓的患者中可降低再梗死率与再缺血率，若在2小时内用药还可以降低死亡率。一般 || 治疗高血压100～200mg/次，一日两次的疗效相当于阿替洛尔100mg/次，一...,9
酒石酸美托洛尔缓释片II,本品主要成份为：酒石酸美托洛尔。|酒石酸美托洛尔缓释片II,,,口服：一日0.1g，早晨顿服或遵医嘱。,3
酒精,乙醇|酒精,,,,9
酚,酚,,,,3
酚咖,本品为复方制剂，每片含主要成份为对乙酰氨基酚500毫克和咖啡因65毫克。辅料为:玉米淀粉、预胶化淀粉、聚乙烯吡咯烷酮、山梨酸钾、交联羧甲基纤维素钠、硬脂酸、滑石粉、三乙酸甘油酯和羟丙基甲基纤维素。|酚咖|酚咖片,,,口服。成人一次1片，若症状不缓解，间隔4-6小时可重复用药一次，24小时内不超过...,3
酚妥拉明,本品主要成分为甲磺酸酚妥拉明。|酚妥拉明,本品主要成分为甲磺酸酚妥拉明。,,本品不同剂型、不同规格的用法用量可能存在差异，请阅读具体药物说明书使用，或遵医嘱。甲磺酸酚妥拉明片：1、口服，每次40mg，在性生活前30分钟服用，每日最多服用一次。2、根据需要及耐受程度，剂量可调整至60mg，最大推荐剂量为80mg。甲磺酸酚妥拉明胶囊：口服，性活动前30分钟服用，每次40mg（一粒），一日用药不超过1次。甲磺酸酚妥拉明注射液：1、成人常用量：（1）用于酚妥拉明试验，静脉注射5m,22
酚氨咖敏,本品为复方制剂，其组份为:氨基比林0.1g，对乙酰氨基酚0.150g，咖啡因30mg，马来酸氯苯那敏2mg。|酚氨咖敏|酚氨咖敏片,,国药准字H61023589,一次1片，一日3次。,3
酚磺乙胺氯化钠,酚磺乙胺|酚磺乙胺氯化钠|酚磺乙胺氯化钠注射液,酚磺乙胺,,静脉滴注：1.治疗出血：一次0.5g，一日2～3次；或遵医嘱2．预防手术后出血：术前15～30分钟静滴0.5g。根据临床需要，必要时2小时后再静滴0.25g。每日总量0.5～1.5g。,3
酚苄明,酚苄明,,,,1
酪酸梭菌二联活菌,酪酸梭状芽孢杆菌活菌菌粉、婴儿型双歧杆菌活菌菌粉。|酪酸梭菌二联活菌|酪酸梭菌二联活菌散|酪酸梭菌二联活菌胶囊,酪酸梭状芽孢杆菌活菌菌粉、婴儿型双歧杆菌活菌菌粉。|酪酸梭菌二联活菌,国药准字S20020014|国药准字S20020015,1  成人口服，一次3粒/袋，一天2次，用凉开水送服。急性腹泻，连用3－7天；慢性腹泻，连用14－21天，或遵医嘱。2  儿童口服，一次1粒/袋，一天2次，或遵医嘱。不能吞服胶囊者，可取胶囊内容物粉末用凉开水，果汁或牛奶送服。 || 口服，一次3粒，一天2次，用凉开水送服，急性腹泻，连用3~7天；慢性腹泻，连用14~21天，或遵医嘱。,6
酪酸梭菌活菌,本品每袋含酪酸梭菌活菌数不低于7.5×106CFU。辅料为葡萄糖。|酪酸梭菌|酪酸梭菌活菌|酪酸梭菌活菌。|酪酸梭菌活菌散|酪酸梭菌活菌片|酪酸梭菌活菌胶囊,酪酸梭菌|酪酸梭菌活菌。,国药准字S20040083|国药准字S20040084|国药准字S20040088,口服，儿童，一次1袋，一天2-3次；成人，一次2袋，一天3次。用温开水冲服。急性腹泻，疗程3-7天：慢性腹泻，疗程14-21天。 || 口服，成人，一次2片，一天3次。用温开水送服。急性腹泻，疗程3~7天；慢性腹泻，疗程14~21天，或遵医嘱。 || 口服，成人，一次3粒，一天2次。急性腹泻，疗程3～7天；慢性腹泻，疗程14～21天。,9
酪酸梭菌肠球菌三联活菌,本品每1片中含有以下成份：乳酸菌肠球菌StreptococcusfaecalisT-1102mg；酪酸梭菌ClostridiumbutyricumTO-A芽孢10mg；糖化菌BacillusmesentericusTO-A芽孢10mg。|酪酸梭菌肠球菌三联活菌|酪酸梭菌肠球菌三联活菌片,,,口服。成人一次2片，一日3次；5周岁以上、15周岁以下按成人的半量服用。3个月以...,3
酮咯酸氨丁三醇,本品主要成份为酮咯酸氨丁三醇。|酮咯酸氨丁三醇|酮咯酸氨丁三醇滴眼液,,H20120374,为解除因季节性过敏性结膜炎所致的眼部瘙痒，酮咯酸氨丁三醇滴眼液的推荐剂量是每次1滴(0.25mg)，每日4次。治疗白内障摘除术后患者的术后炎症时，应于白内障术后24小时开始。滴酮咯酸氨丁三醇滴眼液于患眼中，每次1滴，每日4次，连用两周。,3
酮康唑,酮康唑,,,,123
酮洛芬缓释,本品主要成分为酮洛芬|酮洛芬缓释|酮洛芬缓释胶囊,本品主要成分为酮洛芬,国药准字H20000556,成人口服：每次75mg-100mg，每日二次或一次0.2g（1粒），一日1次。每日最大剂量不超过0.2g（1粒）。为避免对胃肠道刺激，应饭后服用，整个胶囊吞服。,3
酰胺咪嗪,酰胺咪嗪,,,,5
酰脲类,酰脲类,,,,1
酸性药物,酸性药物|酸性较强药物,,,,1
酸枣仁,1、本品含皂苷，其组成为酸枣仁皂苷A及B。并含三萜类化合物及黄酮类化合物。此外，含大量脂肪油和多种氨基酸、维生素C、多糖及植物甾醇等。2、2015年版《中国药典》规定：含酸枣仁皂苷AC58H94O26不得少于0.030%，含斯皮诺素C28H32O15不得少于0.080%。|酸枣仁,,,煎服，9-15g。研末吞服，每次1.5-2g。,2
酸碱性药物,酸碱性药物,,,,1
醋氨己酸锌,本品主要成份为醋氨己酸锌。|醋氨己酸锌|醋氨己酸锌胶囊,,国药准字H20093401,口服，一次0.15～0.3g(一次1～2粒)，一日3次，饭后服用。疗程4～6周。,3
醋氯芬酸,本品主要成份：醋氯芬酸。|本品主要成分为:醋氯芬酸。|本品主要成分为醋氯芬酸。|醋氯芬酸|醋氯芬酸。|醋氯芬酸。化学名称：2-2.6—二氯苯基氨基苯乙酰氧基乙酸分子式：C16H13Cl2NO4分子量：354.19|醋氯芬酸分散片|醋氯芬酸片|醋氯芬酸缓释片|醋氯芬酸肠溶片|醋氯芬酸胶囊,本品主要成分为:醋氯芬酸。|本品主要成分为醋氯芬酸。|醋氯芬酸。,国药准字H20041480|国药准字H20041481|国药准字H20050272|国药准字H20090011,1. 本品为肠溶衣片，应吞服，亦可与食物同服。 2. 成人每日推荐最大剂量为200mg(4片)，早?晚各1次，每次2片。 || 1.口服，用至少半杯水送下，可与食物同服。|2.成人每日两次，每次1粒(1ｏｏmg)或遵医嘱。每日推荐最大剂量为4粒。|3.肝功能不全病人、具有轻、中度肝功能不全的病人应减少醋氯芬酸用药剂量，推荐初始剂量为每天1粒(100mg)。|4.肾功能不全病人、轻、中度肾功能不全患者无需调整剂量，但应慎用。 || 口服:必须整片吞服，勿嚼碎。每次0.2g(一片)，每日一次，或遵医嘱。?,15
醋氯芬酸肠溶,本品主要成份为醋氯芬酸。|醋氯芬酸肠溶|醋氯芬酸肠溶胶囊,,国药准字H20050479,1. 口服，用至少半杯水送下，可与食物同服。2. 成人一日2次，一次1粒（0.1g）或遵医嘱。3. 肝功能不全病人:具有轻、中度肝功能不全的病人应减少醋氯芬酸用药剂量，推荐初始剂量为每天1粒（0.1g）。4. 肾功能不全病人:轻、中度肾功能不全患者无需调整剂量，但应慎用。,3
醋甲唑胺,本品主要成分为醋甲唑胺。化学名称：N－4－甲基－2－氨基磺酰基－△2－1，3，4－噻二唑啉－5－亚基－乙酰胺。分子式：C5H8N4O3S2分子量：236.28|醋甲唑胺|醋甲唑胺片,,,成人口服初始用药时，用25mg，一日二次，这一剂量常可使眼压下降4～5mmHg，且副作用最小。如用药后降眼压效果不理想，剂量可加大为50mg，一日二次。,3
醋竹桃霉素,醋竹桃霉素,,,,1
醋羟胺酸,醋羟胺酸|醋羟胺酸胶囊,醋羟胺酸,,口服，一次0.25g，一日3次。,3
醋酸去氨加压素,醋酸去氨加压素|醋酸去氨加压素。化学名称：1-去氨基-8-D-精氨酸加压素醋酸盐。分子式：C46H64N14O12S2·XC2H4O2分子量：1129.35·X60.02|醋酸去氨加压素片,,,剂量因人而异，应区分调整。治疗中枢性尿崩症：一般成人和儿童的初始适宜剂量为为每...,3
醋酸可的松,"主要成份醋酸可的松。其化学名称为：17a,21-二羟基孕甾-4-烯-3,11,20-三酮21-醋酸酯。|本品主要成份醋酸可的松。|醋酸可的松|醋酸可的松注射液|醋酸可的松滴眼液|醋酸可的松片",,国药准字H31020525|国药准字H37021965|国药准字H37023482,主要用于肾上腺皮质功能减退.而不能口服糖皮质激素者，在应激状况下，肌内注射50～300mg/日. || 口服。|1.治疗肾上腺皮质功能减退，成人一般每日剂量25～37.5mg，清晨服2/3，下午服1/2。|2.当患者有应激状况时(如发热?感染)，应适当加量。有严重应激时，应改为氢化可的松静脉注射。 || 滴眼。将本品滴入结膜囊内一次1-2滴一日3-4次。用前摇匀。,9
醋酸可的松眼膏,主要成份醋酸可的松。|醋酸可的松眼膏,,国药准字H11021243,每晚睡前一次，涂于结膜囊内。,3
醋酸地塞米松,"本品为复方制剂，每克含醋酸地塞米松0.75毫克，樟脑10毫克，薄荷脑10毫克。|本品为复方制剂，每克含醋酸地塞米松0.75毫克，樟脑10毫克，薄荷脑10毫克。辅料为：羟苯乙酯、甘油、平平加O、十六十八醇、单硬脂酸甘油酯、轻质液状石蜡、白凡士林、丙二醇。|本品主要成分为醋酸地塞米松。其化学名为:16α-甲基-11β,17α,21-三羟基-9α-氟孕甾-1,4-二烯-3,20-二酮-21-醋酸酯。|醋酸地塞米松|醋酸地塞米松。化学名：16α-甲基-11β,17α,21-三羟基-9α-氟孕甾-1,4-二烯-3,20-二酮-21-醋酸酯。分子式：C24H31FO6分子量：434.50。|醋酸地塞米松乳膏|醋酸地塞米松注射液|醋酸地塞米松片",本品为复方制剂，每克含醋酸地塞米松0.75毫克，樟脑10毫克，薄荷脑10毫克。,国药准字H31021399|国药准字H31021586|国药准字H44024439,1.外用。一日1-2次，取少量涂于患处，并轻揉片刻。 2.口服，成人开始剂量为一次0.75-3.00mg(1-4片)，一日2-4次。维持量约一日0.75mg(1片)，视病情而定。 || 1.肌注：一次1-8mg，一日一次；也可用于腱鞘内注射或关节腔，软组织的损伤部位内注射，一次0.8-6mg，间隔2周一次。|2.局部皮内注射，每点0.05-0.25mg，共2.5mg，一周一次。鼻腔、喉头、气管、中耳腔、耳管注入0.1-0.2mg，一日1-3次。|3.静脉注射一般2-20mg。 || 口服，成人开始剂量为一次0.75~3.00mg（1~4片），一日2~4次。维持量...,12
醋酸地塞米松微粉化,本品为复方制剂，每克含醋酸地塞米松0.75毫克，樟脑10毫克，薄荷脑10毫克。|醋酸地塞米松微粉化,本品为复方制剂，每克含醋酸地塞米松0.75毫克，樟脑10毫克，薄荷脑10毫克。,H20090017,1.外用。一日1-2次，取少量涂于患处，并轻揉片刻。|2.口服，成人开始剂量为一次0.75-3.00mg(1-4片)，一日2-4次。维持量约一日0.75mg(1片)，视病情而定。,3
醋酸奥曲肽,本品主要成份为醋酸奥曲肽。辅料、乳酸，甘露醇。|醋酸奥曲肽|醋酸奥曲肽注射液,,国药准字H20061309,口服：每日2～3次，每次10mg。,3
醋酸曲安奈德,本品成份为醋酸曲安奈德。化学名称:16α，17-甲基亚乙基双氧-11β，21-二羟基-9-氟孕甾-1，4-二烯-3，20-二酮-21-醋酸酯。|醋酸曲安奈德|醋酸曲安奈德注射液,,国药准字H20063226,1. 肌注:一周1次，一次20～100mg。 2. 关节腔或皮下注射:一般一次2.5～5mg。,3
醋酸氢化可的松,"本品主要成分为醋酸氢化可的松。其化学名为:11β,17α,21-三羟基孕甾-4-烯-3,20-二酮-21-醋酸酯。|本品主要成分为醋酸氢化可的松，其化学名称为：11β，17α，21-三羟基孕甾-4-烯-3，20-二酮-21-醋酸醋。|醋酸氢化可的松|醋酸氢化可的松注射液|醋酸氢化可的松片",,国药准字H11020062|国药准字H31021270,1.口服:一日20-30mg，清晨服2/3，午餐后服1/3，在应激状况时，应适量加量，可增至一日80mg，分次服用。 2.小儿的治疗剂量一日20-25mg/M2，分3次服用。 || 1.肌内注射: 一日20~40mg，静脉滴注 一次100mg，一日一次。|2.临用前加25倍的氯化钠注射液或5%葡萄糖注射液500ml稀释后静脉滴注，同时加用维生素C 0.5~1g。,6
醋酸氢化可的松眼膏,主要成份醋酸氢化可的松。|醋酸氢化可的松眼膏,,国药准字H11021409,涂于眼睑内，一日3次。,3
醋酸氯己定,醋酸氯己定|醋酸氯己定软膏,醋酸氯己定,国药准字H11021492,局部外用。先用适当方法将患部清洗干净，再取适量本品涂于患处，一日1次或隔日1次,5
醋酸氯己定栓,醋酸氯己定。|醋酸氯己定栓,醋酸氯己定。,国药准字H51021628,阴道给药，先将外阴部洗净，然后戴上指套将药栓送入阴道深部。宫颈糜烂，月经后每日1粒，连用5～7粒为一疗程；阴道炎，每日1粒，连用3～5粒为一疗程。,3
醋酸氯己定溶液,本品主要成分为醋酸氯已定。|醋酸氯己定溶液,本品主要成分为醋酸氯已定。,,1.皮肤外用。2.可直接用0.05%溶液局部皮肤及粘膜消毒。3.创面及阴道冲洗。每日1-2次，每次一至两支，或遵医嘱。,2
醋酸氯己定痔疮栓,本品每枚含主要成份醋酸氯己定20毫克。辅料为：成型剂半合成脂肪酸甘油酯。|醋酸氯己定痔疮栓,,国药准字H20057703,直肠给药。一次20mg，一日1～2次。使用前将手和肛门洗净，将塑料硬片从下端缺口处撕开，取塑料指套一只，套在食指上，取出栓剂，持栓剂下端，轻轻塞入肛门。,3
醋酸泼尼松,​本品主要成份为醋酸泼尼松。|醋酸泼尼松|醋酸泼尼松片,,,1、口服，一般一次5-10mg（1-2片），一日10-60mg（2-12片）。必要时酌量增减，由医生决定。对于系统性红斑狼疮、肾病综合征、溃疡性结肠炎、自身免疫性溶血性贫血等自身免疫性疾病，可给每日40-60mg（8-12片），病情稳定后逐渐减量。2、对药物性皮炎、荨麻疹、支气管哮喘等过敏性疾病，可给泼尼松每日20-40mg（4-8片）。症状减轻后减量，每隔1-2日减少5mg（1片）。3、防止器官,3
醋酸泼尼松龙,本品主要成份为醋酸泼尼松龙。辅料为吐温-80﹑CMC-Na﹑氯化钠﹑硫柳汞钠﹑注射用水。|本品主要成分为醋酸泼尼松龙。|醋酸泼尼松龙|醋酸泼尼松龙注射液|醋酸泼尼松龙片,本品主要成分为醋酸泼尼松龙。,国药准字H20023134|国药准字H31020771,口服用于治疗过敏性?自身免疫性炎症性疾病。 1.成人开始一日15～40mg（3-8片）(根据病情)，需要时可用到60mg（12片）或一日0.5～1mg/kg，发热患者分3次服用，体温正常者每日晨起一次顿服。 2.病情稳定后逐渐减量，维持量5～10mg（1-2片），视病情而定。 3.小儿开始用量一日1mg/kg。 || 肌注或关节腔注射：一日10～40mg，必要时可加量。,6
醋酸洗必泰栓,醋酸氯己定。|醋酸洗必泰栓,醋酸氯己定。,国药准字H21020474,先将外阴部洗净，然后把药栓送入阴部深部。宫颈糜烂，月经后每日一枚，连用5―7枚为一疗程；阴道炎，每日1枚，连用3―5枚为一疗程。,3
醋酸环丙孕酮,本品主要成分醋酸环丙孕酮。|醋酸环丙孕酮|醋酸环丙孕酮片,本品主要成分醋酸环丙孕酮。,国药准字H20056391,1.男性降低性欲倒错的冲动 (1)用于男性降低性欲倒错的冲动在餐后以水送服药片。 (2)一般从每次1片、每日2次开始治疗。 (3)可能有必要将剂量增至每次2片、每日2次，甚至短时间内每次2片、每日3次。 (4)获满意效果后，应尽量以最低可能剂量来维持疗效。通常每次1/2片、每日2次已足够。在确定维持剂量或停止用药时，不要突然减少剂量，而应逐渐减少。 (5)为此，应每间隔几个星期将每日剂量减少1片，,3
醋酸甲地孕酮,本品主要成分为醋酸甲地孕酮.|醋酸甲地孕酮|醋酸甲地孕酮片,本品主要成分为醋酸甲地孕酮.,国药准字H20053712,乳腺癌:一日160mg，一日剂量，一次或分次服用。子宫内膜癌:根据疾病的情况，一日40―320mg，一日剂量，一次或分次服用。或遵医嘱。,3
醋酸甲羟孕酮,"本品主要成分为：醋酸甲羟孕酮。化学名称:6α-甲基-17α-羟基孕甾-4-烯-3,20-二酮醋酸酯。分子式：C24H34O4分子量：386.53|醋酸甲羟孕酮|醋酸甲羟孕酮.其化学名称为：6a-甲基-17a-羟基孕甾-4-烯-3,20-二酮醋酸酯。|醋酸甲羟孕酮注射液|醋酸甲羟孕酮片",,H20050057,1.避孕(抑制排卵)150mg/次，每3个月深部肌注1次。 2.首次注射应在正常自发月经的头5天之内使用;产后不哺乳妇女产后5日之内即可使用;产后哺乳妇女在产后6周或之前均可使用。 3.子宫内膜异位每周50mg或每2周100mg肌注1次，至少进行6个月疗程。 4.更年期血管舒缩症状每3个月150mg深部肌注1次。 5.子宫内膜癌及肾癌初始剂量为每周肌注400-1000mg，如果数周或数月内病情改善 || 给药途径：口服。本品须在有经验医生指导下服用。乳腺癌：推荐每日 500-1500mg，甚至每日高达 2g （大剂量可分成每天 2-3次用药）。子宫内膜癌、前列腺癌及肾癌等激素依赖性肿瘤：每日 100－500mg。一般一次 100mg，一日三次；或一次口服 500mg，每日一次。,9
醋酸甲萘氢醌,本品主要成份为醋酸甲萘氢醌。|醋酸甲萘氢醌|醋酸甲萘氢醌片,,,口服。一次2-4mg（0.5-1片），一日3次。,2
醋酸钙,本品主要成份为醋酸钙。|本品每粒含醋酸钙0.6克。辅料为：硬脂酸镁。|醋酸钙|醋酸钙片|醋酸钙胶囊|醋酸钙颗粒|醋酸钙，辅料为蔗糖。,,,口服。一次1包，一日2次，温水冲服。 || 口服。一次1粒，一日1次。 || 口服。在餐前或餐中服用，一次2-4片。每日三次或遵医嘱。,9
醋酸钠林格,本品为复方制剂，其组分为：氯化钠、氯化钾、氯化钙、醋酸钠。辅料为盐酸、注射用水。|醋酸钠林格|醋酸钠林格注射液,,国药准字H20100138,静脉滴注。常用量一次500～1000毫升。,3
醋酸阿比特龙,醋酸阿比特龙|醋酸阿比特龙片,醋酸阿比特龙,,推荐剂量,3
醋酸麦迪霉素,"本品主要成分为乙酰麦迪霉素，化学名称为3R，4S，5S，6R，8R，9R，10E，12E，15R-9-乙酰氧基-5-3，6-二脱氧-4-O-3-O-乙酰基-2,6-二脱氧-3-C-甲基-4-O-丙酰基-β-L-核糖-己吡喃糖基-3-二甲胺基-β-D-吡喃葡萄糖基氧基-4-甲氧基-8，15-二甲基-3-丙酰氧基-1-氧代-氧杂环十碳-10,12-二烯-6-乙醛。|醋酸麦迪霉素|醋酸麦迪霉素颗粒",,国药准字H53020504,口服。 1.成人一日0.6～1.2g； 2.小儿按体重一日20～40mg/kg，分3～4次服用。,3
醛固酮拮抗剂,醛固酮拮抗剂|醛固酮的拮抗剂,,,,1
采森牌多种维生素,每片含：维生素A0.2mg、维生素B10.5mg、维生素B20.5mg、维生素B60.5mg、维生素C27mg、维生素D2μg、叶酸0.09mg、钙250mg、铁5.28mg、锌4.52mg、硒14.92μg。|采森牌多种维生素|采森牌多种维生素片,,国食健字G20040945,4-7岁每日1次，每次1片；8岁以上每日2次，每次1片。,3
重组乙型肝炎疫苗酿酒酵母,本品主要成份:1剂量1.0ml含有吸附的20微克重组乙肝病毒表面抗原S蛋白。1剂量0.5ml含有吸附的10微克重组乙肝病毒表面抗原S蛋白。辅料:氢氧化铝、聚山梨醇脂20、氯化钠、磷酸二氢钠、磷酸氢二钠、注射用水。|重组乙型肝炎疫苗酿酒酵母,,S20100068,"1.剂量：20μg剂量疫苗（1.0ml 悬液）：用于成人和1.岁以上儿童接种。 
2.接种方法：重组（酵母）乙型肝炎疫苗应于肌肉注射，成人和儿童接种于上臂三角肌，新生儿、婴儿和小儿童接种于大腿前外侧。特殊情况下，血小板减少症和出血性疾病患者可皮下注射。",3
重组人5型腺病毒,主要成份名称:删除E1B-55kD和E2区基因片段78.3-85.8mu的重组人5型腺病毒颗粒。辅料名称:氯化钠﹑氯化钾﹑甘油﹑磷酸二氢钾﹑磷酸氢二钠。|重组人5型腺病毒|重组人5型腺病毒注射液,,国药准字S20060027,本品与化疗药物同步使用，直接瘤内注射，每日1次，连续5天，21天为1个周期，最多不超过5个周期。根据肿瘤体积大小以及病灶的多少决定本品注射剂量，具体规定为:|1.只有1个浅表病灶:如病灶最大径≤5cm，注射本品5.0×1011vp/日(1支)。如病灶最大径≤10cm，注射本品1.0×1012vp/日(2支)。如病灶最大径>10cm，注射本品1.5×1012vp/日(。支)。|2.有2个浅表病灶:如,3
重组人干扰素α2a,注射用重组人干扰素α-2a|重组人干扰素α2a,,,,1
重组人干扰素α2b,本品主要成份:重组人干扰素α2b.|本品主要成份为重组人干扰素α2b。|重组人干扰素α2b|重组人干扰素α2b乳膏|重组人干扰素α2b注射液|重组人干扰素α2b滴眼液,重组人干扰素α2b,国药准字S19980082|国药准字S20020102|国药准字S20040010,"本品可以皮下注射. 肌肉注射和病灶注射。1. 慢性乙型肝炎：皮下或肌肉注射，3～6×106IU/日，连用四周后改为3次/周，连用16周以上。2. 急慢性丙型肝炎：皮下或肌肉注射，3～6×106IU/日，连用四周后改为3次/周，连用16周以上。3. 尖锐湿疣：可单独应用，肌肉注射，1～3×106IU/日，连用四周。也可与激光或电灼等合用，一般采用疣体基底部注射，1×106IU/次。4. 毛细胞白血病 || 涂患处,每日4次。1. 尖锐湿疣连续用药6-8周,或遵医嘱。2. 口唇疱疹及生殖器疱疹连续用药1周,或遵医嘱。 || 直接将本品滴于患眼的结膜囊内，每日6次，每次1～2滴，滴后闭眼1～2分钟。一般二周为一疗程，必要时可遵医嘱。",9
重组甘精胰岛素,1.甘精胰岛素。2.其它成份:氯化锌，间甲酚，甘油，氢氧化钠，盐酸，注射用水。|重组甘精胰岛素|重组甘精胰岛素注射液,,国药准字S20050051,1. 用法、2. 甘精胰岛素具有长效作用，每天定时皮下注射一次即可。3. 甘精胰岛素应皮下注射给药，注射前请恢复至室温。注射时请遵循以下步骤、(1) 观察瓶中液体的外观，正常应该是无色澄清溶液。如果外观呈云雾状、轻微色泽改变、或有可见颗粒时，请不要继续使用。(2) 使用新药前，应除去塑料保护帽，但是不要除去瓶塞，每次用前用75%酒精棉球擦拭瓶顶部和瓶塞。(3) 抽取与你需要甘精胰岛素等量的空气，将,3
重酒石酸卡巴拉汀,1.活性成分：重酒石酸卡巴拉汀3mg。2.非活性成分：明胶；氧化铁，红色E172；氧化铁，黄色E172；硬脂酸镁；甲羟丙基纤维素；微晶纤维素；氧化铁，红色E172印字墨水；无水硅胶；二氧化钛E171等组成。|重酒石酸卡巴拉汀|重酒石酸卡巴拉汀胶囊,,,与食物同服。在三项关键的临床研究中，每日2次的用法被证明有效，且耐受良好。其中...,3
金刚烷胺,金刚烷胺,,,,23
金制剂,金制剂,,,,3
金属阳离子,金属阳离子|金属阳离子如铁,,,,1
金属阳离子如铁,金属阳离子如铁,,,,1
金感,金感|金感胶囊|金银花、穿心莲、板蓝根、蒲公英、对乙酰氨基酚、盐酸金刚烷氨、马来酸氯苯那敏。,金银花、穿心莲、板蓝根、蒲公英、对乙酰氨基酚、盐酸金刚烷氨、马来酸氯苯那敏。,,一次2粒，一日2-3次。,3
金戈,本品主要成份为枸橼酸西地那非。|金戈,,,1、对大多数患者，推荐剂量为50mg，在性活动前约1小时按需服用；但在性活动前0.5-4小时内的任何时候服用均可。基于药效和耐受性，剂量可增加至100mg（最大推荐剂量）或降低至25mg。每日最多服用1次。在没有性刺激时，推荐剂量的西地那非不起作用。2、下列因素与血浆西地那非水平（AUC）增加有关：年龄65岁以上（增加40％）、肝脏受损（如肝硬化，增加80％）、重度肾损害（肌酐清除率<30毫升/分,1
金贝小儿碳酸钙D3,本品为复方制剂，每袋含碳酸钙0.75克约相当于钙0.3克，维生素D3100国际单位2.5微克。辅料为：麦芽糊精、无水葡萄糖、枸橼酸钠。|金贝小儿碳酸钙D3|金贝小儿碳酸钙D3颗粒,,,口服。儿童一次1袋，一日1次，适量温开水冲服。或遵医嘱。,3
金贝碳酸钙D3咀嚼片II,本品为复方制剂，每片含碳酸钙0.75克相当于钙300毫克，维生素D360国际单位，辅料为：甘露醇、乳糖、蔗糖、交联羧甲纤维素钠、硬脂酸镁、粉末甜橙香精。|金贝碳酸钙D3咀嚼片II,,,口服。成人一次2片，一日1-2次；儿童一次1片，一日1-2次，咀嚼后咽下。,3
金霉素,盐酸金霉素|金霉素,,,,5
钙,钙,,,,4
钙制剂,钙制剂,,,,1
钙剂,钙剂,,,,9
钙拮抗剂,钙拮抗剂,,,,1
钙盐,钙盐,,,,2
钙离子拮抗剂,钙离子拮抗剂,,,,3
钙通道阻滞剂,钙通道阻滞剂,,,,1
钩藤,钩藤,,,,1
钾,钾,,,,1
钾盐,钾盐,,,,2
钾补充剂,钾离子补充剂|钾补充剂,,,,3
铁制剂,铁制剂,,,,3
铁剂,铁剂,,,,17
铁抗酸药,铁抗酸药,,,,2
铁盐,铁盐,,,,2
铅制品,铅制品,,,,1
铋制剂,其他铋制剂|铋制剂,,,,2
铋剂,铋剂,,,,11
铜制品,铜制品,,,,1
铝/镁抗酸剂,铝/镁抗酸剂,,,,1
铝制剂,铝制剂,,,,4
铝抗酸药,铝抗酸药,,,,2
铝盐,铝盐,,,,1
铝碳酸镁,本品主要成份为铝碳酸镁。|本品每片合铝碳酸镁0.5克。辅料为甘露醇、木糖醇、羟丙纤维素、硬脂酸镁、薄荷脑。|本品活性成份为铝碳酸镁。其化学名称为碱式碳酸铝镁四水化合物。辅料为：甘露醇、玉米淀粉、蔗糖、阿司帕坦、锁甲纤维素钠。分子式：Al2Mg6OH16CO3?4H2O分子量：604.3|铝碳酸镁|铝碳酸镁咀嚼片|铝碳酸镁片|铝碳酸镁颗粒,,国药准字H20013410,口服。(咀嚼后服用)。一次1-2片，一日3次。餐后1-2小时、睡前或胃部不适时服用。 || 咀嚼后咽下。一次1～2片，一日3次。餐后1～2小时、睡前或胃部不适时服用。 || 直接口服或温水冲服，1-2袋/次，3-4次/天。除非另有医嘱，一般成人在餐后1...,8
铝镁二甲硅油,本品为复方制剂，铝镁二甲硅油。|铝镁二甲硅油|铝镁二甲硅油咀嚼片,本品为复方制剂，铝镁二甲硅油。,国药准字H20060807,成人一次1~2片，一日4次，饭后20分至1小时及睡前服用。本品须由医师指示使用。,3
铝镁加混悬液,铝镁加。|铝镁加混悬液,铝镁加。,国药准字H10980322,每日3-4次，每次一袋，餐后1-2小时或睡前服用，或遵医嘱。用前摇匀。,3
铝镁混悬液Ⅱ,本品为复方制剂，每10ml含氢氧化铝以AL2O3计0.2g和氢氧化镁0.4g。|铝镁混悬液Ⅱ,本品为复方制剂，每10ml含氢氧化铝以AL2O3计0.2g和氢氧化镁0.4g。,,本品应在餐间或睡前口服，成人每次10ml(1袋)，每日3次。,3
铝镁颠茄,本品为复方制剂，每片含氢氧化铝0.2克，氧化镁0.15克，颠茄流浸膏0.00425克，姜粉0.025克，桂皮粉0.025克。辅料为：淀粉。|铝镁颠茄|铝镁颠茄片,,,口服。成人，每次2～4片，一日3次。饭前半小时或胃痛发作时服用。,2
银杏叶,主要成份是银杏叶提取物。|银杏叶|银杏叶片,,国药准字Z20033245,"口服,一次1片,一日3次,或者遵循医嘱。",3
银杏叶口服溶液,含24%的银杏糖苷和6%的银杏苦内酯-白果内酯的银杏叶提取物EGb761。|银杏叶口服溶液,含24%的银杏糖苷和6%的银杏苦内酯-白果内酯的银杏叶提取物EGb761。,,口服。一次40mg(1剂=1ml溶液)，一日3次。在餐时溶于半杯水中服用。1.将吸管置于药瓶内。;2.推动吸管内芯到底。;3.将吸管内芯拉至刻度处。4.将药液溶于半杯水中。,2
银盐,银盐,,,,1
银黄清肺,北葶苈子、麻黄炙、苦杏仁、浙贝母、枇杷叶、大青叶、石菖蒲、穿山龙。一枝蒿、银杏叶、五味子、枳实、生石膏、甘草。辅料为:玉米淀粉、明胶空心胶囊。|银黄清肺|银黄清肺胶囊,,,口服。一次3粒，一日3次。7天为一疗程。,3
链佐星,链佐星,,,,7
链激酶,链激酶,,,,14
链霉素,链霉素,,,,4
锂,锂|锂剂|锂化物,,,,24
锂制剂,锂制剂,,,,2
锂剂,锂剂,,,,10
锂盐,锂盐,,,,18
锂盐制剂,锂盐制剂,,,,1
错酸氯已定溶液,错酸氯已定溶液,,,,1
锡类,牛黄、珠粉、青黛、象牙屑、人指甲等|锡类|锡类散,牛黄、珠粉、青黛、象牙屑、人指甲等,,每用少许，吹敷患处，每日1～2次。,3
镁,镁,,,,4
镁制剂,镁制剂,,,,1
镁加铝,本品主要成份为镁加铝，其化学名称为碱式硫酸铝镁水合物。|镁加铝|镁加铝咀嚼片,,,每次1片，每日3次，两餐间及睡前嚼服，推荐疗程为2周。,3
镁抗酸药,镁抗酸药,,,,2
镁铝氢氧化物抗酸药,镁铝氢氧化物抗酸药,,,,1
镇咳宁含,甘草流浸膏、桔梗酊、盐酸麻黄碱、桑白皮酊。辅料为蔗糖、微晶纤维素、硬脂酸镁。|镇咳宁含|镇咳宁含片,,,含服，一次2片，一日3次。,2
镇咳药,镇咳药,,,,2
镇痛药,镇痛药,,,,2
镇静安眠剂,镇静安眠剂,,,,1
镇静止痛药,镇静止痛药,,,,1
镇静药,镇静药,,,,1
长作用硝酸酯类,长作用硝酸酯类,,,,1
长春新碱,长春新碱,,,,5
长春益寿膏,柏子仁、地骨皮、地黄、杜仲叶、茯苓、覆盆子、狗脊、枸杞子、花椒、金樱子、麦冬、木香、牛膝、人参、山药、石菖蒲、熟地黄、天冬、菟丝子、五味子、远志、泽泻、制何首乌。|长春益寿膏,,国药准字Z32020759,开水冲服，一次30克，一日2次，早晚各1次。,3
长春碱酰胺,长春碱酰胺,,,,3
长春胺,长春胺,,,,1
长春花碱,长春花碱,,,,1
长春西汀,本品主要成份长春西汀。其化学名称为乙基13as，13bs-13a-乙基-2，3，5，6-13a，13b六氢-1H-吲哚3，2，1-de吡啶3，2，1-ij1，5一二氮杂萘-12-羧酸。|长春西汀|长春西汀片,,国药准字H33022342,口服，成人一次5mg（1片），每日3次，或遵医嘱服用。,3
长春西汀葡萄糖,本品主要成分是长春西汀，其化学名称为乙基13as，13bs-13a-乙基-2，3，5，6-13a，13b六氢-1H-吲哚3，2，1-de吡啶3，2，1-ij1，5-二氮杂萘-12-羧酸酯。|长春西汀葡萄糖|长春西汀葡萄糖注射液,,国药准字H20050867,静脉滴注，开始剂量每天20mg，以后根据病情可增至每天30mg，缓慢滴注。,3
门冬氨酸钾镁,本品为复方制剂，主要成分为：门冬氨酸钾和门冬氨酸镁。|门冬氨酸钾镁|门冬氨酸钾镁片,本品为复方制剂，主要成分为：门冬氨酸钾和门冬氨酸镁。,,餐后服用，常规用量为每次1-2片，每日3次；根据具体情况剂量可增加至每次3片，每日3次。,2
间羟胺,间羟胺,,,,3
间苯二酚,间苯二酚,,,,1
防风,防风,,,,1
阳离子表面活性剂,阳离子表面活性剂,,,,1
阴离子表面活性剂,阴离子表面活性剂,,,,1
阴道避孕隔膜,阴道避孕隔膜,,,,1
阿仑膦酸钠,本品主要成份为阿仑膦酸钠。其化学名称为:4—氨基—1一羟基亚丁基二膦酸单钠盐三水合物化学结构式分子式:CHNNAOF2·3H20分子量:32512|阿仑膦酸钠|阿仑膦酸钠片,,,本品必须在每天第一次进食、喝饮料或应用其它药物治疗之前的至少半小时，用白水送服，因为其它饮料（包括矿泉水）、食物和一些药物有可能会降低本品的吸收（见[药物相互作用]）。为尽快将药物送至胃部，降低对食道的刺激，本品就在清晨用一满杯白水送服，并且在服药后至少30分种之内和当天第一次进食前，病人应避免躺卧。本品不应在就寝时和清早起床前服用。否则会增加发生食道不良反应的危险（见[注意事项]）。如食物中摄入,3
阿仑膦酸钠维D3,本品为复方制剂，其组份为阿仑膦酸钠和维生素D3。|阿仑膦酸钠维D3|阿仑膦酸钠维D3片,本品为复方制剂，其组份为阿仑膦酸钠和维生素D3。,,必须在每天第一次进食、喝饮料或应用其它药物治疗之前的至少半小时，用白水送服，其它...,3
阿仑膦酸钠维D3片Ⅱ,本品为复方制剂，其组份为阿仑膦酸钠维生素D3。阿仑膦酸钠的化学名称为：4-氮基-1-羟基亚丁基二膦酸单钠盐三水合物。|阿仑膦酸钠维D3片Ⅱ,,,详见说明书。,3
阿伐他汀,阿伐他汀,,,,1
阿伐斯汀,阿伐斯汀|阿伐斯汀。|阿伐斯汀胶囊,阿伐斯汀。,,口服。成人和12岁以上儿童；一天三次，每次一粒（8mg）。,3
阿伐那非,本品主要成分为阿伐那非。|阿伐那非,本品主要成分为阿伐那非。,,本品不同剂型、不同规格的用法用量可能存在差异，请阅读具体药物说明书使用，或遵医嘱。1、成人口服一次100mg，1次/日。2、根据耐受性可调整至50mg或200mg。应使用最低有效剂量。3、与中效CYP3A4抑制剂、α-受体拮抗药合用，每天不超过50mg，禁与强效CYP3A抑制剂合用。,3
阿利吉仑,阿利吉仑,,,,1
阿加曲班,本品成分为阿加曲班。辅料名称：山梨醇、丙二醇、注射用水。|阿加曲班|阿加曲班注射液,,国药准字H20050918,静脉滴注。 1.通常对成人在开始的2日内1日6支(阿加曲班60mg)以适当量的输液稀释，经24小时持续静脉滴注。其后的5日中1日2支(阿加曲班20mg)，以适当量的输液稀释，每日早晚各1次，每次1支(阿加曲班10mg)，1次以3小时静脉滴注。 2.可根据年龄?症状适当增减。请在医生指导下进行。,3
阿卡波糖,主要成分是阿卡波糖。|本品主要成份为阿卡波糖。|阿卡波糖|阿卡波糖。|阿卡波糖咀嚼片|阿卡波糖片|阿卡波糖胶囊,主要成分是阿卡波糖。|阿卡波糖。,国药准字H20020391,1.用餐前即刻整粒吞服，剂量需个体化。|2.一般投荐剂量为:起始剂量为每次50mg，每日3次，以后逐渐增加至每次ｏ.1g，每日3次。|3.个别情况下，可增加至每次0.2g，每日3次，或遵医嘱。 || 1、用餐前即刻整片吞服或与前几口食物一起咀嚼服用，剂量因人而异。2、一般推荐剂量为：起始剂量为每次50mg，每日3次。以后逐渐增加至每次0.1g，每日3次。个别情况下，可增至每次0.2g，每日3次。或遵医嘱。3、如果病人在服药4-8周后疗效不明显，可以增加剂量。如果病人坚持严格的糖尿病饮食仍有不适时，就不能再增加剂量，有时还需适当减少剂量，平均剂量为一次0.1g，一日3次。 || 本品不同剂型、不同规格的用法用量可能存在差异，请阅读具体药物说明书使用，或遵医嘱。阿卡波糖片：1、用餐前即刻整片吞服或与前几口食物一起咀嚼服用，剂量因人而异。2、一般推荐剂量为：起始剂量为每次50mg，每日3次。以后逐渐增加至每次0.1g，每日3次。个别情况下，可增至每次0.2g，每日3次。或遵医嘱。3、如果病人在服药4-8周后疗效不明显，可以增加剂量。如果病人坚持严格的糖尿病饮食仍有不适时，就不,22
阿司匹林,主要成份为：阿司匹林。|协美达主要成份为:阿司匹林。|本品主要成份为阿司匹林。化学名称：2-乙酰氧基苯甲酸。分子式：C9H8O4分子量：180.16|本品主要成分:2-乙酰氧基苯甲酸|本品每片含主要成份阿司匹林0.5克。辅料有玉米淀粉﹑碳酸钙低铁﹑无水枸橼酸﹑胶体二氧化硅﹑糖精钠﹑聚维酮﹑桔子香精。|阿司匹林|阿司匹林咀嚼片|阿司匹林泡腾片|阿司匹林片|阿司匹林缓释片|阿司匹林肠溶片|阿斯匹林,本品主要成分:2-乙酰氧基苯甲酸,国药准字H20031068|国药准字H20067545|国药准字H20113514|国药准字H34021818,"1.成人常用量 口服 |(1)解热、镇痛:一次0.3~0.6g,一日3次,必要时可每4小时一次。 |(2)抗炎、抗风湿:一日3~6g,分4次口服。 |(3)抑制血小板聚集:小剂量应用。 局部缺血性脑卒中和一过性脑缺血发作,预防心肌梗死发生、不稳定型心绞痛、慢性稳定型心绞痛,一次50~300mg,一日一次; 急性心肌梗死,初始剂量300mg,维持剂量为每日50~100mg; 冠状动脉旁路移植术（CA || 1.解热镇痛:一次2～3片（每片0.162g），一日2次。|2.抗风湿:一次4～5片（每片0.162g），1日2次，或遵医嘱。儿童酌减。 || 口服: 1.成人一次1片，若发热或疼痛不缓解可间隔4-6小时重复用药1次，24小时不超过4片。 2.儿童6-8岁1/2片，9-14岁2/3片，14岁以上1片。咀嚼后咽下。",141
阿司匹林双嘧达莫缓释,本品主要成份为双嘧达莫和阿司匹林。|阿司匹林双嘧达莫缓释|阿司匹林双嘧达莫缓释胶囊,,H20100665,1.口服，成人每次1粒（阿司匹林25mg和双嘧达莫200mg），每日二次，早晚各服一次。可与食物同服，也可分开。|2.本品应整粒吞服，不能咀嚼。,3
阿司匹林栓,白云山阿司匹林栓主要成分：阿司匹林。|阿司匹林栓,白云山阿司匹林栓主要成分：阿司匹林。,国药准字H44025204,直肠给药。1-6岁儿童，一次1枚，塞入肛门。若持续发热或疼痛，可间隔4~6小时重复用药1次，24小时不超过4次。,3
阿司匹林维C,本品为复方制剂，每粒含阿司匹林250毫克、维生素C25毫克。辅料为：|阿司匹林维C|阿司匹林维C肠溶片,,国药准字H23023494,口服。成人，一次2片，一日3次。,3
阿司匹林维C肠溶,本品为复方制剂，每粒含阿司匹林250毫克、维生素C25毫克。辅料为：|阿司匹林维C肠溶|阿司匹林维C肠溶胶囊,,国药准字H35021449,口服。成人，一次2粒，一日3次。,3
阿司匹林维生素C,本品为复方制剂，每片含阿司匹林330毫克、维生素C200毫克。辅料为：|本品为复方片剂，主要成份每片含阿司匹林0.4g，维生素C0.24g。|阿司匹林维生素C|阿司匹林维生素C分散片|阿司匹林维生素C泡腾片,,国药准字H20040156|国药准字H20040408,"分散口服或直接吞服。?用法：
1??分散口服，将分散片放入适量温开水中（约50-100ml），待分散均匀后服用；?
2??直接?服，将分散片（掰开）用适量温开水?服。剂量：除非另外注明，通常：?1??成人，每次剂量1-2片，若发热或疼痛不缓解可间隔4－6小时重复用药1次，每日剂量可达8片；?2??三岁以上儿童，每次剂量0.5-1.5片，若发热或疼痛不缓解可间隔4－6小时重复用药1次，每日剂量可达1 || 口服： 1. 成人一次1片，若发热或疼痛不缓解可间隔4-6小时重复用药1次，24小时不超过4片。 2. 儿童2-3岁一次1/3片，4-6岁一次1/2片，6-10岁2/3片，10岁以上一次1片。可将本品溶于适量温开水中后服用。",6
阿司匹林缓释,阿司匹林缓释|阿司匹林缓释胶囊|阿司匹林缓释胶囊主要成份为:乙酰水杨酸。,,国药准字H20051971,口服：一次50～150mg，一日1次，或遵医嘱。,3
阿司匹林肠溶,主要成份：阿司匹林乙酞水杨酸。化学名称：2-乙酰氧基苯甲酸。分子式:C9H8O4分子量:180.16|本品主要成份及其化学名称为:本品主要成份为阿司匹林，其化学名称为2-乙酰氧基苯甲酸。|阿司匹林肠溶|阿司匹林肠溶缓释片|阿司匹林肠溶胶囊,,国药准字H11022562,口服，每日一次，每次1～3片，或遵医嘱。本品宜在饭后用温水送服，不可空腹服用。 || 用于抗血栓形成应用小剂量，每日75～300mg（1～4粒），每日1次。,6
阿司匹林锌,阿司匹林锌|阿司匹林锌。|阿司匹林锌胶囊,阿司匹林锌。,国药准字H10940032,"口服,成人 一次1~2粒,若发热或疼痛症状持续不缓解,可间隔4~6小时重复用药一次,24小时内不超过6粒。",3
阿司咪唑,阿司咪唑,,,,16
阿咖,本品为复方制剂，每片含阿司匹林300毫克，咖啡因35毫克。辅料为：|阿咖|阿咖片,,国药准字H11022488,口服。1. 镇痛和解热，成人每次口服2片，一日3次，儿童减半或遵医嘱。2. 抗风湿，治疗急性风湿热及类风湿关节炎，成人用量每天口服4次，每次3片。,3
阿咖酚,本品为复方制剂，每包含阿司匹林230毫克，对乙酰氨基酚126毫克，咖啡因30毫克。|本品为复方制剂，每包含阿司匹林230毫克，对乙酰氨基酚126毫克，咖啡因30毫克。辅料为：二氧化硅。|阿咖酚|阿咖酚散|阿咖酚胶囊,,国药准字H53021701,口服。成人一次1包，若持续发热或疼痛，可间隔4-6小时重复用药一次，24小时内不... || 口服。成人一次1粒，若持续发热或疼痛，可间隔4-6小时重复用药一次，24小时内不超过4次。,6
阿奇霉素,D|D分散片|本品主要成份为阿奇霉素。|本品主要成份为阿奇霉素。其化学名为2R，3S，4R，.R，8R，10R，11R，12S，13S，14R-13-2，6-二脱氧-3-C-甲基-3-O-甲基-α-L-核-己吡喃糖基氧-2-乙基-3，4，10-三羟基-3，5，6，8，10，12，14-七甲基-11-3，4，6-三脱氧-3-二甲氨基-β-D-木-己吡喃糖基氧-1-氧杂-6-氮杂环十五烷-15酮。|本品主要成份为：阿奇霉素|本品主要成分为阿奇霉素。其化学名称为：2R，3S，4R，5R，8R，10R，11R，12S，13S，14R-13-2，6-二脱氧-3-C-甲基-3-O-甲基-α-L-核-已吡喃糖基氧-2-乙基-3，4，10-三羟基-3，5，6，8，10，12，14-七甲基-11-3，4，6-三脱氧-3-二甲氨基-β-D-木-已吡喃糖基氧-1-氧杂-6-氮杂环十五烷-15-酮。|阿奇霉素|阿奇霉素分散片|阿奇霉素注射液|阿奇霉素片|阿奇霉素肠溶片|阿奇霉素颗粒|黄青霉素,阿奇霉素,国药准字H20010701|国药准字H20065816|国药准字H20090060,口服或服用前用水分散后直接吞服，在饭前1小时或饭后2小时服用。 1.成人用量:沙眼衣原体或敏感淋病奈瑟菌所致性传播疾病，仅需单次口服本品4片。 2. 对其他感染的治疗:第1日， 2片顿服，第2～5日，一日1片顿服;或一日2片顿服，连服3日。 3.小儿用量: (1)治疗中耳炎?肺炎，第1日，按体重10mg/kg顿服( 一日最大量不超过2片），第2～5日，每日按体重5mg/kg顿服（一日最量不超过1片 || 口服，在饭前1小时或饭后2小时服用。成人用量：1.沙眼衣原体或敏感淋病奈瑟菌所致... || 口服，在饭前1小时或饭后2小时服用。本品需要整片吞服。 成人用量： ①沙眼衣原体或敏感淋病奈瑟菌所致传播性疾病，仅需单次口服本品1.0g； ②对其他感染的治疗：第1日，0.5g顿服，第2-5日，一日0.25g顿服：或一日0.5g顿服，连服3日。 小儿用量： ①治疗中耳炎、肺炎，第1日，按体重10mg/kg顿服(一日最大用量不超过0.5g)，第2-5日，每日按体重5mg/kg顿服（一日最大量不超过0,22
阿奇霉素干混悬剂,成分：阿奇霉素|阿奇霉素干混悬剂,成分：阿奇霉素,,每日口服药一次。溶于水中，服用前搅拌均匀。可与食物同时服用。以阿奇霉素干混悬剂治...,3
阿奇霉素水合物,阿奇霉素水合物,,,,1
阿奇霉素肠溶胶囊微丸型,"本品主要成份是阿奇霉素。化学名称：2R，3S，4R，5R，8R，10R，11R，12S，13S，14R-13-2,6-二脱氧-3-C-甲基-3-0-甲基-α-L-核-己吡喃糖基氧-2-乙基-3,4,10-三羟基-3,5,6,8,10,12,14-七甲基-11-C3,4,6-三脱氧-3-二甲氯基-β-D-木-己吡喃糖基氧-1-氧杂-6-氮杂环十五烷-15-酮。|阿奇霉素肠溶胶囊微丸型",,,口服，在饭前1小时或饭后2小时服用。成人用量：1.沙眼衣原体或敏感淋病奈瑟菌所致性传播疾病，仅需单次口服本品1.0g；⒉对其他感染的治疗：第1日0.5g顿服，第2-5日，一日0.25g顿服；或一日0.5g顿服，连服3日。小儿用量：可打开服用。1.治疗中耳炎、肺炎，第1日，按体重10mg/kg顿服，第2-5日，每日按体重5mg/kg顿服。一日最大量不超过0.25g)或按如下方法使用。表格请见内部说明,3
阿奇霉素葡萄糖,"本品主要成分为阿奇霉素,其化学名为2R,3S,4R,5R,8R,10R,11R,12S,13S,14R-13-2,6-二脱氧-3-C-0-甲基-3-O-甲基-α-L-核-已吡喃糖基-氧-2-乙基-3,4,10-三羟基-3,5,6,8,10,12,14-七甲基-11-3,4,6-三脱氧-3二甲氨基-β-D-木-已吡喃糖基-氧-1-氧杂-6-氮杂环十五烷-15酮。|阿奇霉素葡萄糖|阿奇霉素葡萄糖注射液",,国药准字H20040534,"静脉滴注,每次滴注时间不少于60分钟。 
1. 社区获得性肺炎:成人用量为每次0.5g,每日一次,至少连续用药2天。继之可改为口服阿奇霉素口服制剂0.5g/天。7～10天为一个疗程,转为口服治疗时间应由医生根据临床治疗反应确定。 
2. 盆腔炎:成人用量为每次0..g,每日一次,用药1天或2天后,可改为口服0.25g/天,7天为一个疗程,转为口服治疗时间应由医生根据临床治疗反应确定。若怀疑合并有厌",3
阿奇霉素软,主要成份阿奇霉素。|阿奇霉素软|阿奇霉素软胶囊,,国药准字H20052637,以阿奇霉素胶囊治疗感染性疾病，其疗程及使用方法如下: 　　|1.成人:沙眼衣原体或敏感淋球菌所致性传播疾病，仅需单次口服本品1.0g。 　　|2.对其他感染的治疗:总剂量1.5g，分三次服药;一日1次服用本品0.5g。或总剂量相同，仍为1.5g，首日服用0.5g，然后第二至第五日一日1次口服本品0.25g。,3
阿巴卡韦,阿巴卡韦,,,,1
阿德福韦,阿德福韦,,,,4
阿德福韦酯,主要成份为阿德福韦酯。|本品主要成份为阿德福韦酯。|阿德福韦酯|阿德福韦酯分散片|阿德福韦酯片|阿德福韦酯胶囊,阿德福韦酯,国药准字H20070123,患者必须在有慢性乙型肝炎治疗经验的医生指导下使用本品。 1.成人（18～65岁）... || 患者必须在有慢性乙型肝炎治疗经验的医生指导下使用本品。对于成人（18～65岁），本品的推荐剂量为每日1次，每次1粒（10mg），饭前或饭后口服均可。治疗的最佳疗程尚未确定。勿超过推荐剂量使用。患者应当定期监测乙型肝炎生化指标、病毒学指标和血清标志物，至少每6个月1次。 || 患者必须在有慢性乙型肝炎治疗经验的医生指导下用本品治疗。成人(18-65岁) 对...,10
阿戈美拉汀,本品主要成份为阿戈美拉汀。|阿戈美拉汀|阿戈美拉汀片,,,推荐剂量为25mg，每日1次，睡前口服。,3
阿扎那韦,阿扎那韦,,,,8
阿托伐他汀,本品主要成分为阿托伐他汀钙。|阿伐他汀|阿托伐他汀,本品主要成分为阿托伐他汀钙。,,本品不同剂型、不同规格的用法用量可能存在差异，请阅读具体药物说明书使用，或遵医嘱。1、可直接吞服或口服，分散片也可将本品放入适量温开水中待分散均匀后再口服。2、病人在开始本品治疗前，应进行标准的低胆固醇饮食控制，在整个治疗期间也应维持合理膳食。应根据低密度脂蛋白胆固醇基线水平、治疗目标和患者的治疗效果进行剂量的个体化调整。3、常用的起始剂量为10mg每日一次。剂量调整时间间隔应为4周或更长。本品最,9
阿托伐他汀钙,本品主要成份为阿托伐他汀钙。|本品主要成份为：阿托伐他汀钙，其化学名称为:R-R，R-2-4-氟苯基-β，β-二羟基-5-1-甲基乙基-3-苯基-4-苯胺羰基-1氢-吡咯-1-庚酸钙三水合物。|阿托伐他汀钙|阿托伐他汀钙片|阿托伐他汀钙胶囊,,,口服，常用起始剂量10mg每日1次，最大剂量80mg每日1次，可在一日的任何时间服用，不受进餐影响。详见说明书。 || 本品不同剂型、不同规格的用法用量可能存在差异，请阅读具体药物说明书使用，或遵医嘱。1、本品可直接吞服或口服，也可将本品放入适量温开水中待分散均匀后再口服。2、病人在开始本品治疗前，应进行标准的低胆固醇饮食控制，在整个治疗期间也应维持合理膳食。应根据低密度脂蛋白胆固醇基线水平、治疗目标和患者的治疗效果进行剂量的个体化调整。3、常用的起始剂量为10mg每日一次。剂量调整时间间隔应为4周或更长。本品最大 || 病人在开始本品治疗前，应进行标准的低胆固醇饮食控制，在整个治疗期间也应维持合理膳...,8
阿托伐醌,Atovaquone|阿托伐醌,,,,2
阿托品,阿托品,,,,14
阿托品类药物,阿托品类药物,,,,1
阿折地平,本品主要活性成份为:阿折地平。|阿折地平|阿折地平片,,国药准字H20080266,"1.早餐后口服,一日一次。 2.成人的初始剂量为8mg每日一次,最大剂量为16mg每日一次。 3.剂量调整应根据患者个体反应进行。一般的剂量调整应在7~14天后开始进行。",3
阿斯匹林,阿斯匹林,,,,1
阿昔洛韦,本品主要成份为阿昔洛韦。|本品主要成份为阿昔洛韦。分子式：C8H11N5O3分子量：225.21|本品主要成份巯嘌呤。|本品主要成份阿昔洛韦。|本品主要成分为阿昔洛韦。|阿昔洛韦|阿昔洛韦。|阿昔洛韦分散片|阿昔洛韦咀嚼片|阿昔洛韦注射液|阿昔洛韦滴眼液|阿昔洛韦片|阿昔洛韦缓释片|阿昔洛韦胶囊|阿昔洛韦颗粒,本品主要成分为阿昔洛韦。|阿昔洛韦。,国药准字H10940158|国药准字H20052414|国药准字H20083336|国药准字H31020609,1.常用剂量:(1)急性带状疱疹:成人每次200～800mg(一次0.5～2片)，每4小时1次，一日5次，连用7～10天。(2)生殖器疱疹:初发生殖器疱疹:成人每次200mg(一次0.5片)，每4小时1次，一日5次，连用10天。慢性复发性生殖器疱疹:成人每次200～400mg(一次0.5～1片)，一日2次，持续治疗4～6个月或12个月，进行再评价。根据再评价结果，选择每次200mg(一次0.5片) || 1.生殖器疱疹初治和免疫缺陷者皮肤粘膜单纯疱疹：成人常用量一次0.2g，一日5次... || 口服1. 生殖器疱疹初治和免疫缺陷者皮肤粘膜单纯疱疹：(1) 成人常用量一次0. 2g(1粒)，一日5次(5粒)，共10日；或一次0. 4g(2粒)，一日3次(6粒)，共5日。(2) 复发性感染一次0. 2g(1粒)，一日5次(5粒)，共5日。(3) 复发性感染的慢性抑制疗法，一次0. 2g(1粒)，一日3次(3粒)，共6个月，必要时剂量可加至一日5次(5粒)，一次0. 2g(1粒)，共6～12个,32
阿昔洛韦葡萄糖,本品为复方制剂，其组份为：每瓶含阿昔洛韦0.25g与葡萄糖12.5g。化学名称：主要成份为阿昔洛韦，其化学名称为9-2-羟乙氧甲基鸟嘌呤。|阿昔洛韦葡萄糖|阿昔洛韦葡萄糖注射液,,国药准字A20110001,静脉滴注 1. 成人 (1) 重症生殖器疱疹的初治：按体重每8小时5mg/kg，共5日；②免疫缺陷者皮肤黏膜单纯疱疹或严重带状疱疹：按体重每8小时5-10mg/kg，静滴1小时以上，共7日～10日；③单纯疱疹性脑炎：按体重每8小时10mg/kg，共10日；④成人急性或慢性肾功能不全者不宜用本品静滴，因滴速过快时可引起肾功能衰竭；⑤成人每日最高剂量按体重30mg/kg，或按体面积]]m2。 2. 儿,3
阿昔莫司,本品主要成分为阿昔莫司。|阿昔莫司|阿昔莫司胶囊,本品主要成分为阿昔莫司。|阿昔莫司,,推荐剂量为，一次1粒，一日2～3次，进餐时或餐后服用，较低剂量用于Ⅳ型高甘油三酯... || 本品不同剂型、不同规格的用法用量可能存在差异，请阅读具体药物说明书使用，或遵医嘱。阿昔莫司分散片：1、每日剂量可根据血浆甘油三酯和胆固醇水平而定。每日平均剂量为：每日2-3次，每次1片，饭后服用。2、Ⅳ型高脂蛋白血症，每日2次，每次1片。Ⅱb型，Ⅲ型及Ⅴ型高脂蛋白血症，每日3次，每次1片。3、对于特殊重症患者可根据医嘱增加剂量。每日总量不超过1.2g，可长期安全服用。4、肾功能不全的患者应根据肌酐,6
阿普唑仑,本品主要成份为：阿普唑仑。化学名称：1-甲基-6-苯基-8-氯-1-H-1，2，4-三唑4，3-α1，4苯并二氮杂䓬。|阿普唑仑|阿普唑仑片|阿普唑仑胶囊,阿普唑仑,国药准字H11020890|国药准字H20010588,1.抗焦虑：口服0.25～0.5mg，每天3次，必要时增量至每天3～4mg。老年或体弱患者，开始口服0.25mg，每天2～3次。治疗惊恐发作，每天剂量可达10mg。|2.催眠：0.4～0.8mg，睡前服。3.抗抑郁：开始口服每天2～4mg，3次分服；必要时，每天剂量可加至10mg。 || 成人常用量、抗焦虑，开始一次0.4mg（1片）。一日3次，用量按需递增。最大限量一日可达4mg（10片）。镇静催眠、0.4～0.8mg（1-2片），睡前服。抗惊恐0.4mg（1片），一日3次，用量按需递增，每日最大量可达10mg（25片）。18岁以下儿童，用量尚未确定。,8
阿替普酶,阿替普酶,,,,2
阿替洛尔,阿替洛尔|阿替洛尔注射液,阿替洛尔,国药准字H20090220,1.滴眼：1%～4%溶液，每次1或2滴，每天3～4次。 2.口服每次50～100mg，每天2次，每天最大量600mg。,9
阿法骨化醇,"本品主要成份阿法骨化醇。化学名称：5Z,7E-9，10-开环胆甾-5,7,1019-三烯-1α,3β-二醇分子式：C27H44O2分子量：400.65|阿法骨化醇|阿法骨化醇片",,,口服：1、慢性肾功能不全和骨质疏松症：成人，每次0.5μg(2片)每日一次，或遵医嘱。2、甲状旁腺功能低下以及其他的维生素D代谢异常疾病；成人，每次1.0～4.0μg(4～16片)，每日一次，或遵医嘱。,3
阿法骨化醇胶,阿法骨化醇胶|阿法骨化醇胶丸,,国药准字J20080075,口服： 1.成人，慢性肾功能不全和骨质疏松症：每次0.5mg(2粒)，每日1次，或遵医嘱。 2.儿童，应遵医嘱。,3
阿法骨化醇软,阿法骨化醇|阿法骨化醇软|阿法骨化醇软胶囊,阿法骨化醇,,口服。首剂量：骨质疏松症者一次2粒，一日1；其它病症者成人一次4粒，一日1次；老...,3
阿洛西林,阿洛西林,,,,1
阿片制剂,阿片制剂,,,,1
阿片类具呼吸抑制作用的镇痛药,阿片类具呼吸抑制作用的镇痛药,,,,2
阿片类止痛剂,阿片类止痛剂,,,,2
阿片类止痛药,阿片止痛剂|阿片类止痛药,,,,1
阿片类镇痛药,阿片类镇痛药,,,,4
阿瑞匹坦,本品主要成份为阿瑞匹坦。|阿瑞匹坦|阿瑞匹坦胶囊,,,本品的剂型为口服胶囊。在阿瑞匹坦胶囊与一种糖皮质激素和一种5-HT3拮抗剂联合治疗方案中，本品给药3天。在开始治疗前需仔细阅读5-HT3拮抗剂的说明书。本品的推荐剂量是在化疗前1小时口服125mg(第1天)，在第2和第3天早晨每天一次口服80mg。,4
阿立哌唑,本品主要成分为阿立哌唑。|阿立哌唑|阿立哌唑。化学名称：7-4-4-2，3-二氯苯基-1-哌嗪基丁氧基-3，4-二氢喹啉酮。化学结构式：分子式：C23H27Cl2N3O2分子量：448.38|阿立哌唑片|阿立哌唑胶囊,本品主要成分为阿立哌唑。,国药准字H20061304|国药准字H20090315,口服每日1次，第一周为起始剂量5mg/日，第二周增加为10mg/日，用药2周后，可根据个体的疗效和耐受情况增加剂量为15mg/日，每日最大剂量不应超过30mg。 || 成人：口服，每日一次。 常用量。 阿立哌唑的推荐起始剂量和治疗剂量是10或15mg/天，不受进食影响。系统评估显示阿立哌唑的临床有效剂量范围为10～30mg/天。高剂量的疗效并不优于10mg或15mg/天的低剂量。用药2周内(药物达稳态所需时间)不应增加剂量，2周后，可根据个体的疗效和耐受情况适当调整，但加药速度不宜过快。 特殊人群的剂量。 一般不需要根据年龄、性别、种族或肾、肝功能损害情况调整剂,6
阿立哌唑口腔崩解,本品主要成份为阿立哌唑。|阿立哌唑口腔崩解|阿立哌唑口腔崩解片,,国药准字H20060521,服用方法：保持手部干燥，迅速取出药片置于舌面，阿立哌唑口腔崩解片在数秒内即可崩解，不需用水或只需少量水，借吞咽动作入胃起效，患者不应试图将药片分开或咀嚼。 由使用其它抗精神病药改用本品者：某些患者可以立即停止原先使用的抗精神病药 ；而另一些患者开始使用时，应渐停原先使用的抗精神病药。同时服用抗精神病药的时间应最短。 成人：口服，每日一次。起始剂量为10mg，用药2周后，可根据个体的疗效和耐受性情况,3
阿米卡星,硫酸阿米卡星|阿米卡星,,,,8
阿米替林,阿米替林,,,,5
阿米洛利,阿米洛利,,,,8
阿糖胞苷,阿糖胞苷|阿糖胞苷注射液,阿糖胞苷,H20080412,a)急性白血病诱导缓解治疗：诱导缓解治疗的常规剂量是每天100?200mg阿糖胞苷/m2体表面积。多数病例采用连续静脉滴注或快速输液5?10天。b)维持治疗：维持治疗的剂量通常是每天70?200mg阿糖胞苷/m2体表面积采用快速静脉注射或皮下注射5天，每间隔4周进行一次。c)非霍奇金氏淋巴瘤：成人的治疗：多采用联合化疗方案（多种肿瘤抑制剂联用），例如：PROMACE-CYTABOM方案。剂量是30,3
阿糖腺苷,阿糖腺苷,,,,1
阿维A,本品主要成份为阿维A。|阿维A|阿维A胶囊,,,本品个体差异较大，剂量需要个体化，才能取得最大的临床治疗效果，同时不良反 应最小...,3
阿胶,阿胶|驴皮胶。,驴皮胶。,无此药,烊化兑服，3～9克。,3
阿胶补血,阿胶、党参、枸杞子、熟地黄、黄芪等。|阿胶补血|阿胶补血口服液,阿胶、党参、枸杞子、熟地黄、黄芪等。,国药准字Z20064289,口服。一次20毫升，早晚各一次，或遵医嘱。,3
阿芬太尼,阿芬太尼,,,,3
阿苯,本品为复方制剂，每片含阿司匹林100毫克、苯巴比妥10毫克。辅料为：|阿苯|阿苯片,,国药准字H41024506,"口服。用量见下表：
年龄（岁）  体重（公斤）  一次用量（片）   
 1～3            10～15             0.5～1
 4～6            16～20             1.5～2
若症状未缓解，间隔4～6小时重复用药一次，24小时内不超过4次。",3
阿苯糖,本品为复方制剂，每丸含阿司匹林25毫克，苯巴比妥2.5毫克。辅料为：|阿苯糖|阿苯糖丸,,国药准字H22025827,1.口服。1-3岁儿童　一次2～4粒；4-6岁儿童　一次4～8粒用量。|2.若症状未缓解，间隔4～6小时重复用药一次，24小时不超过4次。,3
阿苯达唑,本品每片含主要成份阿苯达唑0.2克。辅料为乳糖、淀粉、聚乙烯吡咯烷酮、羧甲基淀粉钠、糖精钠、硬脂酸镁、微晶纤维素、十二烷基硫酸钠、羟丙基甲基纤维素。|阿苯达唑|阿苯达唑片,,,口服。2岁以上儿童及成人2片，2岁以上儿童单纯蛲虫、单纯轻度蛔虫感染每次1片。仅服一次(一次即为一疗程)。药片需用水送服。有些人，特别是小儿，药片完整吞服可能有困难，可以将药片压碎或嚼碎，并用少量水服用。,3
阿莫西林,主要成份阿莫西林。|本品为复方制剂，其组分为阿莫西林和克拉维酸钾。|本品主要成份为阿莫西林，其化学名为2S，5R，6R-3，3一二甲基-6-R-一-2-氨基-2-4-羟基苯基乙酰氨基-7-氧代-4-硫杂-1-氮杂双环3.2.0庚烷-2-甲酸三水合物。分子式：C16H19N3O5S.3H2O分子量：419.46|本品主要成分为阿莫西林。|本品成份阿莫西林咀嚼。|阿莫西林|阿莫西林。|阿莫西林分散片|阿莫西林咀嚼片|阿莫西林片|阿莫西林胶囊|阿莫西林颗粒,本品为复方制剂，其组分为阿莫西林和克拉维酸钾。|本品主要成分为阿莫西林。|阿莫西林。,国药准字H20000470|国药准字H20023611|国药准字H20041201|国药准字H20083420,1.成年人一次0.5g，每6～8小时1次，一日剂量不超过4g； 2.小儿一日剂量按体重20～40mg/Kg，每8小时1次；3个月以下婴儿一日剂量按体重30mg/Kg，每12小时1次； 3.肾功能严重损害患者需调整给药剂量，其中内生肌酐清除率为10～30ml/分钟的患者每12小时0.25～0.5g；内生肌酐清除率小于10ml/分钟的患者每24小时0.25～0.5g。 || 口服。 || 口服。 1.成人一次0.5g，每6～8小时1次，一日剂量不超过4g。 2.小儿一日剂量按体重20～40mg/kg，每8小时1次;3个月以下婴儿一日剂量按体重30mg/kg，每12小时1次。 3.肾功能严重损害患者需调整给药剂量，其中内生肌酐清除率为10～30ml/分钟的患者每12小时0.25～0.5g;内生肌酐清除率小于10ml/分钟的患者每24小时0.2.～0.5g。,44
阿莫西林克拉维酸,阿莫西林/克拉维酸|阿莫西林克拉维酸,,,,1
阿莫西林克拉维酸钾,本品为复方制剂，其组分为:每片含阿莫西林0.125g，克拉维酸62.5mg。|本品为复方制剂，其组分为阿莫西林和克拉维酸钾|本品为复方制剂，其组分为阿莫西林和克拉维酸钾。|本品为复方制剂，其组分为阿莫西林和克拉维酸钾，两者之比为4：1。每包含阿莫西林125mg，克拉维酸31.25mg。|注射用阿莫西林钠克拉维酸钾|阿莫西林克拉维酸钾|阿莫西林克拉维酸钾分散片|阿莫西林克拉维酸钾咀嚼片|阿莫西林克拉维酸钾片|阿莫西林克拉维酸钾颗粒,本品为复方制剂，其组分为:每片含阿莫西林0.125g，克拉维酸62.5mg。|本品为复方制剂，其组分为阿莫西林和克拉维酸钾|本品为复方制剂，其组分为阿莫西林和克拉维酸钾。,国药准字H20000321|国药准字H20052346,1.口服:成人和大于12岁儿童，一次2片，一日3次;12岁以下儿童按每公斤体重阿莫西林20mg计算，分三次服用。严重感染时，剂量可加倍或遵医嘱。|2.未经重新检查，连续治疗期不超过14天。 || 口服 || 口服。成人和12岁以上小儿一次1片，一日3次。严重感染时剂量可加倍。未经重新检查...,15
阿莫西林克拉维酸钾4:1,阿莫西林克拉维酸钾4:1|阿莫西林克拉维酸钾4:1颗粒|阿莫西林克拉维酸钾。,阿莫西林克拉维酸钾。,国药准字H10950244,"口服。 
1.成人  肺炎及其他中重度感染:一次625mg，每8小时1次，疗程7-10日。其他感染:一次375mg，每8小时1次，疗程7-10日。 
2.小儿
(1)新生儿及3个月以内婴儿。按阿莫西林计算，按体重一次15mg/kg，每12小时1次。
(2)体重≤40kg的小儿。按阿莫西林计算，一般感染:按体重一次25mg/kg，每12小时1次;或按体重一次20mg/kg，每8小时1次。疗程7-10",3
阿莫西林克拉维酸钾4:1干混悬剂,本品为复方制剂，其组分为阿莫西林、克拉维酸钾，两者之比为4:1。每袋含阿莫西林250mg，克拉维酸62.5mg.|阿莫西林克拉维酸钾4:1干混悬剂,,,口服，取本品适量，置于适量温开水中，搅拌均匀后服用。,3
阿莫西林克拉维酸钾咀嚼片8∶1,本品为复方制剂，其组份为：每片含阿莫西林按C16H19N3O5S计算0.25g，克拉维酸0.03125g，两者之比为8:1。|阿莫西林克拉维酸钾咀嚼片8∶1,,,口服,3
阿莫西林克拉维酸钾干混悬剂,本品为复方制剂，其组份为：每包含阿莫西林0.2g和克拉维酸钾以克拉维酸计0.0285g，阿莫两林与克拉维酸钾的比例为7:1。|阿莫西林克拉维酸钾干混悬剂,,,口服。用量如下：成人及体重大于40kg（或年龄大于12岁）的儿童，根据病情的需要...,3
阿莫西林克拉维酸钾干混悬剂7:1,本品为复方制剂，其组份为：每片含阿莫西林0.2g与克拉维酸28.5mg。|阿莫西林克拉维酸钾干混悬剂7:1,本品为复方制剂，其组份为：每片含阿莫西林0.2g与克拉维酸28.5mg。,国药准字H20010738,口服，取本品适量，置于适量温开水中，搅拌至完全溶解后服用。 |1.成人及体重大于40kg(或年龄大于12岁)的儿童，根据病情的需要，一次24包(每包含阿莫西林200mg和克拉维酸28.5mg)，每12小时1次，或遵医嘱。 |2.体重小于40kg(或年龄小于12岁)的儿童，建议的剂量如下： |(1)对于7-12岁的儿童，一次1包半(每包含阿莫西林200mg和克拉维酸28.5mg)，每包含阿莫西林20,3
阿莫西林克拉维酸钾片14:1,本品为复方制剂，其组分为阿莫西林和克拉维酸钾。|阿莫西林克拉维酸钾片14:1,本品为复方制剂，其组分为阿莫西林和克拉维酸钾。,国药准字H20050081,口服。 成人和12岁以上小儿，一次1片，一日3次。严重感染时剂量可加倍。未经重新检查，连续治疗期不超过14日。,3
阿莫西林克拉维酸钾片7:1,阿莫西林、克拉维酸钾。|阿莫西林克拉维酸钾片7:1,阿莫西林、克拉维酸钾。,,口服。成人和12岁以上小儿一次1片，一日3次。严重感染时剂量可加倍。未经重新检查...,3
阿莫西林双氯西林钠,为复方制剂，其组份为：阿莫西林0.25g和双氯西林0.125g。|阿莫西林双氯西林钠|阿莫西林双氯西林钠胶囊,为复方制剂，其组份为：阿莫西林0.25g和双氯西林0.125g。,HC20100012,口服。建议在饭前1小时或饭后2小时服用。|1.成人及40公斤以上儿童：一次1～2粒，一日3～4次。|2.严重感染的病人：一次3粒，一日3～4次。|3.40公斤以下儿童：按体重一次5mg/kg，每6小时一次，或遵医嘱。,3
阿莫西林干混悬剂,主要成份相关阿莫西林。|阿莫西林干混悬剂,,国药准字H53021820,"口服。本品在胃肠道的吸收不受食物影响，所以可在空腹或餐后服药，并可与牛奶等食物同服。撕开小袋，把药粉倒入适量凉开水中，摇匀即可服下。
1.儿童按体重一次6.7～13.3mg/kg，每8小时1次或遵医嘱。儿童用药参考:
(1)一周岁以内，一次0.5袋，每8小时1次。 
(2)1～3周岁，一次1袋，每8小时1次。 
(3)3～5周岁，一次1.5袋，每8小时1次。 
(4)5～10周岁，一次2袋，每8小",3
阿西美辛缓释,本品主要成份为阿西美辛。|阿西美辛缓释|阿西美辛缓释胶囊,,,"进餐时服用口服成人一次90mg(1粒),一日1次,如果病情严重,使用剂量可增加到...",3
阿达帕林凝胶,本品每克含主要成份阿达帕林1毫克。辅料为：丙二醇、对羟基苯甲酸酯、苯氧乙醇、卡波姆、依地酸二钠、泊洛沙姆182、氢氧化钠和纯化水。|阿达帕林凝胶,,,睡前清洗痤疮患处，待干燥后于患处局部涂一薄层本品，每日1次，注意避免接触眼部和唇部。治疗后4至8周开始临床起效，3个月后有明显改善。已经发现，经过阿达帕林6个月治疗期患者有较好的耐受性。推荐在3个月治疗后评估患者的改善情况。由于刺激反应而停止治疗或降低用药频率，可以根据治疗耐受性的情况以恢复或增加用药频率。增加给药用量不会增强疗效或加快起效速度，但是可能导致发红，脱屑或其他不适。没有对小于12周岁,3
阿那曲唑,阿那曲唑|阿那曲唑片,阿那曲唑,,成人(包括老年人)：口服，每日一次，每次1片。儿童：本药不推荐儿童服用。肾功能损...,3
阿酚咖敏,本品为复方制剂，每片含阿司匹林230毫克、对乙酰氨基酚126毫克、咖啡因30毫克、马来酸氯苯那敏1毫克。辅料为：|阿酚咖敏|阿酚咖敏片,,国药准字H11021896,本品口服。成人，一次1～2片，一日3次。,3
阿霉素,阿毒素|阿霉素,,,,9
附子,附子,,,,1
陆英,陆英,,,,1
降压药,其他降压药|降压药,,,,7
降糖宁,人参、山药、生石膏、知母、黄芪、天花粉、茯苓、麦冬、生地黄、地骨皮、玉米须、山茱萸、甘草。|降糖宁|降糖宁胶囊,,,口服。一次4～6粒，一日3次。,3
降糖药,降糖药,,,,10
降糖药物,降糖药物,,,,1
降胆一号,降胆一号,,,,1
降血糖药,降血糖用药|降血糖药,,,,3
降酶灵,五味子|降酶灵|降酶灵胶囊,五味子,,降酶灵胶囊口服，一次2～3粒，一日3次。肝功能恢复正常后，仍继续服用1～2个月，...,2
降钙素,降钙素,,,,4
雄激素,雄激素,,,,5
雌三醇,本品主要成分及化学名称为：雌三醇。|雌三醇|雌三醇乳膏,本品主要成分及化学名称为：雌三醇。,,-尿道下部的萎缩第一周内每天使用一次，然后根据症状缓解情况逐渐减低至维持量（例...,3
雌激素,本品主要成分为结合雌激素。|雌激素,本品主要成分为结合雌激素。,,结合雌激素片：1、本品为处方药品，凭医生处方用药。2、在给予有子宫的围绝经期妇女进行雌激素治疗时，应该同时加用孕激素，以减少发生子宫内膜异常增生的风险。无子宫的妇女则不必加用孕激素。雌激素单独使用或与孕激素联合使用，需在权衡妇女个体治疗目标和风险的情况下，使用最低有效剂量和最短疗程。患者应该根据临床需要定期如每3个月进行再评估，来决定是否仍然需要治疗。对于有子宫的妇女，当出现诊断不明的长期或反复的,58
雌莫司汀,雌莫司汀,,,,1
雌莫司汀磷酸盐,雌莫司汀磷酸盐,,,,1
雌酮,雌酮,,,,1
雷公藤内酯,"本品主要成份为雷公藤内酯，其化学名为：7,8,9,11-β-12，13-α-环氧基-14β-羟基松香-3,4-α,β-不饱和γ-内酯。分子式:C20H24O6分子量：360.40|雷公藤内酯|雷公藤内酯软膏",,,外用。涂患处，一日2-3次,2
雷尼替丁,雷尼替丁,,,,31
雷米封,雷米封,,,,2
雷米普利,本品主要成份为雷米普利。|雷米普利|雷米普利片,,,给药剂量:雷米普利治疗初期，尤其是伴有盐和/或体液流失患者(如呕吐/腹泻，利尿治疗)，心衰患者(尤其是心肌梗死后)或严重高血压患者，可能会产生血压过度降低现象。如果可能，开始用雷米普利治疗前，应纠正盐和/或体液流失，减少或停止现正使用的利尿剂至少2－3天(在心衰患者，必须权衡容量负荷过重的风险)。这些患者的治疗应当以最低单剂量开始，早晨服用1.25mg雷米普利(如半片雷米普利片2.5mg)。初次给,4
雷贝拉唑钠,本品主要成份为雷贝拉唑钠。|雷贝拉唑钠|雷贝拉唑钠片|雷贝拉唑钠肠溶片,雷贝拉唑钠,BX20000037|国药准字J20080040,1.口服给药：胶囊每次20mg，每天1～2次，单用或合用抗生素。|2.一般情况下，胃溃疡、吻合口溃疡、反流性食管炎的疗程以8周为限，十二指肠溃疡的疗程以6周为限。 || 通常，成人每日口服1次雷贝拉唑钠计10mg，根据病情也可每日口服1次20mg.在一般情况下，胃溃疡?吻合口溃疡?反流性食管炎的疗程为8周?十二指肠溃疡的疗程为6周.,6
雷贝拉唑钠肠溶,本品主要成份为雷贝拉唑钠。|雷贝拉唑钠肠溶|雷贝拉唑钠肠溶胶囊,,,本品不能咀嚼或压碎服用，应整粒吞服。1. 成年人/老年患者的用药: A. 活动性十二指肠溃疡和活动性良性胃溃疡患者：一次20mg (2粒)，一日1次，晨服。 大多数活动性十二指肠溃疡患者在用药4周后痊愈。但有2%的患者还需要继续用药4周才能痊愈。 一些十二指肠溃疡患者一次10mg（1粒），一日1次的治疗量即有反应。 大多数活动性良性胃溃疡需在用药6周后痊愈。但有9%的患者还需继续用药6周才可痊愈。,3
雷锁辛,雷锁辛,,,,3
青葙子,青葙子,,,,1
青霉素,口服青霉素|本品主要成分为青霉素。|青霉素,本品主要成分为青霉素。,,1、注射用青霉素钠、注射用青霉素钾：肌内注射或静脉滴注给药。肌内注射时，每50万单位青霉素钠/钾溶解于1ml灭菌注射用水，超过50万单位则需加灭菌注射用水2ml，不应以氯化钠注射液为溶剂；静脉滴注时给药速度不能超过每分钟50万单位，以免发生中枢神经系统毒性反应。（1）成人用量：肌内注射，一日80万-200万单位（0.1-0.25支），分3-4次给药；静脉滴注，一日200万-2000万单位（0.25,26
青霉素V钾,本品主要成分为青霉素V钾，其化学名称为:2S，.R，6R-3，3-二甲基-7-氧代-6-2-苯氧基乙酰氨基-4-硫杂-1-氮杂双环3.2.0-庚烷-2-甲酸钾盐。|青霉素V钾|青霉素V钾分散片,,国药准字H20030672,"加入温水内分散后口服。 
1.成人及12岁以上患者推荐量为：
(1)链球菌感染每次125～250mg，每6～8小时1次，疗程10天。肺炎球菌感染每次250～500mg，每6小时1次，疗程至热退后至少2天。
(2)葡萄球菌感染、螺旋体感染（奋森氏咽峡炎）每次250～500mg，每6～8小时1次。
(3)预防风湿热复发每次2.0mg，每日2次。
(4)预防心内膜炎时，拔牙或上呼吸道手术前1小时口服2g",3
青霉素类,青霉素类,,,,1
青霉素胺,青霉素胺,,,,1
青霉素衍生物,青霉素衍生物,,,,3
青霉胺,化学名称：D-3-巯基缬氨酸化学结构式：分子式：C5H11NO2S分子量：149.21|青霉胺|青霉胺片,,,成人常规剂量：口服给药，一般一日1g(8片)，分4次口服。　　1、肝豆状核变性...,25
非尔氨酯,非尔氨酯,,,,2
非布司他,本品主要成分为非布司他。|非布司他|非布司他片,本品主要成分为非布司他。,,1、非布司他片的口服推荐剂量为40mg或80mg，每日一次。2、推荐非布司他片的起始剂量为40mg，每日一次。如果2周后，血尿酸水平仍不低于6mg/dl（约360μmol/L），建议剂量增至80mg，每日一次。3、给药时，无需考虑食物和抗酸剂的影响。4、特殊人群：（1）肝功能不全者：轻、中度肝功能不全（Child-PughA、B级）的患者无需调整剂量。尚未进行重度肝功能不全者（Child-Pugh || 本品不同剂型、不同规格的用法用量可能存在差异，请阅读具体药物说明书使用，或遵医嘱。非布司他片：1、非布司他片的口服推荐剂量为40mg或80mg，每日一次。2、推荐非布司他片的起始剂量为40mg，每日一次。如果2周后，血尿酸水平仍不低于6mg/dl（约360μmol/L），建议剂量增至80mg，每日一次。3、给药时，无需考虑食物和抗酸剂的影响。4、特殊人群：（1）肝功能不全者：轻、中度肝功能不全（C,6
非普拉宗,非普拉宗|非普拉宗片,非普拉宗,,口服。一次0.2g(2片)，一日2次，维持量每日0.1～0.2g(1～2片)。,3
非洛地平,本品成份为非洛地平。|本品活性成份为非洛地平。化学名称:2，6-二甲基-4-2，3-二氯苯基-1，4-二氢-2，5-吡啶二甲酸甲乙酯。|非洛地平|非洛地平片|非洛地平缓释片,,国药准字H20030414|国药准字H20056858,1.口服。起始剂量2.5mg（半片），一日2次，或遵医嘱。 2.常用维持剂量每日为5mg或10mg（1片或2片），必要时剂量可进一步增加，或加用其它降压药。 || 口服，最初剂量一次5mg，一日l次，可根据患者反应将剂量减少至每日2.5mg或增加至每日l0mg。剂量调整间隔一般不少于2周。建议剂量范围为每日2.5-10mg。,6
非洛地平缓释,本品为活性成分为非洛地平。|非洛地平缓释|非洛地平缓释胶囊,本品为活性成分为非洛地平。,,一日一次给药，宜在早晨空腹或在不富含脂肪和糖的餐后用水整粒吞服。作用持续24小时。给药剂量应个体化。起始剂量为5毫克（2粒）一日一次，常用剂量为5毫克（2粒）一日一次。必要时剂量可进一步增加，或加用其他降压药。剂量调整间隔一般不少于2周。对某些患者，如老年患者和肝功能损害的患者，2.5毫克（1粒）一日一次可能已经足够。通常不需要10毫克一日一次以上的剂量。肾功能损害不影响非洛地平的血药溶度，不要调,3
非洛地平缓释片Ⅱ,本品主要成份为非洛地平。|非洛地平缓释片Ⅱ,,,一日一次给药，宜在早晨空腹或在不富含脂肪和糖的餐后用水吞服，不能压碎或嚼碎。作用...,3
非甾体抗炎药,非甾体抗炎药|非甾体抗炎镇痛药,,,,7
非甾体类抗炎药,非甾体类抗炎药,,,,7
非甾体类抗炎药物,非甾体类抗炎药物,,,,1
非甾体类消炎镇痛药,非甾体类消炎镇痛药,,,,8
非诺贝特,本品主要成分为非诺贝特。|本品的主要成分为：非诺贝特。化学名称：2-甲基-2-4-4-氯苯甲酰基苯氧基丙酸异丙酯分子式：C20H21CLO4分子量：360.84|非诺贝特|非诺贝特片,本品主要成分为非诺贝特。,,成人常用量口服，一次0.1g，每日3次，维持量每次0.1g，每日1－2次。为减少胃部不适，可与饮食同服；肾功不全及老年患者用药应减量；治疗2个月后无效应停药。 || 本品不同剂型、不同规格的用法用量可能存在差异，请阅读具体药物说明书使用，或遵医嘱。非诺贝特片：1、成人常用量：口服，一次0.1g，每日3次，维持量每次0.1g，每日1-2次。为减少胃部不适，可与饮食同服。2、肾功不全及老年患者用药应减量。3、治疗2个月后无效应停药。非诺贝特片（Ⅲ）/非诺贝特胶囊/非诺贝特软胶囊：配合饮食控制，该药可长期服用，并应定期监测疗效。200mg规格的本品每日仅需服用一粒，,12
非诺贝特缓释,本品主要成分是非诺贝特，其化学名为2-甲基-2-〔4-4-氯苯甲酰基苯氧基〕丙酸异丙酯。|非诺贝特缓释|非诺贝特缓释胶囊,,,配合饮食控制，该药可长期服用，并应定期检测疗效。口服一次0.25g，一日一次，与餐同服。当胆固醇正常时，建议减少剂量。,3
非诺贝特软,本品活性成份为非诺贝特。|非诺贝特软|非诺贝特软胶囊,,,配合饮食控制，该药可长期服用，并应定期监测疗效。口服，一次0.2g，一日1次，与餐同服。当胆固醇水平正常时，建议减少剂量。,2
非选择性单胺氧化酶抑制剂,非选择性单胺氧化酶抑制剂,,,,2
非那西丁,非那西丁,,,,2
非那西汀,非那西汀,,,,1
非那雄胺,本品主要成份为非那雄胺。|非那雄胺|非那雄胺片,,注册证号BX20000044,口服。推荐剂量：一次5mg（1片），一日1次，空腹服用或与食物同时服用均可。,3
鞣酸,鞣酸,,,,19
鞣酸苦参碱,本品每粒含鞣酸苦参碱约0.3克以苦参总碱计44毫克。辅料为：淀粉、硬脂酸镁。|鞣酸苦参碱|鞣酸苦参碱胶囊,,,"口服,1～7岁儿童,一次1粒；7～12岁儿童,一次2粒；12岁以上儿童及成人,一...",3
鞣酸蛋白,本品每袋含主要成份鞣酸蛋白0.9克。|鞣酸蛋白|鞣酸蛋白散,,国药准字H20060003,口服。成人一次1-2袋，一日3次，空腹服。,3
鞣酸蛋白酵母,本品为复方制剂，每袋含鞣酸蛋白0.1克，干酵母0.1克。辅料为葡萄糖、二氧化硅、滑石粉。|鞣酸蛋白酵母|鞣酸蛋白酵母散,,国药准字H61022591,口服，1岁以内:一次1包；1-3岁:一次2包；4-6岁:一次3包，7岁以上: 一次3-4包，一日3次。,3
顺铂,顺铂,,,,15
颠茄,颠茄|颠茄浸膏。|颠茄片,颠茄浸膏。,国药准字Z11020259,口服。常用量，一次10～30mg，一日30～90mg；极量，一次50mg，一日150mg。,34
颠茄磺苄啶,本品为复方制剂，含活性成份磺胺甲噁唑0.1g、甲氧苄啶20mg、颠茄流浸膏2mg。|颠茄磺苄啶|颠茄磺苄啶片,,,口服。2～5岁:一次1～2片；5～12岁:一次2～4片；一日2次。一个疗程为1～5天，继续服用需遵医嘱。,3
颠茄酊,本品为颠茄草经加工制成的酊剂。|颠茄酊,本品为颠茄草经加工制成的酊剂。,国药准字Z35020334,口服，常用量，一次0.3～1ml，一日1～3ml;极量，一次1.5ml，一日4.5ml。,3
风湿福音,本品主要成分麻黄﹑自然铜﹑地枫皮﹑桂枝﹑乳香﹑千年健﹑羌活﹑没药防风﹑独活﹑杜仲炭﹑木瓜﹑牛膝﹑榛蘑﹑制﹑马钱子﹑乌梢蛇﹑甘草﹑蜈蚣﹑狗骨胶。|风湿福音|风湿福音丸,,国药准字Z20063507,口服，一次1丸，一日2～3次。,2
风疹疫苗,风疹疫苗,,,,2
食母生,含有B族维生素，每克含维生素B10.1～0.2mg，维生素B20.04～0.06mg，烟酸0.03～0.06mg，此外，尚含有维生素B6、B12、叶酸、肌醇以及某些酶，如转化酶，麦糖酶等。|食母生|食母生片,,,咀嚼口服，一次0.5～4g，一日1.5～12g。,3
香豆素,香豆素,,,,6
香豆素及其衍生物,香豆素及其衍生物,,,,1
香豆素口服抗凝药,香豆素口服抗凝药,,,,1
香豆素类口服抗凝剂,香豆素类口服抗凝剂,,,,1
香豆素类口服抗凝药,香豆素类口服抗凝药,,,,1
香豆素类口服抗凝血药,香豆素类口服抗凝血药,,,,3
香豆素类抗凝剂,香豆素类抗凝剂,,,,3
香豆素类抗凝药,香豆素抗凝药|香豆素类抗凝药,,,,5
香豆素类抗凝血药,香豆素类抗凝血药,,,,2
香豆素衍生物,香豆素衍生物,,,,5
马普替林,马普替林,,,,1
马来酸依那普利,本品主要成份为马来酸依那普利。|本品成份马来酸依那普利。|马来酸依那普利|马来酸依那普利分散片|马来酸依那普利片,,国药准字H20051002|国药准字H44024933,1.对于盐?水流失(如透析?呕吐/腹泻?利尿治疗)，严重肾性高血压的患者使用依那普利进行治疗时，治疗开始会引起明显的血压下降。如可能，应用依那普利前应先纠正盐和/或液体流失。必要时减少或停止使用利尿剂。这些患者开始时在早晨用最低剂量的依那普利2.5mg。 2.在初次用药?增加剂量和/或使用利尿剂时，为避免发生不可预见的低血压反应，应观察至少8小时。 3.对于患有恶性高血压的患者，使用依那普利治疗必 || 口服。开始剂量为一日5-10mg (半片-1片) ，分1-2次服，肾功能严重受损病人 (肌酐清除率低于30ml/min) 为一日2.5mg (1/4片) 。 根据血压水平，可逐渐增加剂量，一般有效剂量为一日10-20mg (1-2片) ，一日最大剂量一般不宜超过40mg( 4片) 。 本品可与其他降压药特别是利尿剂合用，降压作用明显增强，但不宜与潴钾利尿剂合用。,6
马来酸依那普利叶酸,本品为复方制剂，其组份为马来酸依那普利和叶酸的不同剂量组合。|马来酸依那普利叶酸|马来酸依那普利叶酸片,本品为复方制剂，其组份为马来酸依那普利和叶酸的不同剂量组合。,,根据血压控制情况选择不同规格的马来酸依那普利叶酸片。通常推荐起始剂量为每日5mg/0.4mg，根据患者的反应调整给药剂量，或遵医嘱。肝肾功能异常患者和老年患者酌情减量或遵医嘱。,1
马来酸右旋噻吗洛尔,主要成份：马来酸右旋噻吗洛尔。|马来酸右旋噻吗洛尔|马来酸右旋噻吗洛尔滴眼液,,国药准字H20010600,1.滴眼，一次1滴，一日1～2次。如眼压已控制，可改为一日1次。|2.如原用其他药物，在改用本品治疗时，原药物不宜突然停用，应自滴用本品的第二天逐渐停用。,3
马来酸咪达唑仑,本品主要成份马来酸咪达唑仑。|马来酸咪达唑仑|马来酸咪达唑仑片,,H20140591,口服、一般推荐每日一次，每次7.5毫克。剂量范围7.5～15毫克。成人剂量范围、每晚睡前7.5～15毫克。应从低剂量开始，治疗期限以数天至2周为宜。老年及虚弱病人、推荐剂量为7.5毫克，每日一次。手术及器械性诊断性检查前用药，应在操作前30～60分钟用药。,3
马来酸噻吗洛尔,本品主要成份马来酸噻吗洛尔C。|马来酸噻吗洛尔|马来酸噻吗洛尔滴眼液,,国药准字H20023109,1.滴眼，一次1滴，一日1～2次，如眼压已控制，可改为一日1次。 2.如原用其他药物，在改用本品治疗时，原药物不易突然停用，应自滴用本品的第二天起逐渐停用。,3
马来酸多潘立酮,本品每片含主要成份马来酸多潘立酮12.72mg相当于多潘立酮10mg。辅料为：微晶纤维素、淀粉、羧甲基淀粉钠、聚维酮、二氧化硅、硬脂酸镁、欧巴代。|马来酸多潘立酮|马来酸多潘立酮片,,,口服，成人一次1片，一日3次，饭前15-30分钟服用。,3
马来酸左旋氨氯地平,本品活性成份为：马来酸左旋氨氯地平|马来酸左旋氨氯地平|马来酸左旋氨氯地平分散片,,,"口服。1.治疗高血压的初始剂量为2.5mg,每日一次，最大剂量为5mg,每日一次；其他详见说明书。2.治疗心绞痛的初始剂量为2.5~5mg，每日一次。其他详见说明书。",3
马来酸左氨氯地平,本品主要成份为：马来酸左氨氯地平片|本品活性成份为:左旋氨氯地平。|马来酸左氨氯地平|马来酸左氨氯地平分散片|马来酸左氨氯地平片,,,"1.治疗高血压的初始剂量为2.5mg,每日一次，最大剂量为5mg,每日一次，虚弱或老年患者、伴有肝功能不全患者初始剂量为1.25mg，每日一次；此剂量也可为原使用其他抗高血压药物治疗需加本品治疗的剂量。剂量调整应根据患者个体反应进行。一般的剂量调整应在7~14天后开始进行。如临床需要，在对患者进行严密观测后，可更快地开始剂量为5mg/日。2.治疗心绞痛的初始剂量为2.5～5mg(1-2片)，每日一 || 1.治疗高血压的初始剂量为2.5mg，每日一次;最大剂量为5mg，每日一次。虚弱或老年患者、伴有肝功能不全患者初始剂量为1.25mg，每日一次;此剂量也可为原使用其它抗高血压药物治疗需加用本品治疗的剂量。剂量调整应根据患者个体反应进行。一般的剂量调整应在7～14天后开始进行。如临床需要，在对患者进行严密观测后，可更快地开始剂量调整。2.治疗心绞痛的初始剂量为2.5～5mg，每日一次，老年及肝功能不",6
马来酸曲美布汀,本品活性成份为马来酸曲美布汀。|马来酸曲美布汀|马来酸曲美布汀分散片,,,"成人口服,每次1～2片(0.1～0.2g)，每日3次。根据年龄、症状适当增减剂量...",3
马来酸氟伏沙明,马来酸氟伏沙明|马来酸氟伏沙明。|马来酸氟伏沙明片,马来酸氟伏沙明。,,口服抑郁症推荐起始剂量为每日1片或2片（以马来酸氟伏沙明及50mg或100m...,3
马来酸氟吡汀,本品的主要成份为马来酸氟吡汀。化学名称：2－氨基－3－乙酸氨基－6－p－氟苯氨基－吡啶，乙基－2－氨基－6－p-氟苯基氨基－3－吡啶－氨基甲酸马来酸盐结构式为：分子式：C19H21O6N4F分子量：420.41|马来酸氟吡汀|马来酸氟吡汀胶囊,,,根据患者自身的疼痛状况以及对药物的敏感程度来决定服用马来酸氟吡汀的剂量：每次1粒，每天服用3-4次，每次应间隔时间应相同。服用时应用水将马来酸氟吡汀胶囊整个吞服，切记不能嚼碎。如果疼痛加剧，可以按照每天3次，每次2粒的给药方案服用马来酸氟吡汀。每天服用马来酸氟吡汀的最高剂量不能超过600mg(相当于6粒马来酸氟吡汀胶囊)。医生另有处方说明例外对于年龄超过65岁、初次使用马来酸氟吡汀的老年患者，给药,3
马来酸氨氯地平,本品主要成分马来酸氨氯地平。|本品的主要成份为马来酸氨氯地平。|马来酸氨氯地平|马来酸氨氯地平分散片|马来酸氨氯地平片,本品主要成分马来酸氨氯地平。,国药准字H20030006,1.治疗高血压的初始剂量为 5mg 每日―次最大剂量为 10mg 每日―次虚弱或老年患者伴有肝功能不全患者初始剂量为 2.5mg 每日一次;此剂量也可为原使用其它抗高血压药物治疗需加用本品治疗剂量剂量调整应根据患者个体反应进行―般的剂量调整应在 7 ～ 14 天后开始进行如临床需要在对患者进行严密观测后可更快地开始剂量调整。 　　 2.治疗心绞痛的初始剂量为 5 一 l0mg 每日―次老年及肝功能 || 1.治疗高血压：初始剂量为1片(5mg)，每日一次，最大剂量为2片(10mg)，每日一次。虚弱或老年患者、伴有肝功能不全患者初始剂量为半片(2.5mg)，每日一次，此剂量也可为原使用其它抗高血压药物治疗需加用本品治疗的剂量。应根据患者个体反应调整剂量：一般的剂量调整应在7~14天后开始进行。如临床需要，在对患者进行严密监测的情况下，可于较短时间内开始剂量调整。2.治疗心绞痛：初始剂量为1~2片(5,5
马来酸氯苯那敏,扑尔敏|本品每片含马来酸氯苯那敏4毫克，辅料为：乳糖、蔗糖、淀粉、硬脂酸镁。|马来酸氯苯那敏|马来酸氯苯那敏片,,,口服。成人每次1片，一日1-3次；儿童剂量请向医师或药师咨询。,5
马来酸茚达特罗吸入粉雾剂,活性成份为马来酸茚达特罗。|马来酸茚达特罗吸入粉雾剂,,,用量：推荐剂量：推荐剂量为每次使用比斯海乐药粉吸入器吸入一粒150μg胶囊的内容...,3
骨化三醇,本品主要成分为骨化三醇。|骨化三醇,本品主要成分为骨化三醇。,,本品不同剂型、不同规格的用法用量可能存在差异，请阅读具体药物说明书使用，或遵医嘱。骨化三醇注射液：1、每个病人的最佳剂量必须仔细地确定。2、欲使骨化三醇充分发挥疗效的先决条件是基于每个病人每日摄入足够适量的钙剂。成人钙的RDA（推荐每日摄入量）为1g。3、为保证每个病人每日摄入足够的钙，医生可开处方供给钙剂或指导病人掌握规范的饮食标准。然而，因胃肠道钙吸收提高，一些病人可能会持续低钙摄取或根本不补,3
骨化三醇胶,骨化三醇|骨化三醇胶|骨化三醇胶丸,骨化三醇,,应根据每个病人血钙水平小心制定本品的每日最佳剂量。开始以本品治疗时，应尽可能使用...,3
骨化三醇软,骨化三醇。|骨化三醇软|骨化三醇软胶囊,骨化三醇。,,用法：口服。应根据每个病人血钙水平小心制定本品的每日最佳剂量。开始以本品治疗时，...,3
骨髓抑制药,骨髓抑制药,,,,5
骨髓抑制药物,其他对骨髓有抑制的药物|骨髓抑制药物,,,,1
髓袢利尿剂,髓袢利尿剂,,,,1
高三尖杉酯碱氯化钠,本品主要成份的化学名称：高三尖杉酯碱。|高三尖杉酯碱氯化钠|高三尖杉酯碱氯化钠注射液,,国药准字H20040224,1.成人常用量 静脉滴注?每日1～4mg?缓慢滴入3小时以上?如血红细胞无急骤下降?可连续滴注40～60日?或每日1-4mg静脉滴入?以4～6日为一疗程?间歇1～2周再重复用药。|2.小儿常用量 静脉滴注?每日按体重0.08～ｏ.1mg/kg?以40～60日为一疗程;或间歇给药?每日按体重0.1～0.15mg/kg?以5～10日为一疗程?停药1～2周再重复用药。,3
高碘药物,高碘药物,,,,1
高锰酸盐,高锰酸盐,,,,1
高锰酸钾,本品主要成分为高锰酸钾。|高锰酸钾,本品主要成分为高锰酸钾。,,本品不同剂型、不同规格的用法用量可能存在差异，请阅读具体药物说明书使用，或遵医嘱。高锰酸钾外用片：1、用于急性皮炎和急性湿疹时，临用前配制成1：4000溶液（取1片加水400ml），用消毒药棉或纱布润湿后敷于患处，渗出液多时，可直接将患处浸入溶液中药浴。2、用于清洗小面积溃疡时，临用前配制成1：1000溶液（取1片加水100ml），用消毒药棉或棉签蘸取后清洗。,10
高锰酸钾外用,本品的主要成份为：高锰酸钾。|高锰酸钾外用|高锰酸钾外用片,,,临用前配制成1：5000（取1片加水500毫升）用于湿敷、清洗或坐浴。,3
鬼臼乙叉甙,鬼臼乙叉甙|鬼臼乙叉甙注射液,,,,1
鬼臼乙叉苷,鬼臼乙叉苷,,,,1
鱼肝油乳,本品为复方制剂，每克含鱼肝油200毫克。辅料为：甘油、口服葡萄糖、羧甲基纤维素钠、枸橼酸、苯甲酸、桔子油香精、吐温-80、纯化水。|鱼肝油乳,,,口服。预防：成人一日15毫升，分1-2次以温开水调服；治疗，成人一日35-65毫升，分1-3次以温开水调服，服用1-2周后剂量可减至一日15毫升，分1-2次服用。,2
鲑降钙素,本品主要成份为鲑降钙素，辅料为冰醋酸、醋酸钠、氯化钠、注射用水。|鲑降钙素|鲑降钙素注射液,,国药准字H10970360,皮下或肌内注射，需在医生指导下用药。骨质疏松症：每日一次，根据疾病的严重程度，每次50-100IU或隔日100IU，为防止骨质进行性丢失，应根据个体需要，适量摄入钙和维生素D。高钙血症：每日每千克体重5--10IU，一次或分两次皮下或肌内注射，治疗应根据病人的临床和生物化学反应进行调整，如果注射的剂量超过2ml，应采取多个部位注射。变形性骨炎：每日或隔日100IU。,3
鲑鱼降钙素喷鼻剂,本品主要成分为鲑鱼降钙素。|鲑鱼降钙素喷鼻剂,本品主要成分为鲑鱼降钙素。,国药准字H20052507,1. 骨质疏松症:根据病人的治疗情况，每日或隔日100-200IU(2-4喷)单次或分次给药。2. 伴有骨质溶解和/或骨质减少的骨痛:根据个体需要做剂量调整，每日200-400IU(4-8喷)。单次给药最高剂量为200IU(4喷)。需大剂量用药时，应分次给药。可能需要治疗数天时间，才能完全发挥药物的止痛作用。为了能长期治疗，通常可减少初始的日剂量或延长给药的时间间隔。4. Paget’S病(变形性,3
鳖甲,鳖甲,,,,1
鹅去氧胆酸,鹅去氧胆酸,,,,1
麝香痔疮栓,人工麝香、珍珠、冰片、炉甘石粉、三七、五倍子、人工牛黄、颠茄流浸膏。辅料为：混合脂肪酸甘油酯硬脂、二甲基亚砜。|麝香痔疮栓,,,早晚或大便后塞于肛门内，一次1粒，一日2次，或遵医嘱。,3
麦冬,本品含甾体皂苷，各种类型的多聚糖、高异黄酮类化合物，以及单萜糖苷色原酮等多种类型的化合物。其中甾体皂苷有麦门冬皂苷A、B、C、D，β-谷甾醇，豆甾醇，菜油甾醇及葡萄糖苷等；糖类中葡萄糖含量为9.1%，D-半乳糖6.7%，蔗糖48%，其他寡糖56.7%；高异黄酮类有甲基沿阶草酮甲、乙，甲基麦门冬酮甲、乙，麦门冬酮甲、乙，异麦门冬酮甲等。|麦冬,,,内服：煎汤，6-15g；或入丸、散、膏。外用：适量，研末调敷；煎汤涂；或鲜品捣汁搽。,3
麦考酚酸莫酯,麦考酚酸莫酯,,,,1
麦芽,麦芽,,,,1
麦角生物碱,麦角生物碱,,,,4
麦角类生物碱,麦角类生物碱,,,,1
麦角类衍生物,麦角类衍生物,,,,1
麦角胺,麦角胺|麦角胺或二氢麦角胺,,,,20
麦角胺类药物,麦角胺类药物,,,,1
麦角酸二乙胺,麦角酸二乙胺,,,,3
麦迪霉素,麦迪霉素|麦迪霉素片,麦迪霉素,,口服。成人一日0.8～1.2g，小儿按体重一日30～40mgkg。分3～4次服用...,3
麻疹疫苗,麻疹疫苗,,,,2
麻醉品,麻醉品,,,,3
麻醉药,麻醉药,,,,6
麻黄,麻黄,,,,1
麻黄碱,麻黄碱,,,,8
麻黄素,麻黄素,,,,5
黄体酮,本品主要成份为黄体酮。|本品主要成分为黄体酮。|黄体酮|黄体酮胶囊,本品主要成分为黄体酮。,,与雌激素（如结合雌激素、倍美力）联合使用：倍美力片，口服，1.25mg，每日一次... || 黄体酮胶丸：与雌激素（如结合雌激素、倍美力）联合使用：口服，1.25mg，每日一次，共22天；服用倍美力片第13天起服用本品，口服，200mg（2粒），每日2次，共10天。用于先兆流产和习惯性流产、经前期紧张综合症、无排卵型功血和无排卵型闭经，常规剂量为每日200mg、300mg（2粒-3粒），1次或2次服用。每次剂量不得超过200mg（2粒），服药时间最好远隔进餐时间。黄体酮胶囊：1、与雌激素（,6
黄体酮软,本品主要成份为黄体酮。|黄体酮软|黄体酮软胶囊,,,与雌激素(如结合雌激素、倍美力)联合使用:倍美力片:口服，1.25mg，每日1次，共22天；服用倍美力片第13天起服用本品，口服，200mg(2粒)，每日2次，共10天。用于先兆流产和习惯性流产、经前期紧张综合症、无排卵型功血和无排卵型闭经，常规剂量为每日200mg～300mg(2粒～3粒)，1次或分2次服用。每次剂量不得超过200mg(2粒)，服药时间最好远隔进餐时间。,2
黄嘌呤,黄嘌呤,,,,1
黄热病疫苗,黄热病疫苗,,,,1
黄芩,黄芩,,,,1
黄芪,1、本品含皂苷、黄酮等。皂苷主要为黄芪皂苷Ⅰ、Ⅱ；黄酮中主要为芒柄花黄素和毛蕊异黄酮等成分。尚含氨基酸、甜菜碱等。2、2015年版《中国药典》规定：含黄芪甲苷C41H68O14不得少于0.040%，毛蕊异黄酮葡萄糖苷C22H22O10不得少于0.020%。|黄芪,,,1、煎汤，10-30g，大剂量可用至30-60g。或入丸、散，膏剂。2、补气升阳宜蜜炙用；其他宜生用。,5
黄芪生脉饮,黄芪、党参、麦冬、五味子。|黄芪生脉饮,黄芪、党参、麦冬、五味子。,,一次1支，一天2次。,2
黄藤素软,黄藤素。|黄藤素软|黄藤素软胶囊,黄藤素。,,口服，一次0.3g(1粒)，一日3次。,3
黄连,黄连,,,,1
黄连素,本品主要成份为盐酸小檗碱。|黄连素|黄连素片,,,1、口服，成人：一次1-3片，一日3次。2、儿童用量如下：（1）年龄为1-3岁，体重为10-15公斤，一次用量为0.5-1片。（2）年龄为4-6岁，体重为16-21公斤，一次用量为1-1.5片。（3）年龄为7-9岁，体重为22-27公斤，一次用量为1.5-2片。（4）年龄为10-12岁，体重为28-32公斤，一次用量为2-2.5片（5）儿童服药均为一日3次。,3
黄青霉素,本品主要成分为阿奇霉素。|黄青霉素,本品主要成分为阿奇霉素。,,本品不同剂型、不同规格的用法用量可能存在差异，请阅读具体药物说明书使用，或遵医嘱。阿奇霉素干混悬剂：1、对沙眼衣原体、杜克嗜血杆菌或敏感淋球菌所致的性传播疾病，仅需单次口服本品1000mg。2、对其他感染的治疗：总剂量1500mg，每日一次服用本品500mg共三天。或总剂量相同，仍为1500mg，首日服用500mg，第二至第五日每日一次口服本品250mg。3、肾功能不全患者：轻、中度肾功能不全者（,2
黛力新,本品为复方制剂，其主要成分为：盐酸氟哌噻吨和盐酸美利曲辛。|黛力新,本品为复方制剂，其主要成分为：盐酸氟哌噻吨和盐酸美利曲辛。,,本品不同剂型、不同规格的用法用量可能存在差异，请阅读具体药物说明书使用，或遵医嘱。氟哌噻吨美利曲辛胶囊：1、成人：通常每天2粒，早晨及中午各1粒；严重病例早晨的剂量可加至2粒。每天最大用量为4粒。2、老年病人：早晨服1粒即可。3、维持量：通常每天1粒，早晨口服。4、对失眠或严重不安的病例，建议减少服药量或在急性期加服轻度镇静剂。氟哌噻吨美利曲辛片：1、成人：通常每天2片；早晨及中午各1片；严重病例,3
鼻宁,"鹅不食草,一枝黄花,山梨酸,氯化钠,聚山梨酯.|鼻宁|鼻宁喷雾剂","鹅不食草,一枝黄花,山梨酸,氯化钠,聚山梨酯.",国药准字Z20025757,喷鼻，一次喷2下，一日2～3次。,3
鼻康,鹅不食草、鱼腥草、大蓟根、漆姑草、绣线菊、路路通、羊耳菊等。|鼻康|鼻康片,鹅不食草、鱼腥草、大蓟根、漆姑草、绣线菊、路路通、羊耳菊等。,国药准字Z20027541,口服，一次4～5片，一日3次；饭后服。,3
鼻炎滴剂,盐酸麻黄碱、黄芩甙、金银花提取液、辛夷油、冰片。|鼻炎滴剂,盐酸麻黄碱、黄芩甙、金银花提取液、辛夷油、冰片。,国药准字Z44021248,喷入鼻腔内，一次1-2揿，一日2-4次。,3
鼻炎通,盐酸麻黄碱、黄芩甙、金银花提取液、辛夷油、冰片。|鼻炎通|鼻炎通喷雾剂,盐酸麻黄碱、黄芩甙、金银花提取液、辛夷油、冰片。,国药准字Z44021248,喷入鼻腔内，一次1-2揿，一日2-4次。,3
齐多夫定,齐多夫定|齐多夫定。|齐多夫定片|齐多夫定胶囊,齐多夫定。,H20020198|国药准字H20052420,1.成人用药剂量口服，本品与其他抗-逆转录病毒药物合用的推荐剂量为每日500或600mg，分2-3次给药。另外，一些研究结果表明，每日1000mg，分次给药的方案是有效的。每日低于1000mg剂量的齐多夫定对HIV感染引起的神经系统功能障碍是否有治疗及预防作用目前尚不清楚。 2.用于预防母-婴传播的剂量下列齐多夫定的剂量已证实有效：口服，本品用于妊娠妇女（孕周>14周）的推荐剂量是每日500mg（ || 1.成人：如与其它抗逆转录酶病毒药联合使用本品推荐剂量为每日600mg，分次服用;若单独应用本品则推荐500mg/天或600mg/天，分次服用(在清醒时每4小时服100mg)。 |2.儿童：推荐3个月至12岁儿童给药剂量为每6小时180mg/m2，不应超过每6小时200mg/ m2。 |3.新生儿给药：出生12小时后开始给药至6周龄，口服2mg/kg/6小时。 |4.对病人监测：血液毒性与给药前的,45
齐留通,齐留通,,,,1
龙骨,本品主要含碳酸钙、磷酸钙。尚含铁、钾、钠、氯、铜、锰、硫酸根等。|龙骨,本品主要含碳酸钙、磷酸钙。尚含铁、钾、钠、氯、铜、锰、硫酸根等。,,1、煎服，15-30g；宜先煎。外用适量。2、生品以镇惊安神、平肝潜阳力胜，善治神志失常及肝阳上亢证，多用于失眠怔忡、惊痫癫狂、眩晕。煅品具有收敛固涩及生肌敛疮之效，善治滑脱不禁、湿疹、自汗盗汗、遗精带下、久泻及疮疡不愈等。,2
龟甲,龟甲,,,,2
